{
  "resource_pack_name": "pack.name",
  "texture_name": "atlas.items",
  "texture_data": {
    // Taurus
    "taurus": {
      "textures": "textures/firearm/pistol/taurus/taurus_item"
    },
    "taurus_mag": {
      "textures": "textures/firearm/pistol/taurus/taurus_mag"
    },

    // P90
    "p90": {
      "textures": "textures/firearm/smg/p90/p90_item"
    },
    "p90_mag": {
      "textures": "textures/firearm/smg/p90/p90_mag"
    },

    // MP5
    "mp5": {
      "textures": "textures/firearm/smg/mp5/mp5_item"
    },
    "mp5_mag": {
      "textures": "textures/firearm/smg/mp5/mp5_mag"
    },

    // AWP
    "awp": {
      "textures": "textures/firearm/sniper/awp/awp_item"
    },
    "awp_mag": {
      "textures": "textures/firearm/sniper/awp/awp_mag"
    },

    // Barrett
    "barrett": {
      "textures": "textures/firearm/sniper/barrett/barrett_item"
    },
    "barrett_mag": {
      "textures": "textures/firearm/sniper/barrett/barrett_mag"
    },

    // M3 
    "m3": {
      "textures": "textures/firearm/shotgun/m3/m3_item"
    },
    "m3_ammo": {
      "textures": "textures/firearm/shotgun/m3/m3_ammo"
    },

    // chaingrenade
    "chaingrenade": {
      "textures": "textures/firearm/throwable/chaingrenade_item"
    },

    // AKM
    "akm": {
      "textures": "textures/firearm/ar/akm/akm_item"
    },
    "akm_mag": {
      "textures": "textures/firearm/ar/akm/akm_mag"
    },

    // M249
    "m249": {
      "textures": "textures/firearm/lmg/m249/m249_item"
    },
    "m249_mag": {
      "textures": "textures/firearm/lmg/m249/m249_mag"
    },

    // mk18
    "mk18": {
      "textures": "textures/firearm/ar/mk18/mk18_item"
    },
    "mk18_mag": {
      "textures": "textures/firearm/ar/mk18/mk18_mag"
    },

    // RPG
    "rpg": {
      "textures": "textures/firearm/ar/mk18/mk18_item"
    },
    "rpg_empty": {
      "textures": "textures/firearm/ar/mk18/mk18_item"
    },
    "rpg_rocket": {
      "textures": "textures/firearm/ar/mk18/mk18_item"
    },

    // Night vision
    "night_vision": {
      "textures": "textures/night_vision_item"
    }
  }
}