{
	"format_version": "1.10.0",
	"animation_controllers": {
		"controller.animation.nightvision.first_person": {
			"initial_state": "default",
			"states": {
				"default": {
					"transitions": [
						{
							"first_person": "v.is_holding_nightvision && v.is_first_person"
						}
					]
				},
				"first_person": {
					"animations": [
						{
							"nightvision.first_person": "v.is_first_person && v.is_holding_nightvision"
						}
					],
					"transitions": [
						{
							"nightvision.first_person": "v.is_first_person && v.is_holding_nightvision"
						}
					]
				}
			}
		},
		"controller.animation.nightvision.third_person": {
			"initial_state": "default",
			"states": {
				"default": {
					"transitions": [
						{
							"third_person": "v.is_holding_nightvision && v.is_third_person"
						}
					]
				},
				"third_person": {
					"animations": [
						{
							"nightvision.third_person": "v.is_third_person && v.is_holding_nightvision"
						}
					],
					"transitions": [
						{
							"nightvision.third_person": "v.is_third_person && v.is_holding_nightvision"
						}
					]
				}
			}
		}
	}
}