{
	"format_version": "1.10.0",
	"render_controllers": {
		"controller.render.firearm_item": {
			"geometry": "Array.item_geo[q.skin_id]",
			"materials": [{"*":"material.default"}],
			"textures": ["Array.item_texture[q.skin_id]"],
			"arrays": {
				"geometries": {
					"Array.item_geo": [
						"geometry.blank",
						"geometry.taurus", "geometry.taurus_mag",
						"geometry.p90", "geometry.p90_mag",
						"geometry.awp", "geometry.awp_mag",
						"geometry.barrett", "geometry.barrett_mag",
						"geometry.m3", "geometry.m3_ammo",
						"geometry.chaingrenade",
						"geometry.akm", "geometry.akm_mag",
						"geometry.m249", "geometry.m249_mag",
						"geometry.mk18", "geometry.mk18_mag",
						"geometry.mp5", "geometry.mp5_mag",
						"geometry.nightvision"
					]
				},
				"textures": {
					"Array.item_texture": [
						"texture.blank",
						"texture.taurus", "texture.taurus_mag",
						"texture.p90", "texture.p90_mag",
						"texture.awp", "texture.awp_mag",
						"texture.barrett", "texture.barrett_mag",
						"texture.m3", "texture.m3_ammo",
						"texture.chaingrenade",
						"texture.akm", "texture.akm_mag",
						"texture.m249", "texture.m249_mag",
						"texture.mk18", "texture.mk18_mag",
						"texture.mp5", "texture.mp5_mag",
						"texture.nightvision"
					]
				}
			} 
		}
	}
}