{
  "format_version": "1.10.0",
  "render_controllers": {
    "controller.render.bullet": {
      "geometry": "geometry.default",
      "materials": [
        { "*": "material.default" }
      ],
      "textures": [ "texture.default" ]
    },
    // AWP
    "controller.render.player.first_person.awp": {
      "geometry": "geometry.awp",
      "materials": [
        { "*": "material.default" },
        { "eye_sight": "material.transparent" }
      ],
      "textures": [ "texture.awp" ],
      "is_hurt_color": { "r": 0.0, "g": 0.0, "b": 0.0, "a": 0.0 }
    },
    "controller.render.player.third_person.awp": {
      "geometry": "geometry.awp",
      "materials": [
        { "*": "material.default" }
      ],
      "textures": [ "texture.awp" ],
      "is_hurt_color": { "r": 0.0, "g": 0.0, "b": 0.0, "a": 0.0 }
    },
    "controller.render.player.first_person.awp_mag": {
      "geometry": "geometry.awp_mag",
      "materials": [
        { "*": "material.default" }
      ],
      "textures": [ "texture.awp" ],
      "is_hurt_color": { "r": 0.0, "g": 0.0, "b": 0.0, "a": 0.0 }
    },
    "controller.render.player.third_person.awp_mag": {
      "geometry": "geometry.awp_mag",
      "materials": [
        { "*": "material.default" }
      ],
      "textures": [ "texture.awp" ],
      "is_hurt_color": { "r": 0.0, "g": 0.0, "b": 0.0, "a": 0.0 }
    },

    // P90
    "controller.render.player.first_person.p90": {
      "geometry": "geometry.p90",
      "materials": [
        { "*": "material.default" }
      ],
      "textures": [ "texture.p90" ],
      "is_hurt_color": { "r": 0.0, "g": 0.0, "b": 0.0, "a": 0.0 } 
    },
    "controller.render.player.third_person.p90": {
      "geometry": "geometry.p90",
      "materials": [
        { "*": "material.default" }
      ],
      "textures": [ "texture.p90" ],
      "is_hurt_color": { "r": 0.0, "g": 0.0, "b": 0.0, "a": 0.0 }
    },
    "controller.render.player.first_person.p90_mag": {
      "geometry": "geometry.p90_mag",
      "materials": [
        { "*": "material.default" }
      ],
      "textures": [ "texture.p90" ],
      "is_hurt_color": { "r": 0.0, "g": 0.0, "b": 0.0, "a": 0.0 } 
    },
    "controller.render.player.third_person.p90_mag": {
      "geometry": "geometry.p90_mag",
      "materials": [
        { "*": "material.default" }
      ],
      "textures": [ "texture.p90" ],
      "is_hurt_color": { "r": 0.0, "g": 0.0, "b": 0.0, "a": 0.0 }
    },

    // Barrett
    "controller.render.player.first_person.barrett": {
      "geometry": "geometry.barrett",
      "materials": [
        { "*": "material.default" },
        { "eye_sight": "material.transparent" }
      ],
      "textures": [ "texture.barrett" ],
      "is_hurt_color": { "r": 0.0, "g": 0.0, "b": 0.0, "a": 0.0 } 
    },
    "controller.render.player.third_person.barrett": {
      "geometry": "geometry.barrett",
      "materials": [
        { "*": "material.default" }
      ],
      "textures": [ "texture.barrett" ],
      "is_hurt_color": { "r": 0.0, "g": 0.0, "b": 0.0, "a": 0.0 }
    },
    "controller.render.player.first_person.barrett_mag": {
      "geometry": "geometry.barrett_mag",
      "materials": [
        { "*": "material.default" }
      ],
      "textures": [ "texture.barrett" ],
      "is_hurt_color": { "r": 0.0, "g": 0.0, "b": 0.0, "a": 0.0 } 
    },
    "controller.render.player.third_person.barrett_mag": {
      "geometry": "geometry.barrett_mag",
      "materials": [
        { "*": "material.default" }
      ],
      "textures": [ "texture.barrett" ],
      "is_hurt_color": { "r": 0.0, "g": 0.0, "b": 0.0, "a": 0.0 }
    },

    // taurus
    "controller.render.player.first_person.taurus": {
      "geometry": "geometry.taurus",
      "materials": [
        { "*": "material.default" }
      ],
      "textures": [ "texture.taurus" ],
      "is_hurt_color": { "r": 0.0, "g": 0.0, "b": 0.0, "a": 0.0 } 
    },
    "controller.render.player.third_person.taurus": {
      "geometry": "geometry.taurus",
      "materials": [
        { "*": "material.default" }
      ],
      "textures": [ "texture.taurus" ],
      "is_hurt_color": { "r": 0.0, "g": 0.0, "b": 0.0, "a": 0.0 }
    },
    "controller.render.player.first_person.taurus_mag": {
      "geometry": "geometry.taurus_mag",
      "materials": [
        { "*": "material.default" }
      ],
      "textures": [ "texture.taurus_mag" ],
      "is_hurt_color": { "r": 0.0, "g": 0.0, "b": 0.0, "a": 0.0 } 
    },
    "controller.render.player.third_person.taurus_mag": {
      "geometry": "geometry.taurus_mag",
      "materials": [
        { "*": "material.default" }
      ],
      "textures": [ "texture.taurus_mag" ],
      "is_hurt_color": { "r": 0.0, "g": 0.0, "b": 0.0, "a": 0.0 }
    },

    // Grenade
    "controller.render.player.first_person.chaingrenade": {
      "geometry": "geometry.chaingrenade",
      "materials": [
        { "*": "material.default" }
      ],
      "textures": [ "texture.chaingrenade" ],
      "is_hurt_color": { "r": 0.0, "g": 0.0, "b": 0.0, "a": 0.0 } 
    },
    "controller.render.player.third_person.chaingrenade": {
      "geometry": "geometry.chaingrenade",
      "materials": [
        { "*": "material.default" }
      ],
      "textures": [ "texture.chaingrenade" ],
      "is_hurt_color": { "r": 0.0, "g": 0.0, "b": 0.0, "a": 0.0 }
    },

    // Night Vision
    "controller.render.player.first_person.nightvision": {
      "geometry": "geometry.nightvision",
      "materials": [
        { "*": "material.default" }
      ],
      "textures": [ "texture.nightvision" ],
      "is_hurt_color": { "r": 0.0, "g": 0.0, "b": 0.0, "a": 0.0 } 
    },
    "controller.render.player.third_person.nightvision": {
      "geometry": "geometry.nightvision",
      "materials": [
        { "*": "material.default" }
      ],
      "textures": [ "texture.nightvision" ],
      "is_hurt_color": { "r": 0.0, "g": 0.0, "b": 0.0, "a": 0.0 }
    },

    // m3
    "controller.render.player.first_person.m3": {
      "geometry": "geometry.m3",
      "materials": [
        { "*": "material.default" }
      ],
      "textures": [ "texture.m3" ],
      "is_hurt_color": { "r": 0.0, "g": 0.0, "b": 0.0, "a": 0.0 } 
    },
    "controller.render.player.third_person.m3": {
      "geometry": "geometry.m3",
      "materials": [
        { "*": "material.default" }
      ],
      "textures": [ "texture.m3" ],
      "is_hurt_color": { "r": 0.0, "g": 0.0, "b": 0.0, "a": 0.0 }
    },
    "controller.render.player.first_person.m3_ammo": {
      "geometry": "geometry.m3_shells",
      "materials": [
        { "*": "material.default" }
      ],
      "textures": [ "texture.m3_shells" ],
      "is_hurt_color": { "r": 0.0, "g": 0.0, "b": 0.0, "a": 0.0 } 
    },
    "controller.render.player.third_person.m3_ammo": {
      "geometry": "geometry.m3_shells",
      "materials": [
        { "*": "material.default" }
      ],
      "textures": [ "texture.m3_shells" ],
      "is_hurt_color": { "r": 0.0, "g": 0.0, "b": 0.0, "a": 0.0 }
    },
    // AKM
    "controller.render.player.first_person.akm": {
      "geometry": "geometry.akm",
      "materials": [
        { "*": "material.default" }
      ],
      "textures": [ "texture.akm" ],
      "is_hurt_color": { "r": 0.0, "g": 0.0, "b": 0.0, "a": 0.0 } 
    },
    "controller.render.player.third_person.akm": {
      "geometry": "geometry.akm",
      "materials": [
        { "*": "material.default" }
      ],
      "textures": [ "texture.akm" ],
      "is_hurt_color": { "r": 0.0, "g": 0.0, "b": 0.0, "a": 0.0 }
    },
    "controller.render.player.first_person.akm_mag": {
      "geometry": "geometry.akm_mag",
      "materials": [
       { "*": "material.default" }
      ],
      "textures": [ "texture.akm" ],
      "is_hurt_color": { "r": 0.0, "g": 0.0, "b": 0.0, "a": 0.0 } 
    },
    "controller.render.player.third_person.akm_mag": {
      "geometry": "geometry.akm_mag",
      "materials": [
        { "*": "material.default" }
      ],
      "textures": [ "texture.akm" ],
      "is_hurt_color": { "r": 0.0, "g": 0.0, "b": 0.0, "a": 0.0 }
    },
    // MP5
    "controller.render.player.first_person.mp5": {
      "geometry": "geometry.mp5",
      "materials": [
        { "*": "material.default" }
      ],
      "textures": [ "texture.mp5" ],
      "is_hurt_color": { "r": 0.0, "g": 0.0, "b": 0.0, "a": 0.0 } 
    },
    "controller.render.player.third_person.mp5": {
      "geometry": "geometry.mp5",
      "materials": [
        { "*": "material.default" }
      ],
      "textures": [ "texture.mp5" ],
      "is_hurt_color": { "r": 0.0, "g": 0.0, "b": 0.0, "a": 0.0 }
    },
    "controller.render.player.first_person.mp5_mag": {
      "geometry": "geometry.mp5_mag",
      "materials": [
       { "*": "material.default" }
      ],
      "textures": [ "texture.mp5" ],
      "is_hurt_color": { "r": 0.0, "g": 0.0, "b": 0.0, "a": 0.0 } 
    },
    "controller.render.player.third_person.mp5_mag": {
      "geometry": "geometry.mp5_mag",
      "materials": [
        { "*": "material.default" }
      ],
      "textures": [ "texture.mp5" ],
      "is_hurt_color": { "r": 0.0, "g": 0.0, "b": 0.0, "a": 0.0 }
    },

    // M249
    "controller.render.player.first_person.m249": {
      "geometry": "Array.m249_geo[q.variant]",
      "arrays": {
        "geometries": {
          "Array.m249_geo": [
            "geometry.m249",
            "geometry.m249_1",
            "geometry.m249_2",
            "geometry.m249_3",
            "geometry.m249_4",
            "geometry.m249_5",
            "geometry.m249_6",
            "geometry.m249_7",
            "geometry.m249_8",
            "geometry.m249_9",
            "geometry.m249"
          ]
        }
      },
      "materials": [
        { "*": "material.default" }
      ],
      "textures": [ "texture.m249" ],
      "is_hurt_color": { "r": 0.0, "g": 0.0, "b": 0.0, "a": 0.0 }
    },
    "controller.render.player.third_person.m249": {
      "geometry": "Array.m249_geo[q.variant]",
      "arrays": {
        "geometries": {
          "Array.m249_geo": [
            "geometry.m249",
            "geometry.m249_1",
            "geometry.m249_2",
            "geometry.m249_3",
            "geometry.m249_4",
            "geometry.m249_5",
            "geometry.m249_6",
            "geometry.m249_7",
            "geometry.m249_8",
            "geometry.m249_9",
            "geometry.m249"
          ]
        }
      },
      "materials": [
        { "*": "material.default" }
      ],
      "textures": [ "texture.m249" ],
      "is_hurt_color": { "r": 0.0, "g": 0.0, "b": 0.0, "a": 0.0 }
    },
    "controller.render.player.first_person.m249_mag": {
      "geometry": "geometry.m249_mag",
      "materials": [
        { "*": "material.default" }
      ],
      "textures": [ "texture.m249" ],
      "is_hurt_color": { "r": 0.0, "g": 0.0, "b": 0.0, "a": 0.0 } 
    },
    "controller.render.player.third_person.m249_mag": {
      "geometry": "geometry.m249_mag",
      "materials": [
        { "*": "material.default" }
      ],
      "textures": [ "texture.m249" ],
      "is_hurt_color": { "r": 0.0, "g": 0.0, "b": 0.0, "a": 0.0 }
    },

    // mk18
    "controller.render.player.first_person.mk18": {
      "geometry": "geometry.mk18",
      "materials": [
        { "*": "material.default" },
        { "eye_sight": "material.transparent" }
      ],
      "textures": [ "texture.mk18" ],
      "is_hurt_color": { "r": 0.0, "g": 0.0, "b": 0.0, "a": 0.0 } 
    },
    "controller.render.player.third_person.mk18": {
      "geometry": "geometry.mk18",
      "materials": [
        { "*": "material.default" },
        { "eye_sight": "material.transparent" }
      ],
      "textures": [ "texture.mk18" ],
      "is_hurt_color": { "r": 0.0, "g": 0.0, "b": 0.0, "a": 0.0 }
    },
    "controller.render.player.first_person.mk18_mag": {
      "geometry": "geometry.mk18_mag",
      "materials": [
        { "*": "material.default" }
      ],
      "textures": [ "texture.mk18_mag" ],
      "is_hurt_color": { "r": 0.0, "g": 0.0, "b": 0.0, "a": 0.0 } 
    },
    "controller.render.player.third_person.mk18_mag": {
      "geometry": "geometry.mk18_mag",
      "materials": [
        { "*": "material.default" }
      ],
      "textures": [ "texture.mk18_mag" ],
      "is_hurt_color": { "r": 0.0, "g": 0.0, "b": 0.0, "a": 0.0 }
    }
  }
}
