{
	"format_version": "1.10.0",
	"geometry.night": {
		"texturewidth": 32,
		"textureheight": 32,
		"visible_bounds_width": 2,
		"visible_bounds_height": 4,
		"visible_bounds_offset": [0, 1, 0],
		"bones": [
			{
				"name": "head",
				"pivot": [0, 24, 0],
				"cubes": [
					{"origin": [1, 27, -10], "size": [2, 2, 5], "uv": [11, 0]},
					{"origin": [0.5, 26.5, -5], "size": [3, 3, 1], "uv": [0, 4]},
					{"origin": [-3.5, 26.5, -5], "size": [3, 3, 1], "uv": [0, 0]},
					{"origin": [-2, 29.5, -6], "size": [4, 1, 2], "uv": [12, 18]},
					{"origin": [-0.5, 31, -5], "size": [1, 2, 1], "uv": [0, 10]},
					{"origin": [-1, 31, -6], "size": [2, 1.5, 2], "uv": [18, 8]},
					{"origin": [0.5, 32, -0.5], "size": [2.5, 1, 1], "uv": [20, 11]},
					{"origin": [3, 32, -0.5], "size": [2, 1, 1], "uv": [20, 2]},
					{"origin": [-3, 32, -0.5], "size": [2.5, 1, 1], "uv": [20, 0]},
					{"origin": [-5, 32, -0.5], "size": [2, 1, 1], "uv": [11, 7]},
					{"origin": [-0.5, 32, -4], "size": [1, 1, 9], "uv": [0, 0]},
					{"origin": [4, 28, -0.5], "size": [1, 4, 1], "uv": [4, 20]},
					{"origin": [-5, 28, -0.5], "size": [1, 4, 1], "uv": [11, 0]},
					{"origin": [-3, 27, -10], "size": [2, 2, 5], "uv": [11, 11]},
					{"origin": [-2, 27.5, -8], "size": [4, 2, 4], "uv": [0, 10]},
					{"origin": [-2, 30.5, -7], "size": [4, 1, 3], "uv": [0, 16]},
					{"origin": [-0.5, 28, 4], "size": [1, 5, 1], "uv": [0, 20]},
					{"origin": [0.5, 28, 4], "size": [1.5, 1, 1], "uv": [25, 25]},
					{"origin": [2, 28, 4], "size": [1, 1, 1], "uv": [18, 25]},
					{"origin": [-2, 28, 4], "size": [1.5, 1, 1], "uv": [14, 25]},
					{"origin": [-3, 28, 4], "size": [1, 1, 1], "uv": [10, 25]},
					{"origin": [-4, 28, 4], "size": [1, 1, 1], "uv": [3, 25]},
					{"origin": [-5, 28, 2], "size": [1, 1, 1], "uv": [24, 8]},
					{"origin": [-5, 28, -3], "size": [1, 1, 1], "uv": [24, 6]},
					{"origin": [-5, 28, -4], "size": [1, 1, 1], "uv": [22, 24]},
					{"origin": [-5, 28, -5], "size": [1, 1, 1], "uv": [7, 24]},
					{"origin": [-4, 28, -5], "size": [1, 1, 1], "uv": [23, 20]},
					{"origin": [-5, 28, 3], "size": [1, 1, 1], "uv": [23, 14]},
					{"origin": [-5, 28, 4], "size": [1, 1, 1], "uv": [19, 23]},
					{"origin": [3, 28, 4], "size": [1, 1, 1], "uv": [15, 23]},
					{"origin": [4, 28, 0.5], "size": [1, 1, 1.5], "uv": [11, 23]},
					{"origin": [-5, 28, 0.5], "size": [1, 1, 1.5], "uv": [22, 18]},
					{"origin": [3, 28, -5], "size": [1, 1, 1], "uv": [22, 22]},
					{"origin": [4, 28, -5], "size": [1, 1, 1], "uv": [8, 22]},
					{"origin": [4, 28, -4], "size": [1, 1, 1], "uv": [19, 21]},
					{"origin": [4, 28, -3], "size": [1, 1, 1], "uv": [15, 21]},
					{"origin": [4, 28, -2], "size": [1, 1, 1.5], "uv": [11, 21]},
					{"origin": [-5, 28, -2], "size": [1, 1, 1.5], "uv": [20, 13]},
					{"origin": [4, 28, 2], "size": [1, 1, 1], "uv": [8, 20]},
					{"origin": [4, 28, 3], "size": [1, 1, 1], "uv": [12, 10]},
					{"origin": [4, 28, 4], "size": [1, 1, 1], "uv": [12, 12]}
				]
			}
		]
	}
}