{
	"format_version": "1.8.0",
	"animations": {
		"animation.mp5.first_person.temp": {
			"loop": "hold_on_last_frame",
			"bones": {
				"root": {
					"rotation": [0, 180, 0]
				},
				"rightArmA": {
					"rotation": [-95, -5, 0],
					"position": [0, -1.0625, 3.21875]
				},
				"mp5": {
					"rotation": [0, 0, -90],
					"position": [-83.4375, 206.84375, 57]
				},
				"gun": {
					"scale": 0.08
				},
				"leftArmA": {
					"rotation": [-122.5, 25, 12.5],
					"position": [-4.625, -2.6875, -7.09375]
				},
				"body": {
					"rotation": [0, 0, 0],
					"position": [0, 0, 0]
				},
				"waist": {
					"position": [0, -1.4675, -3.06375]
				},
				"leftArm": {
					"position": [-0.1875, 0, 0]
				}
			}
		},
		"animation.mp5.first_person.holding": {
			"loop": true,
			"animation_length": 2,
			"bones": {
				"root": {
					"rotation": [0, 180, 0]
				},
				"rightArmA": {
					"rotation": [-95, -5, 0],
					"position": [0, -1.0625, 3.21875]
				},
				"mp5": {
					"rotation": [0, 0, -90],
					"position": [-83.4375, 206.84375, 57]
				},
				"gun": {
					"scale": 0.08
				},
				"leftArmA": {
					"rotation": [-122.5, 25, 12.5],
					"position": [-4.625, -2.6875, -7.09375]
				},
				"body": {
					"rotation": [0, 0, 0],
					"position": {
						"0.0": [0, 0, 0],
						"0.9917": [0, -0.0625, 0],
						"2.0": [0, 0, 0]
					}
				},
				"waist": {
					"position": [0, -1.4675, -3.06375]
				},
				"leftArm": {
					"position": [-0.1875, 0, 0]
				}
			}
		},
		"animation.mp5.first_person.sprinting": {
			"loop": true,
			"bones": {
				"root": {
					"rotation": [0, 180, 0]
				},
				"rightArmA": {
					"rotation": [-95, -5, 0],
					"position": [0, -1.0625, 3.21875]
				},
				"mp5": {
					"rotation": [0, 0, -90],
					"position": [-83.4375, 206.84375, 57]
				},
				"gun": {
					"scale": 0.08
				},
				"leftArmA": {
					"rotation": [-122.5, 25, 12.5],
					"position": [-4.625, -2.6875, -7.09375]
				},
				"body": {
					"rotation": [9.90625, -11.09375, 20],
					"position": [2.25, -1.53125, 0]
				},
				"waist": {
					"position": [0, -1.4675, -3.06375]
				},
				"leftArm": {
					"position": [-0.1875, 0, 0]
				}
			}
		},
		"animation.mp5.first_person.draw": {
			"loop": "hold_on_last_frame",
			"animation_length": 0.8333,
			"anim_time_update": "query.anim_time + query.delta_time * 2",
			"bones": {
				"root": {
					"rotation": [0, 180, 0]
				},
				"rightArmA": {
					"rotation": [-95, -5, 0],
					"position": [0, -1.0625, 3.21875]
				},
				"mp5": {
					"rotation": [0, 0, -90],
					"position": [-83.4375, 206.84375, 57]
				},
				"gun": {
					"scale": 0.08
				},
				"leftArmA": {
					"rotation": [-122.5, 25, 12.5],
					"position": [-4.625, -2.6875, -7.09375]
				},
				"body": {
					"rotation": {
						"0.0": [7.5, -37.5, 37.5],
						"0.275": [7.5, -37.5, 37.5],
						"0.4917": [2.74, -13.05, 24.99],
						"0.6167": [0, 1.06, -1.9375],
						"0.8333": [0, 0, 0]
					},
					"position": {
						"0.0": [1.34375, -5.21875, 0],
						"0.1417": [0, -0.875, 0],
						"0.3833": [0, 0, 0],
						"0.625": [0, 0, -0.125],
						"0.8333": [0, 0, 0]
					}
				},
				"waist": {
					"position": [0, -1.4675, -3.06375]
				},
				"leftArm": {
					"position": [-0.1875, 0, 0]
				}
			}
		},
		"animation.mp5.first_person.fire": {
			"loop": "hold_on_last_frame",
			"animation_length": 0.45,
			"anim_time_update": "query.anim_time + query.delta_time * 4",
			"bones": {
				"root": {
					"rotation": [0, 180, 0]
				},
				"rightArmA": {
					"rotation": [-95, -5, 0],
					"position": [0, -1.0625, 3.21875]
				},
				"mp5": {
					"rotation": [0, 0, -90],
					"position": [-83.4375, 206.84375, 57]
				},
				"gun": {
					"scale": 0.08
				},
				"leftArmA": {
					"rotation": {
						"0.0": [-122.5, 25, 12.5],
						"0.0833": [-122.5, 20, 12.5],
						"0.2": [-122.5, 25, 12.5]
					},
					"position": {
						"0.0": [-4.625, -2.6875, -7.09375],
						"0.0833": [-5.0575, -2.69, -7.09],
						"0.2": [-4.62, -2.69, -7.09]
					}
				},
				"body": {
					"rotation": {
						"0.0": [0, 0, 0],
						"0.0917": [-2.5, 0, 0],
						"0.2583": [0, 0, 2.5],
						"0.3333": [0, 0, -2.5],
						"0.45": [0, 0, 0]
					},
					"position": {
						"0.0": [0, 0, 0],
						"0.0917": [0, -0.6875, 1.46875],
						"0.2": [0, 0, 0]
					}
				},
				"bone": {
					"position": {
						"0.0": [0, 0, 0],
						"0.075": [29.75, 0, 0],
						"0.1417": [0, 0, 0]
					}
				},
				"bolt": {
					"position": {
						"0.0": [0, 0, 0],
						"0.0667": [16, 0, 0],
						"0.1333": [0, 0, 0]
					}
				},
				"waist": {
					"position": [0, -1.4675, -3.06375]
				},
				"leftArm": {
					"position": [-0.1875, 0, 0]
				}
			}
		},
		"animation.mp5.first_person.aim": {
			"loop": true,
			"animation_length": 0.00833,
			"bones": {
				"root": {
					"rotation": [0, 180, 0]
				},
				"rightArmA": {
					"rotation": [-95, -5, 0],
					"position": [0, -1.0625, 3.21875]
				},
				"mp5": {
					"rotation": [0, 0, -90],
					"position": [-83.4375, 206.84375, 57]
				},
				"gun": {
					"scale": 0.08
				},
				"leftArmA": {
					"rotation": [-122.5, 25, 12.5],
					"position": [-4.625, -2.6875, -7.09375]
				},
				"body": {
					"rotation": [0, 0, 0],
					"position": [0, 0, 0]
				},
				"waist": {
					"rotation": [5, 5, 0],
					"position": [4.375, 0.46875, 1.84375]
				},
				"leftArm": {
					"position": [-0.1875, 0, 0]
				}
			}
		},
		"animation.mp5.first_person.aim_fire": {
			"loop": "hold_on_last_frame",
			"animation_length": 0.45,
			"anim_time_update": "query.anim_time + query.delta_time * 5",
			"bones": {
				"root": {
					"rotation": [0, 180, 0]
				},
				"rightArmA": {
					"rotation": [-95, -5, 0],
					"position": [0, -1.0625, 3.21875]
				},
				"mp5": {
					"rotation": [0, 0, -90],
					"position": [-83.4375, 206.84375, 57]
				},
				"gun": {
					"scale": 0.08
				},
				"leftArmA": {
					"rotation": {
						"0.0": [-122.5, 25, 12.5],
						"0.0833": [-122.5, 20, 12.5],
						"0.2": [-122.5, 25, 12.5]
					},
					"position": {
						"0.0": [-4.625, -2.6875, -7.09375],
						"0.0833": [-5.0575, -2.69, -7.09],
						"0.2": [-4.62, -2.69, -7.09]
					}
				},
				"body": {
					"rotation": [0, 0, 0],
					"position": {
						"0.0": [0, 0, 0],
						"0.1": [-0.09375, -0.15625, 1.6875],
						"0.2": [0, 0, 0]
					}
				},
				"waist": {
					"rotation": [5, 5, 0],
					"position": [4.375, 0.46875, 1.84375]
				},
				"bone": {
					"position": {
						"0.0": [0, 0, 0],
						"0.075": [29.75, 0, 0],
						"0.1417": [0, 0, 0]
					}
				},
				"bolt": {
					"position": {
						"0.0": [0, 0, 0],
						"0.0667": [16, 0, 0],
						"0.1333": [0, 0, 0]
					}
				},
				"leftArm": {
					"position": [-0.1875, 0, 0]
				}
			}
		},
		"animation.mp5.first_person.reload": {
			"loop": "hold_on_last_frame",
			"animation_length": 4.99167,
			"anim_time_update": "query.anim_time + query.delta_time * 1.6",
			"override_previous_animation": true,
			"bones": {
				"root": {
					"rotation": [0, 180, 0]
				},
				"rightArmA": {
					"rotation": {
						"0.0": [-95, -5, 0],
						"0.2167": [-95, -7.1875, -5.40625],
						"0.45": [-95, -7.25, -5],
						"0.9083": [-95, -7.25, -5],
						"1.0417": [-95, -7.25, -5],
						"1.2167": [-97.5, -7.25, -5],
						"2.15": [-97.5, -7.25, -5],
						"3.2667": [-97.5, -7.25, -5],
						"3.65": [-97.5, -4.75, 12.5],
						"4.1167": [-97.5, -4.75, 12.5],
						"4.65": [-95, -5, 0]
					},
					"position": {
						"0.0": [0, -1.0625, 3.21875],
						"0.9083": [0, -1.06, 3.22],
						"1.0417": [0, -1.06, 3.22],
						"1.2167": [0, -1.685, 3.22],
						"2.15": [0, -1.68, 3.22],
						"3.2667": [0, -1.68, 3.22],
						"4.1167": [0, -1.68, 3.22],
						"4.65": [0, -1.0625, 3.21875]
					}
				},
				"mp5": {
					"rotation": [0, 0, -90],
					"position": [-83.4375, 206.84375, 57]
				},
				"gun": {
					"scale": 0.08
				},
				"leftArmA": {
					"rotation": {
						"0.0": [-122.5, 25, 12.5],
						"0.2167": [-122.5, 2.5, -27.5],
						"0.4583": [-128.78125, 2.5, -22.46875],
						"0.575": [-128.78, 2.5, -22.47],
						"0.9083": [-128.78, 2.5, -27.47],
						"1.0417": [-128.78, 2.5, -27.47],
						"1.2167": [-128.78, 2.5, -39.97],
						"1.425": [-128.78, 30, -24.97],
						"1.5583": [-128.78, 30, -24.97],
						"1.7": [-128.78, 30, -24.97],
						"1.8333": [-131.28, 20, -32.47],
						"1.9833": [-131.28, -10, -19.97],
						"2.175": [-63.78, -22.5, -19.97],
						"2.5083": [-63.78, -22.5, -19.97],
						"2.75": [-131.28, 20, -32.47],
						"3.0": [-131.28, 20, -32.47],
						"3.1417": [-146.28, 22.5, -24.97],
						"3.2667": [-146.28, 22.5, -24.97],
						"3.4333": [-146.28, 10, -17.47],
						"3.55": [-171.28, 10, -7.47],
						"3.6667": [-173.78, 10, -7.47],
						"3.7333": [-154.9675, 10, -7.47],
						"3.8333": [-112.56125, 5, -7.47],
						"3.9833": [-112.56, 5, -7.47],
						"4.2083": [-112.56, 5, -7.47],
						"4.65": [-122.5, 25, 12.5]
					},
					"position": {
						"0.0": [-4.625, -2.6875, -7.09375],
						"0.2167": [-2.52625, -1.1275, -7.09],
						"0.4583": [-2.99875, -0.91125, -7.59],
						"0.575": [-3, -0.91, -7.59],
						"0.7333": [-3, -1.06625, -5.24625],
						"0.9083": [-2.875, -0.3825, -5.25],
						"1.0417": [-2.87, -0.38, -5.25],
						"1.2167": [0.255, -3.34875, -5.25],
						"1.425": [-1.875, -3.35, -4.125],
						"1.5583": [-1.87, -3.35, -4.12],
						"1.7": [-1.87, -4.0375, -4.12],
						"1.8333": [-0.9325, -5.1025, -5.71375],
						"1.9833": [0.6325, -6.85, -1.86625],
						"2.1667": [4.63, -9.38125, -1.87],
						"2.5083": [4.63, -9.38, -1.87],
						"2.75": [-1.21125, -14.1625, -5.99125],
						"3.0": [-1.90125, -5.03375, -5.02625],
						"3.1417": [-2.61875, -5.78, -6.37375],
						"3.2667": [-2.62, -5.78, -6.37],
						"3.4333": [-2.62, -2.49875, -6.37],
						"3.6667": [-2.62, -2.5, -6.37],
						"3.7333": [-2.62, -2.5, -7.12],
						"3.825": [-3.90125, -3.875, -7.12],
						"3.9833": [-1.4625, -6.09375, -7.12],
						"4.2083": [-1.4625, -6.09375, -7.12],
						"4.65": [-4.625, -2.6875, -7.09375]
					}
				},
				"body": {
					"rotation": {
						"0.0": [0, 0, 0],
						"0.5083": [0.12, 0, -6.85],
						"0.6667": [0, 0, -10],
						"0.9167": [-2.5, 0, -7.5],
						"1.2083": [0, 0, -7.5],
						"1.3833": [0, 0, -7.5],
						"1.6917": [0, 0, -12.5],
						"2.4": [0, 0, -10],
						"2.825": [0, 0, -15],
						"3.3417": [0, 0, -17.5],
						"3.7333": [0, 0, -12.5],
						"3.825": [0, 0, 7.5],
						"4.025": [0, 0, -5],
						"4.275": [0, 0, 2.5],
						"4.6": [0, 0, -5],
						"4.7167": [0, 0, -3.1875],
						"4.8417": [0, 0, -3.125],
						"4.9917": [0, 0, 0]
					},
					"position": {
						"0.0": [0, 0, 0],
						"0.5833": [0, 0.3125, 0],
						"0.9167": [0, -0.0625, 0.1875],
						"1.2083": [0, 0.34375, 0],
						"1.3833": [0, 0.34375, 0],
						"1.6917": [-0.28125, 0.74625, 0],
						"2.4": [-0.28, 0.25, 0],
						"2.825": [0.0325, 0.59, 0],
						"3.1167": [0.03, 0.85, 0],
						"3.2333": [0.03, 1.30875, 0],
						"3.3417": [0.03, 0.99625, 0],
						"3.7333": [0.03, 1, 0],
						"3.825": [0.03, -0.125, 0],
						"4.025": [0.03, 0.56625, 0],
						"4.275": [0.03, -0.02375, 0],
						"4.6": [0.03, 0.34375, -1.3125],
						"4.7417": [0, 0.1875, 0],
						"4.85": [0, 0.125, -0.46875],
						"4.9833": [0, 0, 0]
					}
				},
				"mag": {
					"rotation": {
						"1.425": [0, 0, 0],
						"1.5583": [0, 0, 0],
						"1.7": [0, 0, 0],
						"1.8333": [-17.5, 15, -10],
						"2.0583": [-17.5, 15, 45],
						"2.5917": [-230, 15, 45],
						"2.6083": [0, 0, 0],
						"2.75": [0, 0, 0]
					},
					"position": {
						"1.425": [0, 0, 0],
						"1.5583": [0, 0, 0],
						"1.7": [0, -8.28125, 0],
						"1.8333": [-11.1875, -29.655, -5.65625],
						"1.9417": [-11.995, -26.70625, -36.735],
						"2.0583": [-15.28375, -1.80625, -106.50375],
						"2.2167": [-15.28, -9.15375, -165.875],
						"2.4": [-15.28, -68.86875, -224.33875],
						"2.5833": [-15.28, -170.28, -253.21125],
						"2.6083": [0, -129.5, 0],
						"2.75": [0, -129.5, 0],
						"3.0": [0, -13.84375, 0],
						"3.1417": [0, 0, 0]
					},
					"scale": {
						"2.5333": [1, 1, 1],
						"2.55": [0, 0, 0],
						"2.6083": [0, 0, 0],
						"2.6167": [1, 1, 1]
					}
				},
				"bone": {
					"rotation": {
						"0.7333": [0, 0, 0],
						"0.9083": [-30, 0, 0],
						"3.75": [-30, 0, 0],
						"3.7917": [0, 0, 0]
					},
					"position": {
						"0.575": [0, 0, 0],
						"0.7333": [29.9375, 0, 0],
						"3.7917": [29.94, 0, 0],
						"3.8417": [0, 0, 0]
					}
				},
				"waist": {
					"position": {
						"0.0": [0, -1.4675, -3.06375],
						"0.2083": [0, -2.47, -3.06],
						"4.575": [0, -2.47, -3.06],
						"4.7917": [0, -1.4675, -3.06375]
					}
				},
				"leftArm": {
					"position": [-0.1875, 0, 0]
				}
			}
		},
		"animation.mp5.first_person.inspect": {
			"loop": "hold_on_last_frame",
			"animation_length": 6.2417,
			"anim_time_update": "query.anim_time + query.delta_time * 2",
			"bones": {
				"root": {
					"rotation": [0, 180, 0]
				},
				"rightArmA": {
					"rotation": [-95, -5, 0],
					"position": [0, -1.0625, 3.21875]
				},
				"mp5": {
					"rotation": [0, 0, -90],
					"position": [-83.4375, 206.84375, 57]
				},
				"gun": {
					"position": {
						"0.0": [0, 0, 0],
						"0.5917": [0.59375, 0, 0],
						"5.2167": [0.59, 0, 0],
						"5.7167": [0, 0, 0]
					},
					"scale": 0.08
				},
				"leftArmA": {
					"rotation": {
						"0.0": [-122.5, 25, 12.5],
						"0.4": [-122.5, 47.5, 12.5],
						"0.5917": [-122.5, 50, 12.5],
						"0.8417": [-122.5, 47.5, 12.5],
						"3.1417": [-122.5, 47.5, 12.5],
						"3.6667": [-122.5, 25, 12.5]
					},
					"position": {
						"0.0": [-4.625, -2.6875, -7.09375],
						"0.4": [-2.3075, -3.065, -9.12125],
						"0.5917": [-2.31, -3.21625, -9.495],
						"0.8417": [-2.31, -3.06, -9.12],
						"3.1417": [-2.31, -3.06, -9.12],
						"3.6667": [-4.625, -2.6875, -7.09375]
					}
				},
				"body": {
					"rotation": {
						"0.0": [0, 0, 0],
						"0.4": [0, -61.71875, -15],
						"0.5917": [0, -64.22, -15],
						"0.8417": [0, -61.72, -15],
						"1.8583": [0, -61.72, -15],
						"2.025": [0, -61.72, -17.5],
						"2.2583": [0, -61.72, -16.69],
						"3.1417": [0, -61.72, -16.69],
						"3.4083": {
							"post": [-15, -19.24, 13.99],
							"lerp_mode": "catmullrom"
						},
						"3.6833": {
							"post": [-5.375, 11.5925, 34.06],
							"lerp_mode": "catmullrom"
						},
						"4.1": {
							"post": [-5.37, 14.87375, 41.56],
							"lerp_mode": "catmullrom"
						},
						"4.75": {
							"post": [-5.37, 14.87, 40.72],
							"lerp_mode": "catmullrom"
						},
						"5.2083": {
							"post": [-4.745, 13.3075, 36.21625],
							"lerp_mode": "catmullrom"
						},
						"5.7083": [0, 0, 5],
						"5.875": [0, 0, 0],
						"6.025": [0, 0, 0]
					},
					"position": {
						"0.0": [0, 0, 0],
						"0.4": [-4.96875, -1.125, -5.625],
						"0.5917": [-5.31375, -1.12, -5.8075],
						"0.8417": [-4.97, -1.12, -5.62],
						"1.8583": [-4.97, -1.15, -5.62],
						"2.025": [-4.75125, -1.30625, -5.62],
						"2.2583": [-4.875, -1.21625, -5.62],
						"3.1417": [-4.87, -1.2825, -5.62],
						"3.6833": [3.1925, -4.00125, -5.62],
						"4.75": [3.19, -4, -5.62],
						"5.2167": [3.19, -3.8125, -5.62],
						"5.6667": [0, 0, -1.09375],
						"5.7667": [0, 0, -1.375],
						"5.875": [0, 0, 0.40625],
						"6.025": [0, 0, -1.03],
						"6.2417": [0, 0, 0]
					}
				},
				"waist": {
					"position": [0, -1.4675, -3.06375]
				},
				"leftArm": {
					"position": [-0.1875, 0, 0]
				}
			}
		},
		"animation.mp5.third_person.temp": {
			"loop": "hold_on_last_frame",
			"bones": {
				"body": {
					"rotation": [0, 10, 0]
				},
				"rightArmA": {
					"rotation": [-35, -32.5, -12.5]
				},
				"rightArmUp": {
					"rotation": [0, -10, 12.5]
				},
				"rightArmDown": {
					"rotation": [-72.5, 0, 0]
				},
				"gun": {
					"scale": 0.07
				},
				"mp5": {
					"rotation": [-2.5, 16.25, -110],
					"position": [-83.4375, 232.375, 57]
				},
				"leftArmA": {
					"rotation": [-85, 22.5, 20]
				}
			}
		},
		"animation.mp5.third_person.fire": {
			"loop": "hold_on_last_frame",
			"animation_length": 0.45833,
			"anim_time_update": "query.anim_time + query.delta_time * 5",
			"bones": {
				"body": {
					"rotation": {
						"0.0": [0, 10, 0],
						"0.0917": [0, 12.5, 0],
						"0.2583": [0, 10, 0]
					}
				},
				"rightArmA": {
					"rotation": {
						"0.0": [-35, -32.5, -12.5],
						"0.0917": [-30, -32.5, -12.5],
						"0.2583": [-35, -32.5, -12.5]
					}
				},
				"rightArmUp": {
					"rotation": [0, -10, 12.5]
				},
				"rightArmDown": {
					"rotation": {
						"0.0": [-72.5, 0, 0],
						"0.0917": [-80, 0, 0],
						"0.2583": [-72.5, 0, 0]
					}
				},
				"gun": {
					"scale": 0.07
				},
				"mp5": {
					"rotation": [-2.5, 16.25, -110],
					"position": [-83.4375, 232.375, 57]
				},
				"leftArmA": {
					"rotation": {
						"0.0": [-85, 22.5, 20],
						"0.0917": [-82.5, 25, 20],
						"0.2583": [-85, 22.5, 20]
					}
				},
				"bone": {
					"position": {
						"0.0": [0, 0, 0],
						"0.075": [29.75, 0, 0],
						"0.1417": [0, 0, 0]
					}
				},
				"bolt": {
					"position": {
						"0.0": [0, 0, 0],
						"0.0667": [16, 0, 0],
						"0.1333": [0, 0, 0]
					}
				},
				"leftArmDown": {
					"rotation": {
						"0.0": [0, 0, 0],
						"0.0917": [-12.5, 0, 0],
						"0.2583": [0, 0, 0]
					}
				}
			}
		},
		"animation.mp5.third_person.holding": {
			"loop": true,
			"bones": {
				"body": {
					"rotation": [0, 10, 0]
				},
				"rightArmA": {
					"rotation": [-35, -32.5, -12.5]
				},
				"rightArmUp": {
					"rotation": [0, -10, 12.5]
				},
				"rightArmDown": {
					"rotation": [-72.5, 0, 0]
				},
				"gun": {
					"scale": 0.07
				},
				"mp5": {
					"rotation": [-2.5, 16.25, -110],
					"position": [-83.4375, 232.375, 57]
				},
				"leftArmA": {
					"rotation": [-85, 22.5, 20]
				}
			}
		},
		"animation.mp5.third_person.aim": {
			"loop": "hold_on_last_frame",
			"bones": {
				"body": {
					"rotation": [0, 10, 0]
				},
				"rightArmA": {
					"rotation": [-37.5, -32.5, -7.5]
				},
				"rightArmUp": {
					"rotation": [0, -10, 12.5]
				},
				"rightArmDown": {
					"rotation": [-72.5, 0, 0]
				},
				"gun": {
					"scale": 0.07
				},
				"mp5": {
					"rotation": [-2.5, 16.25, -110],
					"position": [-83.4375, 232.375, 57]
				},
				"leftArmA": {
					"rotation": [-87.5, 22.5, 20]
				},
				"head": {
					"rotation": [0, 0, -5]
				}
			}
		},
		"animation.mp5.third_person.aim_fire": {
			"loop": "hold_on_last_frame",
			"animation_length": 0.45833,
			"anim_time_update": "query.anim_time + query.delta_time * 5",
			"bones": {
				"body": {
					"rotation": {
						"0.0": [0, 10, 0],
						"0.0917": [0, 12.5, 0],
						"0.2": [0, 10, 0]
					}
				},
				"rightArmA": {
					"rotation": {
						"0.0": [-37.5, -32.5, -7.5],
						"0.0917": [-37.5, -35, -7.5],
						"0.1917": [-37.5, -32.5, -7.5]
					}
				},
				"rightArmUp": {
					"rotation": [0, -10, 12.5]
				},
				"rightArmDown": {
					"rotation": [-72.5, 0, 0]
				},
				"gun": {
					"scale": 0.07
				},
				"mp5": {
					"rotation": [-2.5, 16.25, -110],
					"position": [-83.4375, 232.375, 57]
				},
				"leftArmA": {
					"rotation": {
						"0.0": [-87.5, 22.5, 20],
						"0.0917": [-87.5, 20, 20],
						"0.1917": [-87.5, 22.5, 20]
					}
				},
				"head": {
					"rotation": [0, 0, -5]
				},
				"bone": {
					"position": {
						"0.0": [0, 0, 0],
						"0.075": [29.75, 0, 0],
						"0.1417": [0, 0, 0]
					}
				},
				"bolt": {
					"position": {
						"0.0": [0, 0, 0],
						"0.0667": [16, 0, 0],
						"0.1333": [0, 0, 0]
					}
				}
			}
		},
		"animation.mp5.third_person.sprinting": {
			"loop": true,
			"bones": {
				"rightArmA": {
					"rotation": [5, -25, -12.5]
				},
				"rightArmUp": {
					"rotation": [0, -10, 12.5]
				},
				"rightArmDown": {
					"rotation": [-72.5, 0, 0]
				},
				"gun": {
					"scale": 0.07
				},
				"mp5": {
					"rotation": [-2.5, -16.25, -100],
					"position": [-83.4375, 232.375, 57]
				},
				"leftArmA": {
					"rotation": [-22.5, 5, 20]
				},
				"leftArmDown": {
					"rotation": [-27.5, 0, 0]
				}
			}
		},
		"animation.mp5.third_person.reload": {
			"loop": "hold_on_last_frame",
			"animation_length": 5.15,
			"anim_time_update": "query.anim_time + query.delta_time * 1.6",
			"override_previous_animation": true,
			"bones": {
				"body": {
					"rotation": {
						"0.0": [0, 10, 0],
						"5.15": [0, 10, 0]
					}
				},
				"head": {
					"rotation": [0, -10, 0]
				},
				"rightArmA": {
					"rotation": {
						"0.0": [-35, -32.5, -12.5],
						"0.25": [-35, -42.5, -20],
						"1.1417": [-35, -42.5, -20],
						"1.3417": [-35, -40, -30],
						"3.45": [-35, -40, -30],
						"3.7": [-35, -40, -25],
						"4.1583": [-35, -40, -25],
						"4.2917": [-37.5, -40, -25],
						"4.6167": [-30, -30, -12.5],
						"5.15": [-35, -32.5, -12.5]
					}
				},
				"rightArmUp": {
					"rotation": {
						"0.0": [0, -10, 12.5],
						"5.15": [0, -10, 12.5]
					}
				},
				"rightArmDown": {
					"rotation": {
						"0.0": [-72.5, 0, 0],
						"5.15": [-72.5, 0, 0]
					}
				},
				"gun": {
					"scale": {
						"0.0": [0.07, 0.07, 0.07],
						"5.15": [0.07, 0.07, 0.07]
					}
				},
				"mp5": {
					"rotation": {
						"0.0": [-2.5, 16.25, -110],
						"5.15": [-2.5, 16.25, -110]
					},
					"position": {
						"0.0": [-83.4375, 232.375, 57],
						"5.15": [-83.4375, 232.375, 57]
					}
				},
				"leftArmA": {
					"rotation": {
						"0.0": [-85, 22.5, 20],
						"0.7417": [-112.5, -5, -25],
						"0.9167": [-105, 0, -25],
						"1.0667": [-110, -10, -40],
						"1.3417": [-102.42, -0.76, -40],
						"1.625": [-105, 22.5, -40],
						"1.7833": [-105, 22.5, -40],
						"2.0": [-92.5, 22.5, -40],
						"2.175": [-105, -20, -20],
						"2.325": [-87.5, -40, -35],
						"2.5417": [-57.5, -27.5, -35],
						"2.7667": [-45, -27.5, -35],
						"3.0": [20, -25, -17.5],
						"3.1917": [20, -25, 12.5],
						"3.45": [20, -25, 12.5],
						"3.65": [28.75, -25, -31.25],
						"3.8333": [-7.5, -25, -30],
						"4.0333": [-92.5, 27.5, -30],
						"4.275": [-100, 27.5, -30],
						"4.6167": [-135, 7.5, -30],
						"4.75": [-137.5, 7.5, -30],
						"4.9583": [-82.5, 7.5, -30],
						"5.15": [-85, 22.5, 20]
					}
				},
				"mag": {
					"rotation": {
						"2.0": [0, 0, 0],
						"2.4167": [0, 0, 0],
						"2.9833": [-62.5, -305, 0],
						"3.5667": [-62.5, -305, 0],
						"3.5833": [0, 0, -110],
						"3.8333": [-22.5, 0, -35],
						"3.9333": [-11.25, 0, -2.5],
						"4.0333": [0, 0, 0]
					},
					"position": {
						"1.7833": [0, 0, 0],
						"2.0": [0, -16.125, 0],
						"2.0917": [-28.76, 4.3625, -39.89],
						"2.1917": [-55.59375, 11.755, -77.125],
						"2.3083": [-78.18375, 11.76, -110.3075],
						"2.425": [-106.7425, -10.6775, -170.40375],
						"2.5667": [-124.20875, -85.58625, -255.15],
						"2.9833": [-124.21, -519.99625, -379.61875],
						"3.5667": [-124.21, -520, -379.62],
						"3.5833": [44.1875, -157.21875, -131.71875],
						"3.8333": [-16.46625, -74.56375, -107.06375],
						"3.9333": [-31.13625, -37.28, -53.53],
						"4.0333": [0, -12.78125, 0],
						"4.2333": [0, 0, 0]
					},
					"scale": {
						"2.9833": [1, 1, 1],
						"3.0": [0, 0, 0],
						"3.625": [0, 0, 0],
						"3.6333": [1, 1, 1]
					}
				},
				"bone": {
					"rotation": {
						"0.9083": [0, 0, 0],
						"1.0667": [-32.5, 0, 0],
						"4.8417": [-32.5, 0, 0],
						"4.9417": [0, 0, 0]
					},
					"position": {
						"0.7333": [0, 0, 0],
						"0.9083": [29.6875, 0, 0],
						"4.9417": [29.69, 0, 0],
						"5.0083": [0, 0, 0]
					}
				},
				"bolt": {
					"position": {
						"0.7333": [0, 0, 0],
						"0.9083": [15.78125, 0, 0],
						"4.9333": [15.78, 0, 0],
						"4.9917": [0, 0, 0]
					}
				},
				"leftArmDown": {
					"rotation": {
						"0.7333": [0, 0, 0],
						"0.9167": [-20, 0, 0],
						"1.625": [-12.5, 0, 0],
						"1.7833": [-12.5, 0, 0],
						"2.0": [-22.5, 0, 0],
						"2.2417": [0, 0, 0],
						"2.6417": [0, 0, 0],
						"3.0083": [0, 0, 0],
						"3.45": [0, 0, 0],
						"3.8333": [-50, 0, 0],
						"4.0333": [-10, 0, 0],
						"4.275": [-10, 0, 0],
						"4.6167": [-27.5, 0, 0],
						"4.75": [-30, 0, 0],
						"4.9583": [0, 0, 0]
					}
				}
			}
		},
		"animation.mp5.third_person.draw": {
			"loop": "hold_on_last_frame",
			"animation_length": 0.1917,
			"bones": {
				"body": {
					"rotation": {
						"0.0": [0, 0, 0],
						"0.1915": [0, 10, 0]
					}
				},
				"rightArmA": {
					"rotation": {
						"0.0": [0, 0, 0],
						"0.1915": [-35, -32.5, -12.5]
					}
				},
				"rightArmUp": {
					"rotation": {
						"0.0": [0, 0, 0],
						"0.1915": [0, -10, 12.5]
					}
				},
				"rightArmDown": {
					"rotation": {
						"0.0": [0, 0, 0],
						"0.1915": [-72.5, 0, 0]
					}
				},
				"gun": {
					"scale": 0.07
				},
				"mp5": {
					"rotation": {
						"0.0": [-2.5, -1.25, -90],
						"0.1915": [-2.5, 16.25, -110]
					},
					"position": [-83.4375, 232.375, 57]
				},
				"leftArmA": {
					"rotation": {
						"0.0": [0, 0, 0],
						"0.1915": [-85, 22.5, 20]
					}
				}
			}
		},
		"animation.akm.third_person.aim": {
			"loop": true,
			"bones": {
				"root": {
					"rotation": [0, 0, 0]
				},
				"body": {
					"rotation": [0, 20, 0]
				},
				"rightArm": {
					"rotation": [-67.5, -35, 7.5],
					"position": [0, 0, 1]
				},
				"rightArmDown": {
					"rotation": [-22.5, 0, 0]
				},
				"leftArm": {
					"rotation": [-82.5, 22.5, -15],
					"position": [-1, 0, -1]
				},
				"leftArmDown": {
					"rotation": [-15, 0, 0]
				},
				"main": {
					"rotation": [65, 0, 0],
					"position": [-6.5, 17, -3],
					"scale": 0.04
				},
				"head": {
					"rotation": [15, -12.5, -12.5]
				},
				"gun": {
					"scale": 0.07
				},
				"mp5": {
					"rotation": [-2.5, 16.25, -110],
					"position": [-83.4375, 232.375, 57]
				}
			}
		}
	}
}