{
	"format_version": "1.8.0",
	"animations": {
		"animation.mk18.first_person.holding": {
			"loop": true,
			"bones": {
				"rightArmA": {
					"rotation": [0, -10, 0],
					"position": [2, 0, 0]
				},
				"rightArm": {
					"rotation": [-90, 10, 0],
					"position": [0, 0, 0]
				},
				"main": {
					"rotation": [-90, 0, 10],
					"position": [-13, -22.7, -3.8],
					"scale": 0.07
				},
				"leftArmA": {
					"rotation": [-9.5, 39, 10],
					"position": [-6.1, -1.4, -12]
				},
				"root": {
					"rotation": ["(math.cos(query.life_time * 100.0) * 0.200) + 0.200", 180, 0],
					"position": [1, -1, -3]
				},
				"leftArm": {
					"rotation": [-85, -14, -17.5],
					"position": [-4, 0.6, 0.9]
				},
				"rightArmUp": {
					"position": [0, 1, 0]
				},
				"body": {
					"position": [1, 0, 0]
				}
			}
		},
		"animation.mk18.first_person.draw": {
			"loop": "hold_on_last_frame",
			"animation_length": 12,
			"anim_time_update": "query.anim_time + query.delta_time * 20.0",
			"bones": {
				"rightArmA": {
					"rotation": [0, -10, 0],
					"position": [2, 0, 0]
				},
				"rightArm": {
					"rotation": {
						"0.0": [-2.5, 10, 0],
						"8.0": [-90, 10, 0],
						"10.0": [-95, 10, 0],
						"12.0": [-90, 10, 0]
					},
					"position": {
						"0.0": [0, 0, 0],
						"8.0": [0, 0, 0],
						"12.0": [0, 0, 0]
					}
				},
				"main": {
					"rotation": [-90, 0, 10],
					"position": [-13, -22.7, -3.8],
					"scale": 0.07
				},
				"leftArmA": {
					"rotation": [-9.5, 39, 10],
					"position": [-6.1, -1.4, -12]
				},
				"root": {
					"rotation": ["(math.cos(query.life_time * 100.0) * 0.200) + 0.200", 180, 0],
					"position": [1, -1, -3]
				},
				"leftArm": {
					"rotation": {
						"0.0": [0, -14, -17.5],
						"8.0": [-85, -14, -17.5],
						"12.0": [-85, -14, -17.5]
					},
					"position": {
						"0.0": [-4, 0.6, 9.9],
						"2.0": [-4, 0.6, 7.9],
						"4.0": [-4, 0.6, 7.57],
						"6.0": [-4, -2.4, 4.24],
						"8.0": [-4, 0.6, 0.9],
						"10.0": [-4, 1.6, 0.9],
						"12.0": [-4, 0.6, 0.9]
					}
				},
				"rightArmUp": {
					"position": [0, 1, 0]
				},
				"body": {
					"position": [1, 0, 0]
				}
			}
		},
		"animation.mk18.first_person.sprinting": {
			"loop": true,
			"bones": {
				"rightArmA": {
					"rotation": [0, -10, 0],
					"position": [2, 0, 0]
				},
				"rightArm": {
					"rotation": [-85, 10, 0],
					"position": [0, 0, 0]
				},
				"main": {
					"rotation": [-90, 0, 10],
					"position": [-13, -22.7, -3.8],
					"scale": 0.07
				},
				"leftArmA": {
					"rotation": [-9.5, 39, 10],
					"position": [-6.1, -1.4, -12]
				},
				"root": {
					"rotation": ["(math.cos(query.life_time * 100.0) * 0.200) + 0.200", 115, 0],
					"position": [8, -1, -2]
				},
				"leftArm": {
					"rotation": [-88, 10, 0],
					"position": [0, 0, 3]
				},
				"rightArmUp": {
					"position": [0, 1, 0]
				},
				"body": {
					"position": [1, 0, 0]
				}
			}
		},
		"animation.mk18.first_person.fire": {
			"loop": "hold_on_last_frame",
			"animation_length": 5.36,
			"anim_time_update": "query.anim_time + query.delta_time * 60.0",
			"bones": {
				"rightArmA": {
					"rotation": [0, -10, 0],
					"position": [2, 0, 0]
				},
				"rightArm": {
					"rotation": {
						"0.0": [-90, 10, 0],
						"2.0": [-92.5, 10, 0],
						"4.0": [-90, 10, 0]
					},
					"position": {
						"0.0": [0, 0, 0],
						"2.0": [0, -1, 1],
						"4.0": [0, 0, 0]
					}
				},
				"main": {
					"rotation": [-90, 0, 10],
					"position": [-13, -22.7, -3.8],
					"scale": 0.07
				},
				"leftArmA": {
					"rotation": [-9.5, 39, 10],
					"position": [-6.1, -1.4, -12]
				},
				"root": {
					"rotation": ["(math.cos(query.life_time * 100.0) * 0.200) + 0.200", 180, 0],
					"position": [1, -1, -3]
				},
				"leftArm": {
					"rotation": {
						"0.0": [-85, -14, -17.5],
						"2.0": [-86, -14, -17.5],
						"4.0": [-85, -14, -17.5]
					},
					"position": {
						"0.0": [-4, 0.6, 0.9],
						"2.0": [-4, 0, 1],
						"4.0": [-4, 0.6, 0.9]
					}
				},
				"rightArmUp": {
					"position": [0, 1, 0]
				},
				"body": {
					"position": [1, 0, 0]
				},
				"bullet": {
					"rotation": {
						"2.0": [-17.5, 0, 0],
						"2.8": [-17.5, 32.5, 0],
						"3.16": [7.5, 32.5, 0],
						"3.6": [7.5, 20, 0],
						"4.04": [37.5, 20, 0],
						"4.48": [57.5, 20, 0],
						"4.88": [57.5, 20, -55],
						"5.08": [57.5, 20, -17.5]
					},
					"position": {
						"0.0": [0, 0, 0],
						"2.0": [18, 0, 0],
						"2.8": [18, 19, 0],
						"3.16": [33, 19, 0],
						"3.6": [42, 8, 0],
						"4.04": [57, 8, 0],
						"4.48": [57, -10, 0],
						"4.88": [76, -14, 0],
						"5.08": [76, -42, 0],
						"5.36": [93, -42, 0]
					}
				}
			}
		},
		"animation.mk18.first_person.aim": {
			"loop": true,
			"bones": {
				"rightArmA": {
					"rotation": [0, -10, 0],
					"position": [2, 0, 0]
				},
				"rightArm": {
					"rotation": [-90, -10, 0],
					"position": [0, 0, 0]
				},
				"main": {
					"rotation": [-90, 0, 19.8],
					"position": [-10.325, -22.7, -3.81],
					"scale": 0.07
				},
				"leftArmA": {
					"rotation": [-15, 34.5, 0],
					"position": [-5.5, -1, -12]
				},
				"root": {
					"rotation": [-1.35, 179.89, 0],
					"position": [2.69, -0.5, -2.8]
				},
				"leftArm": {
					"rotation": [-80.5, -17.5, -17.5],
					"position": [1, 2, 5]
				},
				"rightArmUp": {
					"rotation": [0, 0, -10],
					"position": [1, -2, 0]
				},
				"body": {
					"position": [1, 0, 0]
				}
			}
		},
		"animation.mk18.first_person.reload": {
			"loop": "hold_on_last_frame",
			"animation_length": 42,
			"anim_time_update": "query.anim_time + query.delta_time * 10.0",
			"override_previous_animation": true,
			"bones": {
				"rightArmA": {
					"rotation": [0, -10, 0],
					"position": [2, 0, 0]
				},
				"rightArm": {
					"rotation": {
						"0.0": [-90, 10, 0],
						"2.0": [-107.5, 10, -22.5],
						"10.0": [-107.5, 10, -22.5],
						"12.0": [-110.5, 10, -22.5],
						"14.0": [-107.5, 10, -22.5],
						"16.0": [-107.5, 10, -22.5],
						"18.0": [-90, 10, 0],
						"20.0": [-90, 10, 17.5],
						"40.0": [-90, 10, 17.5],
						"42.0": [-90, 10, 0]
					},
					"position": {
						"0.0": [0, 0, 0],
						"42.0": [0, 0, 0]
					}
				},
				"main": {
					"rotation": [-90, 0, 10],
					"position": [-13, -22.7, -3.8],
					"scale": 0.07
				},
				"leftArmA": {
					"rotation": [-9.5, 39, 10],
					"position": [-6.1, -1.4, -12]
				},
				"root": {
					"rotation": ["(math.cos(query.life_time * 100.0) * 0.200) + 0.200", 180, 0],
					"position": [1, -1, -3]
				},
				"leftArm": {
					"rotation": {
						"0.0": [-85, -14, -17.5],
						"2.0": [-84.5, 11, -17.5],
						"4.0": [-24.5, 11, -17.5],
						"6.0": [-24.5, 11, -17.5],
						"8.0": [-24.5, 11, -17.5],
						"10.0": [-84.5, 11, -17.5],
						"16.0": [-84.5, 11, -17.5],
						"18.0": [-85, -14, -17.5],
						"20.0": [-92.5, -21.5, -17.5],
						"40.0": [-92.5, -21.5, -17.5],
						"42.0": [-85, -14, -17.5]
					},
					"position": {
						"0.0": [-4, 0.6, 0.9],
						"2.0": [-3, 2.1, 5.9],
						"10.0": [-3, 2.1, 5.9],
						"16.0": [-3, 2.1, 5.9],
						"18.0": [-4, 0.6, 0.9],
						"42.0": [-4, 0.6, 0.9]
					}
				},
				"rightArmUp": {
					"rotation": {
						"20.0": [0, 0, 0],
						"24.0": [0, 0, 0],
						"26.0": [0, 0, -12.5],
						"30.0": [0, 0, -12.5],
						"32.0": [0, 0, -12.5],
						"34.0": [0, 0, 0],
						"36.0": [0, 0, 0],
						"38.0": [0, 0, 0]
					},
					"position": {
						"0.0": [0, 1, 0],
						"20.0": [0, 1, 0],
						"22.0": [-3, 1, 0],
						"24.0": [-3, 2, -6],
						"26.0": [-3, 2, -6],
						"28.0": [-3, 3.4, -6],
						"30.0": [-3, 3.4, -6],
						"32.0": [-3, 2, -6],
						"34.0": [-3, 2, -6],
						"36.0": [-3, 1, 0],
						"38.0": [0, 1, 0]
					}
				},
				"body": {
					"position": [1, 0, 0]
				},
				"reload_trigger": {
					"position": {
						"26.0": [0, 0, 0],
						"28.0": [0, 0, -19],
						"30.0": [0, 0, -19],
						"32.0": [0, 0, -19],
						"34.0": [0, 0, 0]
					}
				},
				"full_mag": {
					"position": {
						"2.0": [0, 0, 0],
						"4.0": [0, -104, 0],
						"6.0": [0, -104, 0],
						"8.0": [0, -104, 0],
						"10.0": [0, 0, 0]
					}
				}
			}
		},
		"animation.mk18.first_person.aim_fire": {
			"loop": "hold_on_last_frame",
			"animation_length": 5.36,
			"anim_time_update": "query.anim_time + query.delta_time * 60.0",
			"bones": {
				"rightArmA": {
					"rotation": [0, -10, 0],
					"position": [2, 0, 0]
				},
				"rightArm": {
					"rotation": {
						"0.0": [-90, -10, 0],
						"2.0": [-92.5, -10, 0],
						"4.0": [-90, -10, 0]
					},
					"position": {
						"0.0": [0, 0, 0],
						"2.0": [0, -1, 1],
						"4.0": [0, 0, 0]
					}
				},
				"main": {
					"rotation": [-90, 0, 19.8],
					"position": [-10.325, -22.7, -3.81],
					"scale": 0.07
				},
				"leftArmA": {
					"rotation": [-15, 34.5, 0],
					"position": [-5.5, -1, -12]
				},
				"root": {
					"rotation": [-1.35, 179.89, 0],
					"position": [2.69, -0.5, -2.8]
				},
				"leftArm": {
					"rotation": {
						"0.0": [-80.5, -17.5, -17.5],
						"2.0": [-81.5, -17.5, -17.5],
						"4.0": [-80.5, -17.5, -17.5]
					},
					"position": {
						"0.0": [1, 2, 5],
						"2.0": [1, 1.5, 5.1],
						"4.0": [1, 2, 5]
					}
				},
				"rightArmUp": {
					"rotation": [0, 0, -10],
					"position": [1, -2, 0]
				},
				"body": {
					"position": [1, 0, 0]
				},
				"bullet": {
					"rotation": {
						"2.0": [-17.5, 0, 0],
						"2.8": [-17.5, 32.5, 0],
						"3.16": [7.5, 32.5, 0],
						"3.6": [7.5, 20, 0],
						"4.04": [37.5, 20, 0],
						"4.48": [57.5, 20, 0],
						"4.88": [57.5, 20, -55],
						"5.08": [57.5, 20, -17.5]
					},
					"position": {
						"0.0": [0, 0, 0],
						"2.0": [18, 0, 0],
						"2.8": [18, 19, 0],
						"3.16": [33, 19, 0],
						"3.6": [42, 8, 0],
						"4.04": [57, 8, 0],
						"4.48": [57, -10, 0],
						"4.88": [76, -14, 0],
						"5.08": [76, -42, 0],
						"5.36": [93, -42, 0]
					}
				}
			}
		},
		"animation.mk18.third_person.draw": {
			"loop": "hold_on_last_frame",
			"animation_length": 10,
			"anim_time_update": "query.anim_time + query.delta_time * 20.0",
			"bones": {
				"body": {
					"rotation": [0, 20, 0]
				},
				"rightArm": {
					"rotation": {
						"0.0": [0, 7.5, 0],
						"2.0": [-22.5, -2, 0],
						"4.0": [-42.5, -25, 0],
						"6.0": [-67.5, -35, 0],
						"8.0": [-77.5, -35, 0],
						"10.0": [-67.5, -35, 0]
					},
					"position": {
						"6.0": [0, 0, 1],
						"10.0": [0, 0, 1]
					}
				},
				"rightArmDown": {
					"rotation": [-22.5, 0, 0]
				},
				"main": {
					"rotation": [-65, 0, 0],
					"position": [-13.5, -21, -5],
					"scale": 0.06
				},
				"leftArm": {
					"rotation": {
						"0.0": [10, 0, 0],
						"2.0": [-35, 2.5, 0],
						"4.0": [-35, 30, 0],
						"6.0": [-86.5, 22.5, -15],
						"8.0": [-95, 22.5, -15],
						"10.0": [-86.5, 22.5, -15]
					},
					"position": {
						"0.0": [-1, 0, -1],
						"6.0": [-1, 0, -2.2],
						"10.0": [-1, 0, -2.2]
					}
				},
				"leftArmDown": {
					"rotation": [-15, 0, 0]
				}
			}
		},
		"animation.mk18.third_person.holding": {
			"loop": true,
			"bones": {
				"root": {
					"rotation": [0, 0, 0]
				},
				"body": {
					"rotation": [0, 20, 0]
				},
				"rightArm": {
					"rotation": [-67.5, -35, 0],
					"position": [0, 0, 1]
				},
				"rightArmDown": {
					"rotation": [-22.5, 0, 0]
				},
				"leftArm": {
					"rotation": [-86.5, 22.5, -15],
					"position": [-1, 0, -2.2]
				},
				"leftArmDown": {
					"rotation": [-15, 0, 0]
				},
				"main": {
					"rotation": [-65, 0, 0],
					"position": [-13.5, -21, -5],
					"scale": 0.06
				}
			}
		},
		"animation.mk18.third_person.sprinting": {
			"loop": true,
			"bones": {
				"root": {
					"rotation": [0, 0, 0]
				},
				"body": {
					"rotation": [0, 20, 0]
				},
				"rightArm": {
					"rotation": [-52.5, -37.5, 0],
					"position": [0, 0, 1]
				},
				"rightArmDown": {
					"rotation": [-22.5, 0, 0]
				},
				"leftArm": {
					"rotation": [-61.5, 22.5, -15],
					"position": [-1, 0, -2.2]
				},
				"leftArmDown": {
					"rotation": [-15, 0, 0]
				},
				"main": {
					"rotation": [-65, 0, 0],
					"position": [-13.5, -21, -5],
					"scale": 0.06
				}
			}
		},
		"animation.mk18.third_person.aim": {
			"loop": true,
			"bones": {
				"root": {
					"rotation": [0, 0, 0]
				},
				"body": {
					"rotation": [0, 20, 0]
				},
				"rightArm": {
					"rotation": [-67.5, -35, 7.5],
					"position": [0, 0, 1]
				},
				"rightArmDown": {
					"rotation": [-22.5, 0, 0]
				},
				"leftArm": {
					"rotation": [-79, 22.5, -15],
					"position": [-1, 0, -2.2]
				},
				"leftArmDown": {
					"rotation": [-15, 0, 0]
				},
				"main": {
					"rotation": [-65, 0, 0],
					"position": [-13.5, -21, -5],
					"scale": 0.06
				},
				"head": {
					"rotation": [15, -12.5, -12.5]
				}
			}
		},
		"animation.mk18.third_person.aim_fire": {
			"loop": "hold_on_last_frame",
			"animation_length": 5.36,
			"anim_time_update": "query.anim_time + query.delta_time * 60.0",
			"bones": {
				"root": {
					"rotation": [0, 0, 0]
				},
				"body": {
					"rotation": [0, 20, 0]
				},
				"rightArm": {
					"rotation": {
						"0.0": [-67.5, -35, 7.5],
						"2.0": [-72.5, -35, 7.5],
						"4.0": [-67.5, -35, 7.5]
					},
					"position": {
						"0.0": [0, 0, 1],
						"2.0": [0, -1, 2],
						"4.0": [0, 0, 1]
					}
				},
				"rightArmDown": {
					"rotation": [-22.5, 0, 0]
				},
				"leftArm": {
					"rotation": {
						"0.0": [-79, 22.5, -15],
						"2.0": [-79, 25, -15],
						"4.0": [-79, 22.5, -15]
					},
					"position": {
						"0.0": [-1, 0, -2],
						"2.0": [-1, 0, -2],
						"4.0": [-1, 0, -2]
					}
				},
				"leftArmDown": {
					"rotation": [-15, 0, 0]
				},
				"main": {
					"rotation": [-65, 0, 0],
					"position": [-13.5, -21, -5],
					"scale": 0.06
				},
				"head": {
					"rotation": [15, -12.5, -12.5]
				},
				"bullet": {
					"rotation": {
						"2.0": [-17.5, 0, 0],
						"2.8": [-17.5, 32.5, 0],
						"3.16": [7.5, 32.5, 0],
						"3.6": [7.5, 20, 0],
						"4.04": [37.5, 20, 0],
						"4.48": [57.5, 20, 0],
						"4.88": [57.5, 20, -55],
						"5.08": [57.5, 20, -17.5]
					},
					"position": {
						"0.0": [0, 0, 0],
						"2.0": [18, 0, 0],
						"2.8": [18, 19, 0],
						"3.16": [33, 19, 0],
						"3.6": [42, 8, 0],
						"4.04": [57, 8, 0],
						"4.48": [57, -10, 0],
						"4.88": [76, -14, 0],
						"5.08": [76, -42, 0],
						"5.36": [93, -42, 0]
					}
				}
			}
		},
		"animation.mk18.third_person.fire": {
			"loop": "hold_on_last_frame",
			"animation_length": 5.36,
			"anim_time_update": "query.anim_time + query.delta_time * 60.0",
			"bones": {
				"root": {
					"rotation": [0, 0, 0]
				},
				"body": {
					"rotation": [0, 20, 0]
				},
				"rightArm": {
					"rotation": {
						"0.0": [-67.5, -35, 0],
						"2.0": [-72.5, -35, 0],
						"4.0": [-67.5, -35, 0]
					},
					"position": {
						"0.0": [0, 0, 1],
						"2.0": [0, -1, 2],
						"4.0": [0, 0, 1]
					}
				},
				"rightArmDown": {
					"rotation": [-22.5, 0, 0]
				},
				"leftArm": {
					"rotation": {
						"0.0": [-86.5, 22.5, -15],
						"2.0": [-86.5, 25, -15],
						"4.0": [-86.5, 22.5, -15]
					},
					"position": {
						"0.0": [-1, 0, -2.2],
						"2.0": [-1, 0, -2.2],
						"4.0": [-1, 0, -2.2]
					}
				},
				"leftArmDown": {
					"rotation": [-15, 0, 0]
				},
				"main": {
					"rotation": [-65, 0, 0],
					"position": [-13.5, -21, -5],
					"scale": 0.06
				},
				"bullet": {
					"rotation": {
						"2.0": [-17.5, 0, 0],
						"2.8": [-17.5, 32.5, 0],
						"3.16": [7.5, 32.5, 0],
						"3.6": [7.5, 20, 0],
						"4.04": [37.5, 20, 0],
						"4.48": [57.5, 20, 0],
						"4.88": [57.5, 20, -55],
						"5.08": [57.5, 20, -17.5]
					},
					"position": {
						"0.0": [0, 0, 0],
						"2.0": [18, 0, 0],
						"2.8": [18, 19, 0],
						"3.16": [33, 19, 0],
						"3.6": [42, 8, 0],
						"4.04": [57, 8, 0],
						"4.48": [57, -10, 0],
						"4.88": [76, -14, 0],
						"5.08": [76, -42, 0],
						"5.36": [93, -42, 0]
					}
				}
			}
		},
		"animation.mk18.third_person.reload": {
			"loop": "hold_on_last_frame",
			"animation_length": 42,
			"anim_time_update": "query.anim_time + query.delta_time * 10.0",
			"override_previous_animation": true,
			"bones": {
				"root": {
					"rotation": [0, 0, 0]
				},
				"body": {
					"rotation": [0, 20, 0]
				},
				"rightArm": {
					"rotation": {
						"0.0": [-67.5, -35, 0],
						"2.0": [-82.5, -32.5, 0],
						"10.0": [-82.5, -32.5, 0],
						"12.0": [-85, -32.5, 0],
						"14.0": [-82.5, -32.5, 0],
						"16.0": [-82.5, -32.5, 0],
						"18.0": [-67.5, -35, 0],
						"20.0": [-55, -40, 10],
						"40.0": [-55, -40, 10],
						"42.0": [-67.5, -35, 0]
					},
					"position": {
						"0.0": [0, 0, 1],
						"18.0": [0, 0, 1],
						"40.0": [0, 0, 1],
						"42.0": [0, 0, 1]
					}
				},
				"rightArmDown": {
					"rotation": {
						"0.0": [-22.5, 0, 0],
						"26.0": [-22.5, 0, 0],
						"28.0": [-40, 0, 0],
						"30.0": [-40, 0, 0],
						"32.0": [-22.5, 0, 0]
					},
					"position": {
						"26.0": [0, 0, 0],
						"30.0": [0, 0, 0],
						"32.0": [0, 0, 0]
					}
				},
				"leftArm": {
					"rotation": {
						"0.0": [-86.5, 22.5, -15],
						"2.0": [-101.5, 30, -35],
						"4.0": [-61.5, 30, -17.5],
						"6.0": [-61.5, 30, -17.5],
						"8.0": [-61.5, 30, -17.5],
						"10.0": [-101.5, 30, -35],
						"16.0": [-101.5, 30, -35],
						"18.0": [-86.5, 22.5, -15],
						"20.0": [-51.5, 22.5, -15],
						"40.0": [-51.5, 22.5, -15],
						"42.0": [-86.5, 22.5, -15]
					},
					"position": {
						"0.0": [-1, 0, -2.2],
						"18.0": [-1, 0, -2.2],
						"20.0": [-1, 0, -3],
						"40.0": [-1, 0, -3],
						"42.0": [-1, 0, -2.2]
					}
				},
				"leftArmDown": {
					"rotation": [-15, 0, 0]
				},
				"main": {
					"rotation": [-65, 0, 0],
					"position": [-13.5, -21, -5],
					"scale": 0.06
				},
				"rightArmUp": {
					"rotation": {
						"20.0": [0, 0, 0],
						"22.0": [-2.5, 0, 30],
						"24.0": [-30, 0, 30],
						"26.0": [-30, -7.5, 30],
						"28.0": [-12.5, -7.5, 30],
						"30.0": [-12.5, -7.5, 30],
						"32.0": [-30, -7.5, 30],
						"34.0": [-30, 0, 30],
						"36.0": [-2.5, 0, 30],
						"38.0": [0, 0, 0]
					},
					"position": {
						"20.0": [0, 0, 0],
						"24.0": [0, 0, 0],
						"26.0": [0, 0.3, 0.2],
						"30.0": [0, 0.3, 0.2],
						"32.0": [0, 0.3, 0.2],
						"34.0": [0, 0, 0],
						"38.0": [0, 0, 0]
					}
				},
				"full_mag": {
					"position": {
						"2.0": [0, 0, 0],
						"4.0": [0, -81, 0],
						"6.0": [0, -81, 0],
						"8.0": [0, -81, 0],
						"10.0": [0, 0, 0]
					}
				},
				"reload_trigger": {
					"position": {
						"26.0": [0, 0, 0],
						"28.0": [0, 0, -19],
						"30.0": [0, 0, -19],
						"32.0": [0, 0, -19],
						"34.0": [0, 0, 0]
					}
				}
			}
		}
	}
}