{
	"format_version": "1.12.0",
	"minecraft:geometry": [
		{
			"description": {
				"identifier": "geometry.akm.mag",
				"texture_width": 2048,
				"texture_height": 2048,
				"visible_bounds_width": 54,
				"visible_bounds_height": 19,
				"visible_bounds_offset": [0, -4.5, 0]
			},
			"bones": [
				{
					"name": "root",
					"pivot": [0, 0, 0]
				},
				{
					"name": "waist",
					"parent": "root",
					"pivot": [0, 12, 0]
				},
				{
					"name": "body",
					"parent": "waist",
					"pivot": [0, 24, 0]
				},
				{
					"name": "head",
					"parent": "body",
					"pivot": [0, 24, 0]
				},
				{
					"name": "hat",
					"parent": "head",
					"pivot": [0, 24, 0]
				},
				{
					"name": "jacket",
					"parent": "body",
					"pivot": [0, 24, 0]
				},
				{
					"name": "rightArmA",
					"parent": "body",
					"pivot": [-5, 22, 0]
				},
				{
					"name": "rightArm",
					"parent": "rightArmA",
					"pivot": [-5, 22, 0]
				},
				{
					"name": "rightArmUp",
					"parent": "rightArm",
					"pivot": [-6, 22, 0],
					"cubes": [
						{"origin": [-8, 18, -2], "size": [4, 6, 4], "uv": [676, 1444]}
					]
				},
				{
					"name": "rightSleeveUp",
					"parent": "rightArmUp",
					"pivot": [-6, 22, 0],
					"cubes": [
						{"origin": [-8, 18, -2], "size": [4, 6, 4], "inflate": 0.25, "uv": [676, 1444]}
					]
				},
				{
					"name": "rightArmDown",
					"parent": "rightSleeveUp",
					"pivot": [-6, 18, 2],
					"cubes": [
						{"origin": [-8, 12, -2], "size": [4, 6, 4], "uv": [676, 1444]}
					]
				},
				{
					"name": "rightSleeveDown",
					"parent": "rightArmDown",
					"pivot": [-6, 18, 0],
					"cubes": [
						{"origin": [-8, 12, -2], "size": [4, 6, 4], "inflate": 0.25, "uv": [676, 1444]}
					]
				},
				{
					"name": "rightItem",
					"parent": "rightArmDown",
					"pivot": [-6, 15, 1]
				},
				{
					"name": "main",
					"parent": "rightArm",
					"pivot": [0, 0, 0]
				},
				{
					"name": "magazine",
					"parent": "main",
					"pivot": [-5, 19, 9]
				},
				{
					"name": "Ammo",
					"parent": "magazine",
					"pivot": [0, 7, 31],
					"cubes": [
						{"origin": [-8, 7, -15], "size": [16, 12, 46], "uv": [438, 108]}
					]
				},
				{
					"name": "Ammo2",
					"parent": "Ammo",
					"pivot": [0, -1, 31],
					"rotation": [-4, 0, 0],
					"cubes": [
						{"origin": [-8, -1.01949, -15.55805], "size": [16, 8, 46], "uv": [112, 604]}
					]
				},
				{
					"name": "Ammo3",
					"parent": "Ammo2",
					"pivot": [0, -9, 31],
					"rotation": [-4, 0, 0],
					"cubes": [
						{"origin": [-8, -9.07786, -16.11338], "size": [16, 8, 46], "uv": [326, 542]}
					]
				},
				{
					"name": "Ammo4",
					"parent": "Ammo3",
					"pivot": [0, -17, 31],
					"rotation": [-4, 0, 0],
					"cubes": [
						{"origin": [-8, -17.17482, -16.66329], "size": [16, 8, 46], "uv": [124, 524]}
					]
				},
				{
					"name": "Ammo5",
					"parent": "Ammo4",
					"pivot": [0, -25, 31],
					"rotation": [-4, 0, 0],
					"cubes": [
						{"origin": [-8, -25.30991, -17.2051], "size": [16, 8, 46], "uv": [0, 518]}
					]
				},
				{
					"name": "Ammo6",
					"parent": "Ammo5",
					"pivot": [0, -33, 31],
					"rotation": [-4, 0, 0],
					"cubes": [
						{"origin": [-8, -33.48246, -17.73616], "size": [16, 8, 46], "uv": [496, 496]}
					]
				},
				{
					"name": "Ammo7",
					"parent": "Ammo6",
					"pivot": [0, -41, 31],
					"rotation": [-4, 0, 0],
					"cubes": [
						{"origin": [-8, -43.69164, -18.25389], "size": [16, 10, 46], "uv": [460, 216]}
					]
				},
				{
					"name": "Ammo8",
					"parent": "Ammo7",
					"pivot": [0, -51, 31],
					"rotation": [-4, 0, 0],
					"cubes": [
						{"origin": [-8, -53.93642, -18.75577], "size": [16, 10, 46], "uv": [438, 371]}
					]
				},
				{
					"name": "Ammo9",
					"parent": "Ammo8",
					"pivot": [0, -61, 31],
					"rotation": [-4, 0, 0],
					"cubes": [
						{"origin": [-8, -64.21562, -19.23935], "size": [16, 10, 46], "uv": [438, 315]}
					]
				},
				{
					"name": "Ammo10",
					"parent": "Ammo9",
					"pivot": [0, -71, 31],
					"rotation": [-4, 0, 0],
					"cubes": [
						{"origin": [-8, -84.52786, -19.70228], "size": [16, 20, 46], "uv": [170, 203]}
					]
				},
				{
					"name": "Ammo11",
					"parent": "Ammo10",
					"pivot": [0, -91, 31],
					"rotation": [-4, 0, 0],
					"cubes": [
						{"origin": [-8, -98.87164, -20.1423], "size": [16, 14, 46], "uv": [326, 216]}
					]
				},
				{
					"name": "Ammo12",
					"parent": "Ammo11",
					"pivot": [0, -105, 31],
					"rotation": [-4, 0, 0],
					"cubes": [
						{"origin": [-8, -111.24528, -20.55727], "size": [16, 12, 46], "uv": [438, 0]}
					]
				},
				{
					"name": "Ammo13",
					"parent": "Ammo12",
					"pivot": [0, -117, 31],
					"rotation": [-4, 0, 0],
					"cubes": [
						{"origin": [-8, -123.64696, -20.94516], "size": [16, 12, 46], "uv": [438, 438]}
					]
				},
				{
					"name": "Ammo14",
					"parent": "magazine",
					"pivot": [0, 7, 31],
					"cubes": [
						{"origin": [-8.2, 6.8, 22.8], "size": [16.4, 12.4, 8.4], "inflate": 0.2, "uv": [374, 473]},
						{"origin": [-8.2, 18.8, 24.175], "size": [16.4, 7.4, 7.025], "inflate": 0.2, "uv": [78, 247]},
						{"origin": [3.8, 18.8, 6.75], "size": [4.4, 7.4, 17.025], "inflate": 0.2, "uv": [154, 108]},
						{"origin": [3.8, 18.8, -6.25], "size": [4.4, 4.4, 13.025], "inflate": 0.2, "uv": [45, 283]},
						{"origin": [3.8, 18.3839, 2.91553], "size": [4.4, 4.4, 6.025], "inflate": 0.2, "pivot": [6, 20.5839, 2.42803], "rotation": [35, 0, 0], "uv": [48, 0]},
						{"origin": [-8.2, 18.8, -6.675], "size": [4.7, 4.4, 13.025], "inflate": 0.2, "uv": [266, 171]},
						{"origin": [-8.2, 18.3839, 1.91553], "size": [4.7, 4.4, 7.025], "inflate": 0.2, "pivot": [-5.85, 20.5839, 2.42803], "rotation": [35, 0, 0], "uv": [400, 349]},
						{"origin": [-8.2, 18.8, -15.3], "size": [4.7, 2.4, 10.65], "inflate": 0.2, "uv": [402, 46]},
						{"origin": [-3.1, 18.8, -15.3], "size": [7.7, 1.3, 4.15], "inflate": 0.2, "uv": [158, 58]},
						{"origin": [-8.2, 60.06987, -26.37689], "size": [4.7, 2.4, 4.65], "inflate": 0.2, "pivot": [-11.7, 66.26987, 48.07311], "rotation": [35, 0, 0], "uv": [48, 368]},
						{"origin": [3.8, 18.8, -15.225], "size": [4.4, 2.4, 8.575], "inflate": 0.2, "uv": [266, 188]},
						{"origin": [3.8, 60.06987, -25.87689], "size": [4.4, 2.4, 4.575], "inflate": 0.2, "pivot": [0, 66.26987, 48.49811], "rotation": [35, 0, 0], "uv": [154, 119]},
						{"origin": [-8.2, 18.8, 6.75], "size": [4.7, 7.4, 17.025], "inflate": 0.2, "uv": [60, 108]}
					]
				},
				{
					"name": "Ammo15",
					"parent": "Ammo14",
					"pivot": [0, -1, 31],
					"rotation": [-4, 0, 0],
					"cubes": [
						{"origin": [-8.2, -1.21949, 22.24195], "size": [16.4, 8.4, 8.4], "inflate": 0.2, "uv": [538, 240]}
					]
				},
				{
					"name": "Ammo16",
					"parent": "Ammo15",
					"pivot": [0, -9, 31],
					"rotation": [-4, 0, 0],
					"cubes": [
						{"origin": [-8.2, -9.27786, 21.68662], "size": [16.4, 8.4, 8.4], "inflate": 0.2, "uv": [538, 224]}
					]
				},
				{
					"name": "Ammo17",
					"parent": "Ammo16",
					"pivot": [0, -17, 31],
					"rotation": [-4, 0, 0],
					"cubes": [
						{"origin": [-8.2, -17.37482, 21.13671], "size": [16.4, 8.4, 8.4], "inflate": 0.2, "uv": [538, 208]}
					]
				},
				{
					"name": "Ammo18",
					"parent": "Ammo17",
					"pivot": [0, -25, 31],
					"rotation": [-4, 0, 0],
					"cubes": [
						{"origin": [-8.2, -25.50991, 20.5949], "size": [16.4, 8.4, 8.4], "inflate": 0.2, "uv": [78, 534]}
					]
				},
				{
					"name": "Ammo19",
					"parent": "Ammo18",
					"pivot": [0, -33, 31],
					"rotation": [-4, 0, 0],
					"cubes": [
						{"origin": [-8.2, -33.68246, 20.06384], "size": [16.4, 8.4, 8.4], "inflate": 0.2, "uv": [530, 272]}
					]
				},
				{
					"name": "Ammo20",
					"parent": "Ammo19",
					"pivot": [0, -41, 31],
					"rotation": [-4, 0, 0],
					"cubes": [
						{"origin": [-8.2, -43.89164, 19.54611], "size": [16.4, 10.4, 8.4], "inflate": 0.2, "uv": [516, 434]}
					]
				},
				{
					"name": "Ammo21",
					"parent": "Ammo20",
					"pivot": [0, -51, 31],
					"rotation": [-4, 0, 0],
					"cubes": [
						{"origin": [-8.2, -54.13642, 19.04423], "size": [16.4, 10.4, 8.4], "inflate": 0.2, "uv": [516, 389]}
					]
				},
				{
					"name": "Ammo22",
					"parent": "Ammo21",
					"pivot": [0, -61, 31],
					"rotation": [-4, 0, 0],
					"cubes": [
						{"origin": [-8.2, -64.41562, 18.56065], "size": [16.4, 10.4, 8.4], "inflate": 0.2, "uv": [516, 371]}
					]
				},
				{
					"name": "Ammo23",
					"parent": "Ammo22",
					"pivot": [0, -71, 31],
					"rotation": [-4, 0, 0],
					"cubes": [
						{"origin": [-8.2, -84.72786, 18.09772], "size": [16.4, 20.4, 8.4], "inflate": 0.2, "uv": [162, 438]}
					]
				},
				{
					"name": "Ammo24",
					"parent": "Ammo23",
					"pivot": [0, -91, 31],
					"rotation": [-4, 0, 0],
					"cubes": [
						{"origin": [-8.2, -99.07164, 17.6577], "size": [16.4, 14.4, 8.4], "inflate": 0.2, "uv": [252, 302]}
					]
				},
				{
					"name": "Ammo25",
					"parent": "Ammo24",
					"pivot": [0, -105, 31],
					"rotation": [-4, 0, 0],
					"cubes": [
						{"origin": [-8.2, -111.44528, 17.24273], "size": [16.4, 12.4, 8.4], "inflate": 0.2, "uv": [326, 473]}
					]
				},
				{
					"name": "Ammo26",
					"parent": "Ammo25",
					"pivot": [0, -117, 31],
					"rotation": [-4, 0, 0],
					"cubes": [
						{"origin": [-8.2, -123.84696, -13.14516], "size": [16.4, 12.4, 38.4], "inflate": 0.2, "uv": [516, 70]}
					]
				},
				{
					"name": "Ammo27",
					"parent": "magazine",
					"pivot": [0, 7, 31],
					"cubes": [
						{"origin": [-8.2, 6.8, -15.2], "size": [16.4, 12.4, 8.4], "inflate": 0.2, "uv": [156, 466]}
					]
				},
				{
					"name": "Ammo28",
					"parent": "Ammo27",
					"pivot": [0, -1, 31],
					"rotation": [-4, 0, 0],
					"cubes": [
						{"origin": [-8.2, -1.21949, -15.75805], "size": [16.4, 8.4, 8.4], "inflate": 0.2, "uv": [527, 166]}
					]
				},
				{
					"name": "Ammo29",
					"parent": "Ammo28",
					"pivot": [0, -9, 31],
					"rotation": [-4, 0, 0],
					"cubes": [
						{"origin": [-8.2, -9.27786, -16.31338], "size": [16.4, 8.4, 8.4], "inflate": 0.2, "uv": [118, 526]}
					]
				},
				{
					"name": "Ammo30",
					"parent": "Ammo29",
					"pivot": [0, -17, 31],
					"rotation": [-4, 0, 0],
					"cubes": [
						{"origin": [-8.2, -17.37482, -16.86329], "size": [16.4, 8.4, 8.4], "inflate": 0.2, "uv": [78, 518]}
					]
				},
				{
					"name": "Ammo31",
					"parent": "Ammo30",
					"pivot": [0, -25, 31],
					"rotation": [-4, 0, 0],
					"cubes": [
						{"origin": [-8.2, -25.50991, -17.4051], "size": [16.4, 8.4, 8.4], "inflate": 0.2, "uv": [516, 468]}
					]
				},
				{
					"name": "Ammo32",
					"parent": "Ammo31",
					"pivot": [0, -33, 31],
					"rotation": [-4, 0, 0],
					"cubes": [
						{"origin": [-8.2, -33.68246, -17.93616], "size": [16.4, 8.4, 8.4], "inflate": 0.2, "uv": [516, 452]}
					]
				},
				{
					"name": "Ammo33",
					"parent": "Ammo32",
					"pivot": [0, -41, 31],
					"rotation": [-4, 0, 0],
					"cubes": [
						{"origin": [-8.2, -43.89164, -18.45389], "size": [16.4, 10.4, 8.4], "inflate": 0.2, "uv": [516, 333]}
					]
				},
				{
					"name": "Ammo34",
					"parent": "Ammo33",
					"pivot": [0, -51, 31],
					"rotation": [-4, 0, 0],
					"cubes": [
						{"origin": [-8.2, -54.13642, -18.95577], "size": [16.4, 10.4, 8.4], "inflate": 0.2, "uv": [516, 315]}
					]
				},
				{
					"name": "Ammo35",
					"parent": "Ammo34",
					"pivot": [0, -61, 31],
					"rotation": [-4, 0, 0],
					"cubes": [
						{"origin": [-8.2, -64.41562, -19.43935], "size": [16.4, 10.4, 8.4], "inflate": 0.2, "uv": [248, 231]}
					]
				},
				{
					"name": "Ammo36",
					"parent": "Ammo35",
					"pivot": [0, -71, 31],
					"rotation": [-4, 0, 0],
					"cubes": [
						{"origin": [-8.2, -84.72786, -19.90228], "size": [16.4, 20.4, 8.4], "inflate": 0.2, "uv": [248, 203]}
					]
				},
				{
					"name": "Ammo37",
					"parent": "Ammo36",
					"pivot": [0, -91, 31],
					"rotation": [-4, 0, 0],
					"cubes": [
						{"origin": [-8.2, -99.07164, -20.3423], "size": [16.4, 14.4, 8.4], "inflate": 0.2, "uv": [252, 0]}
					]
				},
				{
					"name": "Ammo38",
					"parent": "Ammo37",
					"pivot": [0, -105, 31],
					"rotation": [-4, 0, 0],
					"cubes": [
						{"origin": [-8.2, -111.44528, -20.75727], "size": [16.4, 12.4, 8.4], "inflate": 0.2, "uv": [48, 461]}
					]
				},
				{
					"name": "Ammo39",
					"parent": "Ammo38",
					"pivot": [0, -117, 31],
					"rotation": [-4, 0, 0],
					"cubes": [
						{"origin": [-8.2, -123.84696, -21.14516], "size": [16.4, 12.4, 8.4], "inflate": 0.2, "uv": [0, 458]}
					]
				},
				{
					"name": "Ammo40",
					"parent": "magazine",
					"pivot": [0, 7, 31],
					"cubes": [
						{"origin": [-8.2, 6.8, -1.2], "size": [16.4, 12.4, 4.4], "inflate": 0.2, "uv": [524, 550]}
					]
				},
				{
					"name": "Ammo41",
					"parent": "Ammo40",
					"pivot": [0, -1, 31],
					"rotation": [-4, 0, 0],
					"cubes": [
						{"origin": [-8.2, -1.21949, -1.75805], "size": [16.4, 8.4, 4.4], "inflate": 0.2, "uv": [543, 288]}
					]
				},
				{
					"name": "Ammo42",
					"parent": "Ammo41",
					"pivot": [0, -9, 31],
					"rotation": [-4, 0, 0],
					"cubes": [
						{"origin": [-8.2, -9.27786, -2.31338], "size": [16.4, 8.4, 4.4], "inflate": 0.2, "uv": [516, 32]}
					]
				},
				{
					"name": "Ammo43",
					"parent": "Ammo42",
					"pivot": [0, -17, 31],
					"rotation": [-4, 0, 0],
					"cubes": [
						{"origin": [-8.2, -17.37482, -2.86329], "size": [16.4, 8.4, 4.4], "inflate": 0.2, "uv": [438, 470]}
					]
				},
				{
					"name": "Ammo44",
					"parent": "Ammo43",
					"pivot": [0, -25, 31],
					"rotation": [-4, 0, 0],
					"cubes": [
						{"origin": [-8.2, -25.50991, -3.4051], "size": [16.4, 8.4, 4.4], "inflate": 0.2, "uv": [460, 248]}
					]
				},
				{
					"name": "Ammo45",
					"parent": "Ammo44",
					"pivot": [0, -33, 31],
					"rotation": [-4, 0, 0],
					"cubes": [
						{"origin": [-8.2, -33.68246, -3.93616], "size": [16.4, 8.4, 4.4], "inflate": 0.2, "uv": [186, 410]}
					]
				},
				{
					"name": "Ammo46",
					"parent": "Ammo45",
					"pivot": [0, -41, 31],
					"rotation": [-4, 0, 0],
					"cubes": [
						{"origin": [-8.2, -43.89164, -4.45389], "size": [16.4, 10.4, 4.4], "inflate": 0.2, "uv": [438, 403]}
					]
				},
				{
					"name": "Ammo47",
					"parent": "Ammo46",
					"pivot": [0, -51, 31],
					"rotation": [-4, 0, 0],
					"cubes": [
						{"origin": [-8.2, -54.13642, -4.95577], "size": [16.4, 10.4, 4.4], "inflate": 0.2, "uv": [438, 140]}
					]
				},
				{
					"name": "Ammo48",
					"parent": "Ammo47",
					"pivot": [0, -61, 31],
					"rotation": [-4, 0, 0],
					"cubes": [
						{"origin": [-8.2, -64.41562, -5.43935], "size": [16.4, 10.4, 4.4], "inflate": 0.2, "uv": [438, 32]}
					]
				},
				{
					"name": "Ammo49",
					"parent": "Ammo48",
					"pivot": [0, -71, 31],
					"rotation": [-4, 0, 0],
					"cubes": [
						{"origin": [-8.2, -84.72786, -5.90228], "size": [16.4, 20.4, 4.4], "inflate": 0.2, "uv": [326, 216]}
					]
				},
				{
					"name": "Ammo50",
					"parent": "Ammo49",
					"pivot": [0, -91, 31],
					"rotation": [-4, 0, 0],
					"cubes": [
						{"origin": [-8.2, -99.07164, -6.3423], "size": [16.4, 14.4, 4.4], "inflate": 0.2, "uv": [390, 70]}
					]
				},
				{
					"name": "Ammo51",
					"parent": "Ammo50",
					"pivot": [0, -105, 31],
					"rotation": [-4, 0, 0],
					"cubes": [
						{"origin": [-8.2, -111.44528, -6.75727], "size": [16.4, 12.4, 4.4], "inflate": 0.2, "uv": [484, 550]}
					]
				},
				{
					"name": "Ammo52",
					"parent": "Ammo51",
					"pivot": [0, -117, 31],
					"rotation": [-4, 0, 0],
					"cubes": [
						{"origin": [-8.2, -123.84696, -7.14516], "size": [16.4, 12.4, 4.4], "inflate": 0.2, "uv": [547, 120]}
					]
				},
				{
					"name": "Ammo53",
					"parent": "magazine",
					"pivot": [0, 7, 31],
					"cubes": [
						{"origin": [-8.2, 6.8, 10.8], "size": [16.4, 12.4, 4.4], "inflate": 0.2, "uv": [444, 542]}
					]
				},
				{
					"name": "Ammo54",
					"parent": "Ammo53",
					"pivot": [0, -1, 31],
					"rotation": [-4, 0, 0],
					"cubes": [
						{"origin": [-8.2, -1.21949, 10.24195], "size": [16.4, 8.4, 4.4], "inflate": 0.2, "uv": [58, 410]}
					]
				},
				{
					"name": "Ammo55",
					"parent": "Ammo54",
					"pivot": [0, -9, 31],
					"rotation": [-4, 0, 0],
					"cubes": [
						{"origin": [-8.2, -9.27786, 9.68662], "size": [16.4, 8.4, 4.4], "inflate": 0.2, "uv": [390, 191]}
					]
				},
				{
					"name": "Ammo56",
					"parent": "Ammo55",
					"pivot": [0, -17, 31],
					"rotation": [-4, 0, 0],
					"cubes": [
						{"origin": [-8.2, -17.37482, 9.13671], "size": [16.4, 8.4, 4.4], "inflate": 0.2, "uv": [384, 0]}
					]
				},
				{
					"name": "Ammo57",
					"parent": "Ammo56",
					"pivot": [0, -25, 31],
					"rotation": [-4, 0, 0],
					"cubes": [
						{"origin": [-8.2, -25.50991, 8.5949], "size": [16.4, 8.4, 4.4], "inflate": 0.2, "uv": [58, 302]}
					]
				},
				{
					"name": "Ammo58",
					"parent": "Ammo57",
					"pivot": [0, -33, 31],
					"rotation": [-4, 0, 0],
					"cubes": [
						{"origin": [-8.2, -33.68246, 8.06384], "size": [16.4, 8.4, 4.4], "inflate": 0.2, "uv": [0, 58]}
					]
				},
				{
					"name": "Ammo59",
					"parent": "Ammo58",
					"pivot": [0, -41, 31],
					"rotation": [-4, 0, 0],
					"cubes": [
						{"origin": [-8.2, -43.89164, 7.54611], "size": [16.4, 10.4, 4.4], "inflate": 0.2, "uv": [404, 248]}
					]
				},
				{
					"name": "Ammo60",
					"parent": "Ammo59",
					"pivot": [0, -51, 31],
					"rotation": [-4, 0, 0],
					"cubes": [
						{"origin": [-8.2, -54.13642, 7.04423], "size": [16.4, 10.4, 4.4], "inflate": 0.2, "uv": [390, 88]}
					]
				},
				{
					"name": "Ammo61",
					"parent": "Ammo60",
					"pivot": [0, -61, 31],
					"rotation": [-4, 0, 0],
					"cubes": [
						{"origin": [-8.2, -64.41562, 6.56065], "size": [16.4, 10.4, 4.4], "inflate": 0.2, "uv": [194, 336]}
					]
				},
				{
					"name": "Ammo62",
					"parent": "Ammo61",
					"pivot": [0, -71, 31],
					"rotation": [-4, 0, 0],
					"cubes": [
						{"origin": [-8.2, -84.72786, 6.09772], "size": [16.4, 20.4, 4.4], "inflate": 0.2, "uv": [258, 269]}
					]
				},
				{
					"name": "Ammo63",
					"parent": "Ammo62",
					"pivot": [0, -91, 31],
					"rotation": [-4, 0, 0],
					"cubes": [
						{"origin": [-8.2, -99.07164, 5.6577], "size": [16.4, 14.4, 4.4], "inflate": 0.2, "uv": [64, 368]}
					]
				},
				{
					"name": "Ammo64",
					"parent": "Ammo63",
					"pivot": [0, -105, 31],
					"rotation": [-4, 0, 0],
					"cubes": [
						{"origin": [-8.2, -111.44528, 5.24273], "size": [16.4, 12.4, 4.4], "inflate": 0.2, "uv": [404, 542]}
					]
				},
				{
					"name": "Ammo65",
					"parent": "Ammo64",
					"pivot": [0, -117, 31],
					"rotation": [-4, 0, 0],
					"cubes": [
						{"origin": [-8.2, -123.84696, 4.85484], "size": [16.4, 12.4, 4.4], "inflate": 0.2, "uv": [390, 175]}
					]
				},
				{
					"name": "bullet",
					"parent": "magazine",
					"pivot": [-0.175, 24, 9],
					"rotation": [180, 0, 0]
				},
				{
					"name": "shell",
					"parent": "bullet",
					"pivot": [-0.955, 6.841, 890.567],
					"cubes": [
						{"origin": [-8.48109, 29.65392, -5.77949], "size": [1.89683, 1.89683, 3.84108], "pivot": [0.18021, 33.15345, -0.41694], "rotation": [0, 0, -90], "uv": [248, 207]},
						{"origin": [-8.48109, 29.65392, -1.27796], "size": [1.89683, 1.89683, 14.76819], "pivot": [0.18021, 33.15345, -0.08844], "rotation": [0, 0, -90], "uv": [550, 552]},
						{"origin": [-7.46776, 25.79213, -5.77949], "size": [1.89683, 1.89683, 3.84108], "pivot": [0.18021, 33.15345, -0.41694], "rotation": [0, 0, -60], "uv": [248, 203]},
						{"origin": [-7.46776, 25.79213, -1.27796], "size": [1.89683, 1.89683, 14.76819], "pivot": [0.18021, 33.15345, -0.08844], "rotation": [0, 0, -60], "uv": [550, 393]},
						{"origin": [-4.6593, 22.95436, -5.77949], "size": [1.89683, 1.89683, 3.84108], "pivot": [0.18021, 33.15345, -0.41694], "rotation": [0, 0, -30], "uv": [158, 230]},
						{"origin": [-4.6593, 22.95436, -1.27796], "size": [1.89683, 1.89683, 14.76819], "pivot": [0.18021, 33.15345, -0.08844], "rotation": [0, 0, -30], "uv": [550, 337]},
						{"origin": [-0.8082, 21.90103, -5.77949], "size": [1.89683, 1.89683, 3.84108], "uv": [190, 112]},
						{"origin": [-0.8082, 21.90103, -1.27796], "size": [1.89683, 1.89683, 14.76819], "uv": [548, 413]},
						{"origin": [3.05359, 22.91435, -5.77949], "size": [1.89683, 1.89683, 3.84108], "pivot": [0.18021, 33.15345, -0.41694], "rotation": [0, 0, 30], "uv": [171, 40]},
						{"origin": [3.05359, 22.91435, -1.27796], "size": [1.89683, 1.89683, 14.76819], "pivot": [0.18021, 33.15345, -0.08844], "rotation": [0, 0, 30], "uv": [140, 544]},
						{"origin": [5.89134, 25.72282, -5.77949], "size": [1.89683, 1.89683, 3.84108], "pivot": [0.18021, 33.15345, -0.41694], "rotation": [0, 0, 60], "uv": [96, 0]},
						{"origin": [5.89134, 25.72282, -1.27796], "size": [1.89683, 1.89683, 14.76819], "pivot": [0.18021, 33.15345, -0.08844], "rotation": [0, 0, 60], "uv": [469, 515]},
						{"origin": [6.94469, 29.5739, -5.77949], "size": [1.89683, 1.89683, 3.84108], "pivot": [0.18021, 33.15345, -0.41694], "rotation": [0, 0, 90], "uv": [86, 50]},
						{"origin": [6.94469, 29.5739, -1.27796], "size": [1.89683, 1.89683, 14.76819], "pivot": [0.18021, 33.15345, -0.08844], "rotation": [0, 0, 90], "uv": [357, 512]},
						{"origin": [5.93135, 33.4357, -5.77949], "size": [1.89683, 6.35439, 3.84108], "pivot": [0.18021, 33.15345, -0.41694], "rotation": [0, 0, 120], "uv": [112, 149]},
						{"origin": [5.93135, 33.4357, -1.27796], "size": [1.89683, 1.89683, 14.76819], "pivot": [0.18021, 33.15345, -0.08844], "rotation": [0, 0, 120], "uv": [469, 496]},
						{"origin": [3.12289, 36.27345, -5.77949], "size": [1.89683, 6.35439, 3.84108], "pivot": [0.18021, 33.15345, -0.41694], "rotation": [0, 0, 150], "uv": [0, 142]},
						{"origin": [3.12289, 36.27345, -1.27796], "size": [1.89683, 1.89683, 14.76819], "pivot": [0.18021, 33.15345, -0.08844], "rotation": [0, 0, 150], "uv": [357, 493]},
						{"origin": [-4.59, 36.31346, -5.77949], "size": [1.89683, 6.35439, 3.84108], "pivot": [0.18021, 33.15345, -0.41694], "rotation": [0, 0, -150], "uv": [112, 40]},
						{"origin": [-4.59, 36.31346, -1.27796], "size": [1.89683, 1.89683, 14.76819], "pivot": [0.18021, 33.15345, -0.08844], "rotation": [0, 0, -150], "uv": [396, 414]},
						{"origin": [-0.7282, 37.32679, -5.77949], "size": [1.89683, 6.35439, 3.84108], "pivot": [0.18021, 33.15345, -0.41694], "rotation": [0, 0, 180], "uv": [32, 75]},
						{"origin": [-0.7282, 37.32679, -1.27796], "size": [1.89683, 1.89683, 14.76819], "pivot": [0.18021, 33.15345, -0.08844], "rotation": [0, 0, 180], "uv": [400, 334]},
						{"origin": [-0.7282, 36.97041, 14.36531], "size": [1.89683, 1.89683, 4.07369], "pivot": [0.18021, 32.9867, 13.82332], "rotation": [12.5, 0, 180], "uv": [208, 168]},
						{"origin": [3.49336, 36.00483, 14.13333], "size": [1.89683, 1.89683, 4.07369], "pivot": [0.40178, 33.06751, 13.82332], "rotation": [12.5, 0, 150], "uv": [208, 139]},
						{"origin": [-5.10978, 36.00483, 14.13333], "size": [1.89683, 1.89683, 4.07369], "pivot": [-0.12136, 33.06751, 13.82332], "rotation": [12.5, 0, -150], "uv": [208, 134]},
						{"origin": [6.57305, 33.32681, 13.49955], "size": [1.89683, 1.89683, 4.07369], "pivot": [0.55327, 33.24828, 13.82332], "rotation": [12.5, 0, 120], "uv": [206, 207]},
						{"origin": [-8.18947, 33.32681, 13.49955], "size": [1.89683, 1.89683, 4.07369], "pivot": [-0.27285, 33.24828, 13.82332], "rotation": [12.5, 0, -120], "uv": [194, 39]},
						{"origin": [7.68566, 29.6539, 12.63379], "size": [1.89683, 1.89683, 4.07369], "pivot": [0.59408, 33.48056, 13.82332], "rotation": [12.5, 0, 90], "uv": [194, 34]},
						{"origin": [-9.30208, 29.6539, 12.63379], "size": [1.89683, 1.89683, 4.07369], "pivot": [-0.31366, 33.48056, 13.82332], "rotation": [12.5, 0, -90], "uv": [194, 5]},
						{"origin": [6.53305, 25.97031, 11.76803], "size": [1.89683, 1.89683, 4.07369], "pivot": [0.51326, 33.70214, 13.82332], "rotation": [12.5, 0, 60], "uv": [194, 0]},
						{"origin": [-8.14947, 25.9703, 11.76803], "size": [1.89683, 1.89683, 4.07369], "pivot": [-0.23285, 33.70214, 13.82332], "rotation": [12.5, 0, -60], "uv": [188, 191]},
						{"origin": [3.42408, 23.263, 11.13426], "size": [1.89683, 1.89683, 4.07369], "pivot": [0.33249, 33.85363, 13.82332], "rotation": [12.5, 0, 30], "uv": [188, 178]},
						{"origin": [-5.0405, 23.26299, 11.13426], "size": [1.89683, 1.89683, 4.07369], "pivot": [-0.05208, 33.85363, 13.82332], "rotation": [12.5, 0, -30], "uv": [0, 185]},
						{"origin": [-0.8082, 22.25742, 10.90228], "size": [1.89683, 1.89683, 4.07369], "pivot": [0.10021, 33.89444, 13.82332], "rotation": [12.5, 0, 0], "uv": [0, 180]},
						{"origin": [-7.42774, 33.50499, -5.77949], "size": [1.89683, 6.35439, 3.84108], "pivot": [0.18021, 33.15345, -0.41694], "rotation": [0, 0, -120], "uv": [0, 0]},
						{"origin": [-7.42774, 33.50499, -1.27796], "size": [1.89683, 1.89683, 14.76819], "pivot": [0.18021, 33.15345, -0.08844], "rotation": [0, 0, -120], "uv": [400, 143]},
						{"origin": [-8.29558, 26.28283, -5.442], "size": [2.51008, 2.51008, 7.53023], "pivot": [0.18021, 33.15345, -0.08844], "rotation": [0, 0, -45], "uv": [374, 108]},
						{"origin": [2.76587, 26.45257, -5.442], "size": [2.51008, 2.51008, 7.53023], "pivot": [0.18021, 33.15345, -0.08844], "rotation": [0, 0, 45], "uv": [252, 360]},
						{"origin": [-8.89645, 33.55328, -5.442], "size": [2.51008, 2.51008, 7.53023], "pivot": [0.18021, 33.15345, -0.08844], "rotation": [0, 0, -90], "uv": [160, 336]},
						{"origin": [4.54078, 28.22745, -5.442], "size": [2.51008, 2.51008, 7.53023], "pivot": [0.18021, 33.15345, -0.08844], "rotation": [0, 0, 45], "uv": [160, 302]},
						{"origin": [-8.89645, 30.0035, -5.442], "size": [2.51008, 2.51008, 7.53023], "pivot": [0.18021, 33.15345, -0.08844], "rotation": [0, 0, -90], "uv": [192, 269]},
						{"origin": [-6.52067, 24.50792, -5.442], "size": [2.51008, 2.51008, 7.53023], "pivot": [0.18021, 33.15345, -0.08844], "rotation": [0, 0, -45], "uv": [179, 112]},
						{"origin": [-0.95479, 25.85168, -5.442], "size": [2.51008, 2.51008, 7.53023], "uv": [162, 0]},
						{"origin": [-0.95479, 22.30191, -5.442], "size": [2.51008, 2.51008, 7.53023], "uv": [160, 40]}
					]
				},
				{
					"name": "eject",
					"parent": "shell",
					"pivot": [-0.955, 6.841, 890.567]
				},
				{
					"name": "main2",
					"parent": "bullet",
					"pivot": [-0.175, 24, 9],
					"cubes": [
						{"origin": [8.1618, 35.74756, 17.23524], "size": [1.46, 1.46, 6.1685], "pivot": [1.96359, 32.47756, 21.39624], "rotation": [0, 0, 120], "uv": [90, 97]},
						{"origin": [1.89488, 38.87617, 17.23524], "size": [1.46, 1.46, 6.1685], "pivot": [-0.19541, 31.86327, 21.39624], "rotation": [0, 0, 150], "uv": [66, 278]},
						{"origin": [-1.35721, 39.51616, 17.23524], "size": [1.46, 1.46, 6.1685], "pivot": [-0.19541, 31.86327, 21.39624], "rotation": [0, 0, -180], "uv": [156, 246]},
						{"origin": [-3.99057, 24.68975, 19.73242], "size": [1.46, 1.46, 4.745], "pivot": [-0.00488, 32.40403, 24.12041], "rotation": [25, 0, -30], "uv": [290, 22]},
						{"origin": [-6.5063, 26.59657, 20.73966], "size": [1.46, 1.46, 4.745], "pivot": [-0.1373, 32.20188, 23.89013], "rotation": [25, 0, -60], "uv": [290, 27]},
						{"origin": [-0.4936, 24.00115, 19.36375], "size": [1.46, 1.46, 4.745], "pivot": [0.2364, 32.48737, 24.20469], "rotation": [25, 0, 0], "uv": [48, 283]},
						{"origin": [-7.04783, 32.74476, 22.95844], "size": [1.46, 1.46, 4.745], "pivot": [1.68217, 33.47476, 24.41844], "rotation": [25, 0, -90], "uv": [290, 107]},
						{"origin": [-6.49921, 32.74476, 17.23524], "size": [1.46, 1.46, 6.1685], "pivot": [2.23079, 33.47476, 21.39624], "rotation": [0, 0, -90], "uv": [326, 247]},
						{"origin": [-1.3572, 41.97337, 17.23524], "size": [1.46, 1.46, 6.1685], "pivot": [-0.1954, 35.08627, 21.39624], "rotation": [0, 0, 180], "uv": [156, 253]},
						{"origin": [-6.10511, 40.46977, 17.23524], "size": [1.46, 1.46, 6.1685], "pivot": [-0.1954, 35.08627, 21.39624], "rotation": [0, 0, -150], "uv": [286, 137]},
						{"origin": [-5.6946, 37.74197, 17.23524], "size": [1.46, 1.46, 6.1685], "pivot": [1.9636, 34.47197, 21.39624], "rotation": [0, 0, -120], "uv": [202, 242]},
						{"origin": [-1.3572, 40.71108, 26.17756], "size": [1.46, 1.46, 4.745], "pivot": [-0.1954, 34.57351, 24.25662], "rotation": [25, 0, 180], "uv": [170, 49]},
						{"origin": [-6.34125, 39.41163, 25.54211], "size": [1.46, 1.46, 4.745], "pivot": [-0.43155, 34.67725, 24.07413], "rotation": [25, 0, -150], "uv": [256, 100]},
						{"origin": [-6.16972, 37.09289, 24.64891], "size": [1.46, 1.46, 4.745], "pivot": [1.48848, 34.19766, 24.41844], "rotation": [25, 0, -120], "uv": [82, 79]},
						{"origin": [3.76278, 39.80839, 25.7246], "size": [1.46, 1.46, 4.745], "pivot": [0.06098, 34.64221, 24.25661], "rotation": [25, 0, 150], "uv": [256, 105]},
						{"origin": [7.59152, 36.93065, 24.3046], "size": [1.46, 1.46, 4.745], "pivot": [0.21362, 34.85012, 24.07413], "rotation": [25, 0, 120], "uv": [262, 67]},
						{"origin": [6.06063, 32.74476, 22.95844], "size": [1.46, 1.46, 4.745], "pivot": [-1.20937, 33.47476, 24.41844], "rotation": [25, 0, 90], "uv": [248, 273]},
						{"origin": [5.51202, 32.74476, 17.23524], "size": [1.46, 1.46, 6.1685], "pivot": [-1.75798, 33.47476, 21.39624], "rotation": [0, 0, 90], "uv": [326, 240]},
						{"origin": [4.70741, 37.74197, 17.23524], "size": [1.46, 1.46, 6.1685], "pivot": [-1.49079, 34.47197, 21.39624], "rotation": [0, 0, 120], "uv": [88, 205]},
						{"origin": [5.11792, 40.46977, 17.23524], "size": [1.46, 1.46, 6.1685], "pivot": [0.66821, 35.08626, 21.39624], "rotation": [0, 0, 150], "uv": [66, 285]},
						{"origin": [3.00335, 24.68975, 19.73242], "size": [1.46, 1.46, 4.745], "pivot": [0.47767, 32.40403, 24.12041], "rotation": [25, 0, 30], "uv": [0, 283]},
						{"origin": [5.51909, 26.59657, 20.73966], "size": [1.46, 1.46, 4.745], "pivot": [0.61009, 32.20188, 23.89013], "rotation": [25, 0, 60], "uv": [0, 278]},
						{"origin": [-2.88207, 38.87617, 17.23524], "size": [1.46, 1.46, 6.1685], "pivot": [0.66822, 31.86327, 21.39624], "rotation": [0, 0, -150], "uv": [156, 260]},
						{"origin": [-9.14899, 35.74756, 17.23524], "size": [1.46, 1.46, 6.1685], "pivot": [-1.49078, 32.47756, 21.39624], "rotation": [0, 0, -120], "uv": [26, 28]},
						{"origin": [-7.10777, 38.73311, 22.95917], "size": [1.46, 1.46, 4.745], "pivot": [-1.19806, 33.34961, 24.41917], "rotation": [0, 0, -150], "uv": [208, 173]}
					]
				},
				{
					"name": "leftArmA",
					"parent": "body",
					"pivot": [5, 22, 0]
				},
				{
					"name": "leftArm",
					"parent": "leftArmA",
					"pivot": [5, 22, 0]
				},
				{
					"name": "leftArmUp",
					"parent": "leftArm",
					"pivot": [6, 22, 0],
					"cubes": [
						{"origin": [4, 18, -2], "size": [4, 6, 4], "uv": [768, 1498.875]}
					]
				},
				{
					"name": "leftSleeveUp",
					"parent": "leftArmUp",
					"pivot": [6, 22, 0],
					"cubes": [
						{"origin": [4, 18, -2], "size": [4, 6, 4], "inflate": 0.25, "uv": [768, 1498.875]}
					]
				},
				{
					"name": "leftArmDown",
					"parent": "leftSleeveUp",
					"pivot": [6, 18, 2],
					"cubes": [
						{"origin": [4, 12, -2], "size": [4, 6, 4], "uv": [768, 1498.875]}
					]
				},
				{
					"name": "leftSleeveDown",
					"parent": "leftArmDown",
					"pivot": [6, 18, 0],
					"cubes": [
						{"origin": [4, 12, -2], "size": [4, 6, 4], "inflate": 0.25, "uv": [768, 1498.875]}
					]
				},
				{
					"name": "leftItem",
					"parent": "leftArmDown",
					"pivot": [6, 15, 1]
				},
				{
					"name": "rightLegA",
					"parent": "root",
					"pivot": [0, 0, 0]
				},
				{
					"name": "rightLeg",
					"parent": "rightLegA",
					"pivot": [-1.9, 12, 0]
				},
				{
					"name": "rightLegUp",
					"parent": "rightLeg",
					"pivot": [-1.9, 12, 0]
				},
				{
					"name": "rightPantsUp",
					"parent": "rightLegUp",
					"pivot": [-1.9, 12, 0]
				},
				{
					"name": "rightLegDown",
					"parent": "rightPantsUp",
					"pivot": [-1.9, 6, -2]
				},
				{
					"name": "rightPantsDown",
					"parent": "rightLegDown",
					"pivot": [-1.9, 6, 0]
				},
				{
					"name": "leftLegA",
					"parent": "root",
					"pivot": [0, 0, 0]
				},
				{
					"name": "leftLeg",
					"parent": "leftLegA",
					"pivot": [1.9, 12, 0]
				},
				{
					"name": "leftLegUp",
					"parent": "leftLeg",
					"pivot": [1.9, 12, 0]
				},
				{
					"name": "leftPantsUp",
					"parent": "leftLegUp",
					"pivot": [1.9, 12, 0]
				},
				{
					"name": "leftLegDown",
					"parent": "leftPantsUp",
					"pivot": [1.9, 6, -2]
				},
				{
					"name": "leftPantsDown",
					"parent": "leftLegDown",
					"pivot": [1.9, 6, 0]
				}
			]
		}
	]
}