{
	"format_version": "1.12.0",
	"minecraft:geometry": [
		{
			"description": {
				"identifier": "geometry.awp.mag",
				"texture_width": 2048,
				"texture_height": 2048,
				"visible_bounds_width": 39,
				"visible_bounds_height": 7,
				"visible_bounds_offset": [0, 0.5, 0]
			},
			"bones": [
				{
					"name": "root",
					"pivot": [0, 0, 0]
				},
				{
					"name": "waist",
					"parent": "root",
					"pivot": [0, 12, 0]
				},
				{
					"name": "body",
					"parent": "waist",
					"pivot": [0, 24, 0]
				},
				{
					"name": "head",
					"parent": "body",
					"pivot": [0, 24, 0]
				},
				{
					"name": "hat",
					"parent": "head",
					"pivot": [0, 24, 0]
				},
				{
					"name": "jacket",
					"parent": "body",
					"pivot": [0, 24, 0]
				},
				{
					"name": "rightArmA",
					"parent": "body",
					"pivot": [-5, 22, 0]
				},
				{
					"name": "rightArm",
					"parent": "rightArmA",
					"pivot": [-5, 22, 0]
				},
				{
					"name": "rightArmUp",
					"parent": "rightArm",
					"pivot": [-6, 22, 0],
					"cubes": [
						{
							"origin": [-8, 18, -2],
							"size": [4, 6, 4],
							"uv": {
								"north": {"uv": [4, 893], "uv_size": [4, 6]},
								"east": {"uv": [0, 893], "uv_size": [4, 6]},
								"south": {"uv": [12, 893], "uv_size": [4, 6]},
								"west": {"uv": [8, 893], "uv_size": [4, 6]},
								"up": {"uv": [4, 889], "uv_size": [4, 4]},
								"down": {"uv": [8, 893], "uv_size": [4, -4]}
							}
						}
					]
				},
				{
					"name": "rightSleeveUp",
					"parent": "rightArmUp",
					"pivot": [-6, 22, 0],
					"cubes": [
						{
							"origin": [-8, 18, -2],
							"size": [4, 6, 4],
							"inflate": 0.25,
							"uv": {
								"north": {"uv": [4, 893], "uv_size": [4, 6]},
								"east": {"uv": [0, 893], "uv_size": [4, 6]},
								"south": {"uv": [12, 893], "uv_size": [4, 6]},
								"west": {"uv": [8, 893], "uv_size": [4, 6]},
								"up": {"uv": [4, 889], "uv_size": [4, 4]},
								"down": {"uv": [8, 893], "uv_size": [4, -4]}
							}
						}
					]
				},
				{
					"name": "rightArmDown",
					"parent": "rightSleeveUp",
					"pivot": [-6, 18, 2],
					"cubes": [
						{
							"origin": [-8, 12, -2],
							"size": [4, 6, 4],
							"uv": {
								"north": {"uv": [4, 893], "uv_size": [4, 6]},
								"east": {"uv": [0, 893], "uv_size": [4, 6]},
								"south": {"uv": [12, 893], "uv_size": [4, 6]},
								"west": {"uv": [8, 893], "uv_size": [4, 6]},
								"up": {"uv": [4, 889], "uv_size": [4, 4]},
								"down": {"uv": [8, 893], "uv_size": [4, -4]}
							}
						}
					]
				},
				{
					"name": "rightSleeveDown",
					"parent": "rightArmDown",
					"pivot": [-6, 18, 0],
					"cubes": [
						{
							"origin": [-8, 12, -2],
							"size": [4, 6, 4],
							"inflate": 0.25,
							"uv": {
								"north": {"uv": [4, 893], "uv_size": [4, 6]},
								"east": {"uv": [0, 893], "uv_size": [4, 6]},
								"south": {"uv": [12, 893], "uv_size": [4, 6]},
								"west": {"uv": [8, 893], "uv_size": [4, 6]},
								"up": {"uv": [4, 889], "uv_size": [4, 4]},
								"down": {"uv": [8, 893], "uv_size": [4, -4]}
							}
						}
					]
				},
				{
					"name": "rightItem",
					"parent": "rightArmDown",
					"pivot": [-6, 15, 1]
				},
				{
					"name": "main",
					"parent": "rightArm",
					"pivot": [0, 0, 0]
				},
				{
					"name": "full_clip",
					"parent": "main",
					"pivot": [0, 31.5, 1]
				},
				{
					"name": "ammo_clip",
					"parent": "full_clip",
					"pivot": [0, 15.5, 30],
					"cubes": [
						{
							"origin": [-4, 2.0001, 12.09894],
							"size": [8, 10, 2],
							"inflate": 0.01,
							"uv": {
								"north": {"uv": [126, 24], "uv_size": [8, 10]},
								"east": {"uv": [124, 24], "uv_size": [2, 10]},
								"south": {"uv": [136, 24], "uv_size": [8, 10]},
								"west": {"uv": [134, 24], "uv_size": [2, 10]},
								"up": {"uv": [126, 22], "uv_size": [8, 2]},
								"down": {"uv": [134, 24], "uv_size": [8, -2]}
							}
						}
					]
				},
				{
					"name": "ammo_clip2",
					"parent": "ammo_clip",
					"pivot": [0, 3, 29],
					"rotation": [-5, 0, 0],
					"cubes": [
						{
							"origin": [-4, 0.60931, -12.85196],
							"size": [8, 3, 26],
							"uv": {
								"north": {"uv": [202, 166], "uv_size": [8, 3]},
								"east": {"uv": [176, 166], "uv_size": [26, 3]},
								"south": {"uv": [236, 166], "uv_size": [8, 3]},
								"west": {"uv": [210, 166], "uv_size": [26, 3]},
								"up": {"uv": [202, 140], "uv_size": [8, 26]},
								"down": {"uv": [210, 166], "uv_size": [8, -26]}
							}
						}
					]
				},
				{
					"name": "ammo_clip3",
					"parent": "ammo_clip2",
					"pivot": [0, 3, 3],
					"rotation": [-85, 0, 0],
					"cubes": [
						{
							"origin": [-4, -13, -23],
							"size": [8, 25, 27],
							"inflate": 0.0001,
							"uv": {
								"north": {"uv": [27, 27], "uv_size": [8, 25]},
								"east": {"uv": [0, 27], "uv_size": [27, 25]},
								"south": {"uv": [62, 27], "uv_size": [8, 25]},
								"west": {"uv": [35, 27], "uv_size": [27, 25]},
								"up": {"uv": [27, 0], "uv_size": [8, 27]},
								"down": {"uv": [35, 27], "uv_size": [8, -27]}
							}
						}
					]
				},
				{
					"name": "bullet_jacket",
					"parent": "full_clip",
					"pivot": [0, 31, 29],
					"cubes": [
						{
							"origin": [-0.5, 28, -0.5],
							"size": [1, 1, 11],
							"uv": {
								"north": {"uv": [360, 11], "uv_size": [1, 1]},
								"east": {"uv": [349, 11], "uv_size": [11, 1]},
								"south": {"uv": [372, 11], "uv_size": [1, 1]},
								"west": {"uv": [361, 11], "uv_size": [11, 1]},
								"up": {"uv": [360, 0], "uv_size": [1, 11]},
								"down": {"uv": [361, 11], "uv_size": [1, -11]}
							}
						},
						{
							"origin": [-0.5, 28, -8.5],
							"size": [1, 1, 11],
							"uv": {
								"north": {"uv": [360, 11], "uv_size": [1, 1]},
								"east": {"uv": [349, 11], "uv_size": [11, 1]},
								"south": {"uv": [372, 11], "uv_size": [1, 1]},
								"west": {"uv": [361, 11], "uv_size": [11, 1]},
								"up": {"uv": [360, 0], "uv_size": [1, 11]},
								"down": {"uv": [361, 11], "uv_size": [1, -11]}
							}
						},
						{
							"origin": [-0.5, 27.9, 10.5],
							"size": [1, 2, 2],
							"uv": {
								"north": {"uv": [351, 2], "uv_size": [1, 2]},
								"east": {"uv": [349, 2], "uv_size": [2, 2]},
								"south": {"uv": [354, 2], "uv_size": [1, 2]},
								"west": {"uv": [352, 2], "uv_size": [2, 2]},
								"up": {"uv": [351, 0], "uv_size": [1, 2]},
								"down": {"uv": [352, 2], "uv_size": [1, -2]}
							}
						}
					]
				},
				{
					"name": "bullet",
					"parent": "bullet_jacket",
					"pivot": [0, 31, 17]
				},
				{
					"name": "hell13",
					"parent": "bullet",
					"pivot": [0, 29, 15.5],
					"rotation": [-10, 0, 0],
					"cubes": [
						{
							"origin": [-0.5, 24.02128, -12.97693],
							"size": [1, 1, 6],
							"uv": {
								"north": {"uv": [355, 6], "uv_size": [1, 1]},
								"east": {"uv": [349, 6], "uv_size": [6, 1]},
								"south": {"uv": [362, 6], "uv_size": [1, 1]},
								"west": {"uv": [356, 6], "uv_size": [6, 1]},
								"up": {"uv": [355, 0], "uv_size": [1, 6]},
								"down": {"uv": [356, 6], "uv_size": [1, -6]}
							}
						}
					]
				},
				{
					"name": "bullet14",
					"parent": "bullet",
					"pivot": [0.5, 29, 17],
					"rotation": [0, 0, -30]
				},
				{
					"name": "hell14",
					"parent": "bullet14",
					"pivot": [1, 29, 15.5],
					"rotation": [-10, 0, 0],
					"cubes": [
						{
							"origin": [0, 24.15322, -13.00019],
							"size": [1, 1, 6],
							"uv": {
								"north": {"uv": [355, 6], "uv_size": [1, 1]},
								"east": {"uv": [349, 6], "uv_size": [6, 1]},
								"south": {"uv": [362, 6], "uv_size": [1, 1]},
								"west": {"uv": [356, 6], "uv_size": [6, 1]},
								"up": {"uv": [355, 0], "uv_size": [1, 6]},
								"down": {"uv": [356, 6], "uv_size": [1, -6]}
							}
						}
					]
				},
				{
					"name": "bullet15",
					"parent": "bullet14",
					"pivot": [1.5, 29, 17],
					"rotation": [0, 0, -30]
				},
				{
					"name": "hell15",
					"parent": "bullet15",
					"pivot": [2, 29, 15.5],
					"rotation": [-10, 0, 0],
					"cubes": [
						{
							"origin": [0.63397, 24.51369, -13.06375],
							"size": [1, 1, 6],
							"uv": {
								"north": {"uv": [355, 6], "uv_size": [1, 1]},
								"east": {"uv": [349, 6], "uv_size": [6, 1]},
								"south": {"uv": [362, 6], "uv_size": [1, 1]},
								"west": {"uv": [356, 6], "uv_size": [6, 1]},
								"up": {"uv": [355, 0], "uv_size": [1, 6]},
								"down": {"uv": [356, 6], "uv_size": [1, -6]}
							}
						}
					]
				},
				{
					"name": "bullet16",
					"parent": "bullet15",
					"pivot": [2.5, 29, 17],
					"rotation": [0, 0, -30]
				},
				{
					"name": "hell16",
					"parent": "bullet16",
					"pivot": [3, 29, 15.5],
					"rotation": [-10, 0, 0],
					"cubes": [
						{
							"origin": [1.5, 25.00609, -13.15057],
							"size": [1, 1, 6],
							"uv": {
								"north": {"uv": [355, 6], "uv_size": [1, 1]},
								"east": {"uv": [349, 6], "uv_size": [6, 1]},
								"south": {"uv": [362, 6], "uv_size": [1, 1]},
								"west": {"uv": [356, 6], "uv_size": [6, 1]},
								"up": {"uv": [355, 0], "uv_size": [1, 6]},
								"down": {"uv": [356, 6], "uv_size": [1, -6]}
							}
						}
					]
				},
				{
					"name": "bullet17",
					"parent": "bullet16",
					"pivot": [3.5, 29, 17],
					"rotation": [0, 0, -30]
				},
				{
					"name": "hell17",
					"parent": "bullet17",
					"pivot": [4, 29, 15.5],
					"rotation": [-10, 0, 0],
					"cubes": [
						{
							"origin": [2.63397, 25.49849, -13.2374],
							"size": [1, 1, 6],
							"uv": {
								"north": {"uv": [355, 6], "uv_size": [1, 1]},
								"east": {"uv": [349, 6], "uv_size": [6, 1]},
								"south": {"uv": [362, 6], "uv_size": [1, 1]},
								"west": {"uv": [356, 6], "uv_size": [6, 1]},
								"up": {"uv": [355, 0], "uv_size": [1, 6]},
								"down": {"uv": [356, 6], "uv_size": [1, -6]}
							}
						}
					]
				},
				{
					"name": "bullet18",
					"parent": "bullet17",
					"pivot": [4.5, 29, 17],
					"rotation": [0, 0, -30]
				},
				{
					"name": "hell18",
					"parent": "bullet18",
					"pivot": [5, 29, 15.5],
					"rotation": [-10, 0, 0],
					"cubes": [
						{
							"origin": [4, 25.85896, -13.30096],
							"size": [1, 1, 6],
							"uv": {
								"north": {"uv": [355, 6], "uv_size": [1, 1]},
								"east": {"uv": [349, 6], "uv_size": [6, 1]},
								"south": {"uv": [362, 6], "uv_size": [1, 1]},
								"west": {"uv": [356, 6], "uv_size": [6, 1]},
								"up": {"uv": [355, 0], "uv_size": [1, 6]},
								"down": {"uv": [356, 6], "uv_size": [1, -6]}
							}
						}
					]
				},
				{
					"name": "bullet19",
					"parent": "bullet18",
					"pivot": [5.5, 29, 17],
					"rotation": [0, 0, -30]
				},
				{
					"name": "hell19",
					"parent": "bullet19",
					"pivot": [6, 29, 15.5],
					"rotation": [-10, 0, 0],
					"cubes": [
						{
							"origin": [5.5, 25.9909, -13.32422],
							"size": [1, 1, 6],
							"uv": {
								"north": {"uv": [355, 6], "uv_size": [1, 1]},
								"east": {"uv": [349, 6], "uv_size": [6, 1]},
								"south": {"uv": [362, 6], "uv_size": [1, 1]},
								"west": {"uv": [356, 6], "uv_size": [6, 1]},
								"up": {"uv": [355, 0], "uv_size": [1, 6]},
								"down": {"uv": [356, 6], "uv_size": [1, -6]}
							}
						}
					]
				},
				{
					"name": "bullet20",
					"parent": "bullet19",
					"pivot": [6.5, 29, 17],
					"rotation": [0, 0, -30]
				},
				{
					"name": "hell20",
					"parent": "bullet20",
					"pivot": [7, 29, 15.5],
					"rotation": [-10, 0, 0],
					"cubes": [
						{
							"origin": [7, 25.85896, -13.30096],
							"size": [1, 1, 6],
							"uv": {
								"north": {"uv": [355, 6], "uv_size": [1, 1]},
								"east": {"uv": [349, 6], "uv_size": [6, 1]},
								"south": {"uv": [362, 6], "uv_size": [1, 1]},
								"west": {"uv": [356, 6], "uv_size": [6, 1]},
								"up": {"uv": [355, 0], "uv_size": [1, 6]},
								"down": {"uv": [356, 6], "uv_size": [1, -6]}
							}
						}
					]
				},
				{
					"name": "bullet21",
					"parent": "bullet20",
					"pivot": [7.5, 29, 17],
					"rotation": [0, 0, -30]
				},
				{
					"name": "hell21",
					"parent": "bullet21",
					"pivot": [8, 29, 15.5],
					"rotation": [-10, 0, 0],
					"cubes": [
						{
							"origin": [8.36603, 25.49849, -13.2374],
							"size": [1, 1, 6],
							"uv": {
								"north": {"uv": [355, 6], "uv_size": [1, 1]},
								"east": {"uv": [349, 6], "uv_size": [6, 1]},
								"south": {"uv": [362, 6], "uv_size": [1, 1]},
								"west": {"uv": [356, 6], "uv_size": [6, 1]},
								"up": {"uv": [355, 0], "uv_size": [1, 6]},
								"down": {"uv": [356, 6], "uv_size": [1, -6]}
							}
						}
					]
				},
				{
					"name": "bullet22",
					"parent": "bullet21",
					"pivot": [8.5, 29, 17],
					"rotation": [0, 0, -30]
				},
				{
					"name": "hell22",
					"parent": "bullet22",
					"pivot": [9, 29, 15.5],
					"rotation": [-10, 0, 0],
					"cubes": [
						{
							"origin": [9.5, 25.00609, -13.15057],
							"size": [1, 1, 6],
							"uv": {
								"north": {"uv": [355, 6], "uv_size": [1, 1]},
								"east": {"uv": [349, 6], "uv_size": [6, 1]},
								"south": {"uv": [362, 6], "uv_size": [1, 1]},
								"west": {"uv": [356, 6], "uv_size": [6, 1]},
								"up": {"uv": [355, 0], "uv_size": [1, 6]},
								"down": {"uv": [356, 6], "uv_size": [1, -6]}
							}
						}
					]
				},
				{
					"name": "bullet23",
					"parent": "bullet22",
					"pivot": [9.5, 29, 17],
					"rotation": [0, 0, -30]
				},
				{
					"name": "hell23",
					"parent": "bullet23",
					"pivot": [10, 29, 15.5],
					"rotation": [-10, 0, 0],
					"cubes": [
						{
							"origin": [10.36603, 24.51369, -13.06375],
							"size": [1, 1, 6],
							"uv": {
								"north": {"uv": [355, 6], "uv_size": [1, 1]},
								"east": {"uv": [349, 6], "uv_size": [6, 1]},
								"south": {"uv": [362, 6], "uv_size": [1, 1]},
								"west": {"uv": [356, 6], "uv_size": [6, 1]},
								"up": {"uv": [355, 0], "uv_size": [1, 6]},
								"down": {"uv": [356, 6], "uv_size": [1, -6]}
							}
						}
					]
				},
				{
					"name": "bullet24",
					"parent": "bullet23",
					"pivot": [10.5, 29, 17],
					"rotation": [0, 0, -30]
				},
				{
					"name": "hell24",
					"parent": "bullet24",
					"pivot": [11, 29, 15.5],
					"rotation": [-10, 0, 0],
					"cubes": [
						{
							"origin": [11, 24.15322, -13.00019],
							"size": [1, 1, 6],
							"uv": {
								"north": {"uv": [355, 6], "uv_size": [1, 1]},
								"east": {"uv": [349, 6], "uv_size": [6, 1]},
								"south": {"uv": [362, 6], "uv_size": [1, 1]},
								"west": {"uv": [356, 6], "uv_size": [6, 1]},
								"up": {"uv": [355, 0], "uv_size": [1, 6]},
								"down": {"uv": [356, 6], "uv_size": [1, -6]}
							}
						}
					]
				},
				{
					"name": "bullet2",
					"parent": "bullet_jacket",
					"pivot": [0.5, 29, 17],
					"rotation": [0, 0, -30],
					"cubes": [
						{
							"origin": [0, 28.13397, -0.5],
							"size": [1, 1, 11],
							"uv": {
								"north": {"uv": [360, 11], "uv_size": [1, 1]},
								"east": {"uv": [349, 11], "uv_size": [11, 1]},
								"south": {"uv": [372, 11], "uv_size": [1, 1]},
								"west": {"uv": [361, 11], "uv_size": [11, 1]},
								"up": {"uv": [360, 0], "uv_size": [1, 11]},
								"down": {"uv": [361, 11], "uv_size": [1, -11]}
							}
						},
						{
							"origin": [0, 28.13397, -8.5],
							"size": [1, 1, 11],
							"uv": {
								"north": {"uv": [360, 11], "uv_size": [1, 1]},
								"east": {"uv": [349, 11], "uv_size": [11, 1]},
								"south": {"uv": [372, 11], "uv_size": [1, 1]},
								"west": {"uv": [361, 11], "uv_size": [11, 1]},
								"up": {"uv": [360, 0], "uv_size": [1, 11]},
								"down": {"uv": [361, 11], "uv_size": [1, -11]}
							}
						},
						{
							"origin": [0, 28.03397, 10.5],
							"size": [1, 2, 2],
							"uv": {
								"north": {"uv": [351, 2], "uv_size": [1, 2]},
								"east": {"uv": [349, 2], "uv_size": [2, 2]},
								"south": {"uv": [354, 2], "uv_size": [1, 2]},
								"west": {"uv": [352, 2], "uv_size": [2, 2]},
								"up": {"uv": [351, 0], "uv_size": [1, 2]},
								"down": {"uv": [352, 2], "uv_size": [1, -2]}
							}
						}
					]
				},
				{
					"name": "hell2",
					"parent": "bullet2",
					"pivot": [1, 29, 15.5],
					"rotation": [-10, 0, 0]
				},
				{
					"name": "bullet3",
					"parent": "bullet2",
					"pivot": [1.5, 29, 17],
					"rotation": [0, 0, -30],
					"cubes": [
						{
							"origin": [0.63397, 28.5, -0.5],
							"size": [1, 1, 11],
							"uv": {
								"north": {"uv": [360, 11], "uv_size": [1, 1]},
								"east": {"uv": [349, 11], "uv_size": [11, 1]},
								"south": {"uv": [372, 11], "uv_size": [1, 1]},
								"west": {"uv": [361, 11], "uv_size": [11, 1]},
								"up": {"uv": [360, 0], "uv_size": [1, 11]},
								"down": {"uv": [361, 11], "uv_size": [1, -11]}
							}
						},
						{
							"origin": [0.63397, 28.5, -8.5],
							"size": [1, 1, 11],
							"uv": {
								"north": {"uv": [360, 11], "uv_size": [1, 1]},
								"east": {"uv": [349, 11], "uv_size": [11, 1]},
								"south": {"uv": [372, 11], "uv_size": [1, 1]},
								"west": {"uv": [361, 11], "uv_size": [11, 1]},
								"up": {"uv": [360, 0], "uv_size": [1, 11]},
								"down": {"uv": [361, 11], "uv_size": [1, -11]}
							}
						},
						{
							"origin": [0.63397, 28.4, 10.5],
							"size": [1, 2, 2],
							"uv": {
								"north": {"uv": [351, 2], "uv_size": [1, 2]},
								"east": {"uv": [349, 2], "uv_size": [2, 2]},
								"south": {"uv": [354, 2], "uv_size": [1, 2]},
								"west": {"uv": [352, 2], "uv_size": [2, 2]},
								"up": {"uv": [351, 0], "uv_size": [1, 2]},
								"down": {"uv": [352, 2], "uv_size": [1, -2]}
							}
						}
					]
				},
				{
					"name": "hell3",
					"parent": "bullet3",
					"pivot": [2, 29, 15.5],
					"rotation": [-10, 0, 0]
				},
				{
					"name": "bullet4",
					"parent": "bullet3",
					"pivot": [2.5, 29, 17],
					"rotation": [0, 0, -30],
					"cubes": [
						{
							"origin": [1.5, 29, -0.5],
							"size": [1, 1, 11],
							"uv": {
								"north": {"uv": [360, 11], "uv_size": [1, 1]},
								"east": {"uv": [349, 11], "uv_size": [11, 1]},
								"south": {"uv": [372, 11], "uv_size": [1, 1]},
								"west": {"uv": [361, 11], "uv_size": [11, 1]},
								"up": {"uv": [360, 0], "uv_size": [1, 11]},
								"down": {"uv": [361, 11], "uv_size": [1, -11]}
							}
						},
						{
							"origin": [1.5, 29, -8.5],
							"size": [1, 1, 11],
							"uv": {
								"north": {"uv": [360, 11], "uv_size": [1, 1]},
								"east": {"uv": [349, 11], "uv_size": [11, 1]},
								"south": {"uv": [372, 11], "uv_size": [1, 1]},
								"west": {"uv": [361, 11], "uv_size": [11, 1]},
								"up": {"uv": [360, 0], "uv_size": [1, 11]},
								"down": {"uv": [361, 11], "uv_size": [1, -11]}
							}
						},
						{
							"origin": [1.5, 28.9, 10.5],
							"size": [1, 2, 2],
							"uv": {
								"north": {"uv": [351, 2], "uv_size": [1, 2]},
								"east": {"uv": [349, 2], "uv_size": [2, 2]},
								"south": {"uv": [354, 2], "uv_size": [1, 2]},
								"west": {"uv": [352, 2], "uv_size": [2, 2]},
								"up": {"uv": [351, 0], "uv_size": [1, 2]},
								"down": {"uv": [352, 2], "uv_size": [1, -2]}
							}
						}
					]
				},
				{
					"name": "hell4",
					"parent": "bullet4",
					"pivot": [3, 29, 15.5],
					"rotation": [-10, 0, 0]
				},
				{
					"name": "bullet5",
					"parent": "bullet4",
					"pivot": [3.5, 29, 17],
					"rotation": [0, 0, -30],
					"cubes": [
						{
							"origin": [2.63397, 29.5, -0.5],
							"size": [1, 1, 11],
							"uv": {
								"north": {"uv": [360, 11], "uv_size": [1, 1]},
								"east": {"uv": [349, 11], "uv_size": [11, 1]},
								"south": {"uv": [372, 11], "uv_size": [1, 1]},
								"west": {"uv": [361, 11], "uv_size": [11, 1]},
								"up": {"uv": [360, 0], "uv_size": [1, 11]},
								"down": {"uv": [361, 11], "uv_size": [1, -11]}
							}
						},
						{
							"origin": [2.63397, 29.5, -8.5],
							"size": [1, 1, 11],
							"uv": {
								"north": {"uv": [360, 11], "uv_size": [1, 1]},
								"east": {"uv": [349, 11], "uv_size": [11, 1]},
								"south": {"uv": [372, 11], "uv_size": [1, 1]},
								"west": {"uv": [361, 11], "uv_size": [11, 1]},
								"up": {"uv": [360, 0], "uv_size": [1, 11]},
								"down": {"uv": [361, 11], "uv_size": [1, -11]}
							}
						},
						{
							"origin": [2.63397, 29.4, 10.5],
							"size": [1, 2, 2],
							"uv": {
								"north": {"uv": [351, 2], "uv_size": [1, 2]},
								"east": {"uv": [349, 2], "uv_size": [2, 2]},
								"south": {"uv": [354, 2], "uv_size": [1, 2]},
								"west": {"uv": [352, 2], "uv_size": [2, 2]},
								"up": {"uv": [351, 0], "uv_size": [1, 2]},
								"down": {"uv": [352, 2], "uv_size": [1, -2]}
							}
						}
					]
				},
				{
					"name": "hell5",
					"parent": "bullet5",
					"pivot": [4, 29, 15.5],
					"rotation": [-10, 0, 0]
				},
				{
					"name": "bullet6",
					"parent": "bullet5",
					"pivot": [4.5, 29, 17],
					"rotation": [0, 0, -30],
					"cubes": [
						{
							"origin": [4, 29.86603, -0.5],
							"size": [1, 1, 11],
							"uv": {
								"north": {"uv": [360, 11], "uv_size": [1, 1]},
								"east": {"uv": [349, 11], "uv_size": [11, 1]},
								"south": {"uv": [372, 11], "uv_size": [1, 1]},
								"west": {"uv": [361, 11], "uv_size": [11, 1]},
								"up": {"uv": [360, 0], "uv_size": [1, 11]},
								"down": {"uv": [361, 11], "uv_size": [1, -11]}
							}
						},
						{
							"origin": [4, 29.86603, -8.5],
							"size": [1, 1, 11],
							"uv": {
								"north": {"uv": [360, 11], "uv_size": [1, 1]},
								"east": {"uv": [349, 11], "uv_size": [11, 1]},
								"south": {"uv": [372, 11], "uv_size": [1, 1]},
								"west": {"uv": [361, 11], "uv_size": [11, 1]},
								"up": {"uv": [360, 0], "uv_size": [1, 11]},
								"down": {"uv": [361, 11], "uv_size": [1, -11]}
							}
						},
						{
							"origin": [4, 29.76603, 10.5],
							"size": [1, 2, 2],
							"uv": {
								"north": {"uv": [351, 2], "uv_size": [1, 2]},
								"east": {"uv": [349, 2], "uv_size": [2, 2]},
								"south": {"uv": [354, 2], "uv_size": [1, 2]},
								"west": {"uv": [352, 2], "uv_size": [2, 2]},
								"up": {"uv": [351, 0], "uv_size": [1, 2]},
								"down": {"uv": [352, 2], "uv_size": [1, -2]}
							}
						}
					]
				},
				{
					"name": "hell6",
					"parent": "bullet6",
					"pivot": [5, 29, 15.5],
					"rotation": [-10, 0, 0]
				},
				{
					"name": "bullet7",
					"parent": "bullet6",
					"pivot": [5.5, 29, 17],
					"rotation": [0, 0, -30],
					"cubes": [
						{
							"origin": [5.5, 30, -0.5],
							"size": [1, 1, 11],
							"uv": {
								"north": {"uv": [360, 11], "uv_size": [1, 1]},
								"east": {"uv": [349, 11], "uv_size": [11, 1]},
								"south": {"uv": [372, 11], "uv_size": [1, 1]},
								"west": {"uv": [361, 11], "uv_size": [11, 1]},
								"up": {"uv": [360, 0], "uv_size": [1, 11]},
								"down": {"uv": [361, 11], "uv_size": [1, -11]}
							}
						},
						{
							"origin": [5.5, 30, -8.5],
							"size": [1, 1, 11],
							"uv": {
								"north": {"uv": [360, 11], "uv_size": [1, 1]},
								"east": {"uv": [349, 11], "uv_size": [11, 1]},
								"south": {"uv": [372, 11], "uv_size": [1, 1]},
								"west": {"uv": [361, 11], "uv_size": [11, 1]},
								"up": {"uv": [360, 0], "uv_size": [1, 11]},
								"down": {"uv": [361, 11], "uv_size": [1, -11]}
							}
						},
						{
							"origin": [5.5, 29.9, 10.5],
							"size": [1, 2, 2],
							"uv": {
								"north": {"uv": [351, 2], "uv_size": [1, 2]},
								"east": {"uv": [349, 2], "uv_size": [2, 2]},
								"south": {"uv": [354, 2], "uv_size": [1, 2]},
								"west": {"uv": [352, 2], "uv_size": [2, 2]},
								"up": {"uv": [351, 0], "uv_size": [1, 2]},
								"down": {"uv": [352, 2], "uv_size": [1, -2]}
							}
						}
					]
				},
				{
					"name": "hell7",
					"parent": "bullet7",
					"pivot": [6, 29, 15.5],
					"rotation": [-10, 0, 0]
				},
				{
					"name": "bullet8",
					"parent": "bullet7",
					"pivot": [6.5, 29, 17],
					"rotation": [0, 0, -30],
					"cubes": [
						{
							"origin": [7, 29.86603, -0.5],
							"size": [1, 1, 11],
							"uv": {
								"north": {"uv": [360, 11], "uv_size": [1, 1]},
								"east": {"uv": [349, 11], "uv_size": [11, 1]},
								"south": {"uv": [372, 11], "uv_size": [1, 1]},
								"west": {"uv": [361, 11], "uv_size": [11, 1]},
								"up": {"uv": [360, 0], "uv_size": [1, 11]},
								"down": {"uv": [361, 11], "uv_size": [1, -11]}
							}
						},
						{
							"origin": [7, 29.86603, -8.5],
							"size": [1, 1, 11],
							"uv": {
								"north": {"uv": [360, 11], "uv_size": [1, 1]},
								"east": {"uv": [349, 11], "uv_size": [11, 1]},
								"south": {"uv": [372, 11], "uv_size": [1, 1]},
								"west": {"uv": [361, 11], "uv_size": [11, 1]},
								"up": {"uv": [360, 0], "uv_size": [1, 11]},
								"down": {"uv": [361, 11], "uv_size": [1, -11]}
							}
						},
						{
							"origin": [7, 29.76603, 10.5],
							"size": [1, 2, 2],
							"uv": {
								"north": {"uv": [351, 2], "uv_size": [1, 2]},
								"east": {"uv": [349, 2], "uv_size": [2, 2]},
								"south": {"uv": [354, 2], "uv_size": [1, 2]},
								"west": {"uv": [352, 2], "uv_size": [2, 2]},
								"up": {"uv": [351, 0], "uv_size": [1, 2]},
								"down": {"uv": [352, 2], "uv_size": [1, -2]}
							}
						}
					]
				},
				{
					"name": "hell8",
					"parent": "bullet8",
					"pivot": [7, 29, 15.5],
					"rotation": [-10, 0, 0]
				},
				{
					"name": "bullet9",
					"parent": "bullet8",
					"pivot": [7.5, 29, 17],
					"rotation": [0, 0, -30],
					"cubes": [
						{
							"origin": [8.36603, 29.5, -0.5],
							"size": [1, 1, 11],
							"uv": {
								"north": {"uv": [360, 11], "uv_size": [1, 1]},
								"east": {"uv": [349, 11], "uv_size": [11, 1]},
								"south": {"uv": [372, 11], "uv_size": [1, 1]},
								"west": {"uv": [361, 11], "uv_size": [11, 1]},
								"up": {"uv": [360, 0], "uv_size": [1, 11]},
								"down": {"uv": [361, 11], "uv_size": [1, -11]}
							}
						},
						{
							"origin": [8.36603, 29.5, -8.5],
							"size": [1, 1, 11],
							"uv": {
								"north": {"uv": [360, 11], "uv_size": [1, 1]},
								"east": {"uv": [349, 11], "uv_size": [11, 1]},
								"south": {"uv": [372, 11], "uv_size": [1, 1]},
								"west": {"uv": [361, 11], "uv_size": [11, 1]},
								"up": {"uv": [360, 0], "uv_size": [1, 11]},
								"down": {"uv": [361, 11], "uv_size": [1, -11]}
							}
						},
						{
							"origin": [8.36603, 29.4, 10.5],
							"size": [1, 2, 2],
							"uv": {
								"north": {"uv": [351, 2], "uv_size": [1, 2]},
								"east": {"uv": [349, 2], "uv_size": [2, 2]},
								"south": {"uv": [354, 2], "uv_size": [1, 2]},
								"west": {"uv": [352, 2], "uv_size": [2, 2]},
								"up": {"uv": [351, 0], "uv_size": [1, 2]},
								"down": {"uv": [352, 2], "uv_size": [1, -2]}
							}
						}
					]
				},
				{
					"name": "hell9",
					"parent": "bullet9",
					"pivot": [8, 29, 15.5],
					"rotation": [-10, 0, 0]
				},
				{
					"name": "bullet10",
					"parent": "bullet9",
					"pivot": [8.5, 29, 17],
					"rotation": [0, 0, -30],
					"cubes": [
						{
							"origin": [9.5, 29, -0.5],
							"size": [1, 1, 11],
							"uv": {
								"north": {"uv": [360, 11], "uv_size": [1, 1]},
								"east": {"uv": [349, 11], "uv_size": [11, 1]},
								"south": {"uv": [372, 11], "uv_size": [1, 1]},
								"west": {"uv": [361, 11], "uv_size": [11, 1]},
								"up": {"uv": [360, 0], "uv_size": [1, 11]},
								"down": {"uv": [361, 11], "uv_size": [1, -11]}
							}
						},
						{
							"origin": [9.5, 29, -8.5],
							"size": [1, 1, 11],
							"uv": {
								"north": {"uv": [360, 11], "uv_size": [1, 1]},
								"east": {"uv": [349, 11], "uv_size": [11, 1]},
								"south": {"uv": [372, 11], "uv_size": [1, 1]},
								"west": {"uv": [361, 11], "uv_size": [11, 1]},
								"up": {"uv": [360, 0], "uv_size": [1, 11]},
								"down": {"uv": [361, 11], "uv_size": [1, -11]}
							}
						},
						{
							"origin": [9.5, 28.9, 10.5],
							"size": [1, 2, 2],
							"uv": {
								"north": {"uv": [351, 2], "uv_size": [1, 2]},
								"east": {"uv": [349, 2], "uv_size": [2, 2]},
								"south": {"uv": [354, 2], "uv_size": [1, 2]},
								"west": {"uv": [352, 2], "uv_size": [2, 2]},
								"up": {"uv": [351, 0], "uv_size": [1, 2]},
								"down": {"uv": [352, 2], "uv_size": [1, -2]}
							}
						}
					]
				},
				{
					"name": "hell10",
					"parent": "bullet10",
					"pivot": [9, 29, 15.5],
					"rotation": [-10, 0, 0]
				},
				{
					"name": "bullet11",
					"parent": "bullet10",
					"pivot": [9.5, 29, 17],
					"rotation": [0, 0, -30],
					"cubes": [
						{
							"origin": [10.36603, 28.5, -0.5],
							"size": [1, 1, 11],
							"uv": {
								"north": {"uv": [360, 11], "uv_size": [1, 1]},
								"east": {"uv": [349, 11], "uv_size": [11, 1]},
								"south": {"uv": [372, 11], "uv_size": [1, 1]},
								"west": {"uv": [361, 11], "uv_size": [11, 1]},
								"up": {"uv": [360, 0], "uv_size": [1, 11]},
								"down": {"uv": [361, 11], "uv_size": [1, -11]}
							}
						},
						{
							"origin": [10.36603, 28.5, -8.5],
							"size": [1, 1, 11],
							"uv": {
								"north": {"uv": [360, 11], "uv_size": [1, 1]},
								"east": {"uv": [349, 11], "uv_size": [11, 1]},
								"south": {"uv": [372, 11], "uv_size": [1, 1]},
								"west": {"uv": [361, 11], "uv_size": [11, 1]},
								"up": {"uv": [360, 0], "uv_size": [1, 11]},
								"down": {"uv": [361, 11], "uv_size": [1, -11]}
							}
						},
						{
							"origin": [10.36603, 28.4, 10.5],
							"size": [1, 2, 2],
							"uv": {
								"north": {"uv": [351, 2], "uv_size": [1, 2]},
								"east": {"uv": [349, 2], "uv_size": [2, 2]},
								"south": {"uv": [354, 2], "uv_size": [1, 2]},
								"west": {"uv": [352, 2], "uv_size": [2, 2]},
								"up": {"uv": [351, 0], "uv_size": [1, 2]},
								"down": {"uv": [352, 2], "uv_size": [1, -2]}
							}
						}
					]
				},
				{
					"name": "hell11",
					"parent": "bullet11",
					"pivot": [10, 29, 15.5],
					"rotation": [-10, 0, 0]
				},
				{
					"name": "bullet12",
					"parent": "bullet11",
					"pivot": [10.5, 29, 17],
					"rotation": [0, 0, -30],
					"cubes": [
						{
							"origin": [11, 28.13397, -0.5],
							"size": [1, 1, 11],
							"uv": {
								"north": {"uv": [360, 11], "uv_size": [1, 1]},
								"east": {"uv": [349, 11], "uv_size": [11, 1]},
								"south": {"uv": [372, 11], "uv_size": [1, 1]},
								"west": {"uv": [361, 11], "uv_size": [11, 1]},
								"up": {"uv": [360, 0], "uv_size": [1, 11]},
								"down": {"uv": [361, 11], "uv_size": [1, -11]}
							}
						},
						{
							"origin": [11, 28.13397, -8.5],
							"size": [1, 1, 11],
							"uv": {
								"north": {"uv": [360, 11], "uv_size": [1, 1]},
								"east": {"uv": [349, 11], "uv_size": [11, 1]},
								"south": {"uv": [372, 11], "uv_size": [1, 1]},
								"west": {"uv": [361, 11], "uv_size": [11, 1]},
								"up": {"uv": [360, 0], "uv_size": [1, 11]},
								"down": {"uv": [361, 11], "uv_size": [1, -11]}
							}
						},
						{
							"origin": [11, 28.03397, 10.5],
							"size": [1, 2, 2],
							"uv": {
								"north": {"uv": [351, 2], "uv_size": [1, 2]},
								"east": {"uv": [349, 2], "uv_size": [2, 2]},
								"south": {"uv": [354, 2], "uv_size": [1, 2]},
								"west": {"uv": [352, 2], "uv_size": [2, 2]},
								"up": {"uv": [351, 0], "uv_size": [1, 2]},
								"down": {"uv": [352, 2], "uv_size": [1, -2]}
							}
						}
					]
				},
				{
					"name": "hell12",
					"parent": "bullet12",
					"pivot": [11, 29, 15.5],
					"rotation": [-10, 0, 0]
				},
				{
					"name": "leftArmA",
					"parent": "body",
					"pivot": [5, 22, 0]
				},
				{
					"name": "leftArm",
					"parent": "leftArmA",
					"pivot": [5, 22, 0]
				},
				{
					"name": "leftArmUp",
					"parent": "leftArm",
					"pivot": [6, 22, 0],
					"cubes": [
						{
							"origin": [4, 18, -2],
							"size": [4, 6, 4],
							"uv": {
								"north": {"uv": [4, 601], "uv_size": [4, 6]},
								"east": {"uv": [0, 601], "uv_size": [4, 6]},
								"south": {"uv": [12, 601], "uv_size": [4, 6]},
								"west": {"uv": [8, 601], "uv_size": [4, 6]},
								"up": {"uv": [4, 597], "uv_size": [4, 4]},
								"down": {"uv": [8, 601], "uv_size": [4, -4]}
							}
						}
					]
				},
				{
					"name": "leftSleeveUp",
					"parent": "leftArmUp",
					"pivot": [6, 22, 0],
					"cubes": [
						{
							"origin": [4, 18, -2],
							"size": [4, 6, 4],
							"inflate": 0.25,
							"uv": {
								"north": {"uv": [4, 601], "uv_size": [4, 6]},
								"east": {"uv": [0, 601], "uv_size": [4, 6]},
								"south": {"uv": [12, 601], "uv_size": [4, 6]},
								"west": {"uv": [8, 601], "uv_size": [4, 6]},
								"up": {"uv": [4, 597], "uv_size": [4, 4]},
								"down": {"uv": [8, 601], "uv_size": [4, -4]}
							}
						}
					]
				},
				{
					"name": "leftArmDown",
					"parent": "leftSleeveUp",
					"pivot": [6, 18, 2],
					"cubes": [
						{
							"origin": [4, 12, -2],
							"size": [4, 6, 4],
							"uv": {
								"north": {"uv": [4, 601], "uv_size": [4, 6]},
								"east": {"uv": [0, 601], "uv_size": [4, 6]},
								"south": {"uv": [12, 601], "uv_size": [4, 6]},
								"west": {"uv": [8, 601], "uv_size": [4, 6]},
								"up": {"uv": [4, 597], "uv_size": [4, 4]},
								"down": {"uv": [8, 601], "uv_size": [4, -4]}
							}
						}
					]
				},
				{
					"name": "leftSleeveDown",
					"parent": "leftArmDown",
					"pivot": [6, 18, 0],
					"cubes": [
						{
							"origin": [4, 12, -2],
							"size": [4, 6, 4],
							"inflate": 0.25,
							"uv": {
								"north": {"uv": [4, 601], "uv_size": [4, 6]},
								"east": {"uv": [0, 601], "uv_size": [4, 6]},
								"south": {"uv": [12, 601], "uv_size": [4, 6]},
								"west": {"uv": [8, 601], "uv_size": [4, 6]},
								"up": {"uv": [4, 597], "uv_size": [4, 4]},
								"down": {"uv": [8, 601], "uv_size": [4, -4]}
							}
						}
					]
				},
				{
					"name": "leftItem",
					"parent": "leftArmDown",
					"pivot": [6, 15, 1]
				},
				{
					"name": "rightLegA",
					"parent": "root",
					"pivot": [0, 0, 0]
				},
				{
					"name": "rightLeg",
					"parent": "rightLegA",
					"pivot": [-1.9, 12, 0]
				},
				{
					"name": "rightLegUp",
					"parent": "rightLeg",
					"pivot": [-1.9, 12, 0]
				},
				{
					"name": "rightPantsUp",
					"parent": "rightLegUp",
					"pivot": [-1.9, 12, 0]
				},
				{
					"name": "rightLegDown",
					"parent": "rightPantsUp",
					"pivot": [-1.9, 6, -2]
				},
				{
					"name": "rightPantsDown",
					"parent": "rightLegDown",
					"pivot": [-1.9, 6, 0]
				},
				{
					"name": "leftLegA",
					"parent": "root",
					"pivot": [0, 0, 0]
				},
				{
					"name": "leftLeg",
					"parent": "leftLegA",
					"pivot": [1.9, 12, 0]
				},
				{
					"name": "leftLegUp",
					"parent": "leftLeg",
					"pivot": [1.9, 12, 0]
				},
				{
					"name": "leftPantsUp",
					"parent": "leftLegUp",
					"pivot": [1.9, 12, 0]
				},
				{
					"name": "leftLegDown",
					"parent": "leftPantsUp",
					"pivot": [1.9, 6, -2]
				},
				{
					"name": "leftPantsDown",
					"parent": "leftLegDown",
					"pivot": [1.9, 6, 0]
				}
			]
		}
	]
}