{
	"format_version": "1.12.0",
	"minecraft:geometry": [
		{
			"description": {
				"identifier": "geometry.m249.mag",
				"texture_width": 1024,
				"texture_height": 1024,
				"visible_bounds_width": 35,
				"visible_bounds_height": 20,
				"visible_bounds_offset": [0, 6, 0]
			},
			"bones": [
				{
					"name": "root",
					"pivot": [0, 0, 0]
				},
				{
					"name": "waist",
					"parent": "root",
					"pivot": [0, 12, 0]
				},
				{
					"name": "body",
					"parent": "waist",
					"pivot": [0, 24, 0]
				},
				{
					"name": "head",
					"parent": "body",
					"pivot": [0, 24, 0]
				},
				{
					"name": "hat",
					"parent": "head",
					"pivot": [0, 24, 0]
				},
				{
					"name": "jacket",
					"parent": "body",
					"pivot": [0, 24, 0]
				},
				{
					"name": "rightArmA",
					"parent": "body",
					"pivot": [-5, 22, 0]
				},
				{
					"name": "rightArm",
					"parent": "rightArmA",
					"pivot": [-5, 22, 0]
				},
				{
					"name": "rightArmUp",
					"parent": "rightArm",
					"pivot": [-6, 22, 0],
					"cubes": [
						{"origin": [-8, 18, -2], "size": [4, 6, 4], "uv": [844, 487]}
					]
				},
				{
					"name": "rightSleeveUp",
					"parent": "rightArmUp",
					"pivot": [-6, 22, 0],
					"cubes": [
						{"origin": [-8, 18, -2], "size": [4, 6, 4], "inflate": 0.25, "uv": [922, 216]}
					]
				},
				{
					"name": "rightArmDown",
					"parent": "rightSleeveUp",
					"pivot": [-6, 18, 2],
					"cubes": [
						{"origin": [-8, 12, -2], "size": [4, 6, 4], "uv": [863, 60]}
					]
				},
				{
					"name": "rightSleeveDown",
					"parent": "rightArmDown",
					"pivot": [-6, 18, 0],
					"cubes": [
						{"origin": [-8, 12, -2], "size": [4, 6, 4], "inflate": 0.25, "uv": [975, 430]}
					]
				},
				{
					"name": "rightItem",
					"parent": "rightArmDown",
					"pivot": [-6, 15, 1]
				},
				{
					"name": "main",
					"parent": "rightArm",
					"pivot": [0, 0, 0],
					"rotation": [180, 0, 180]
				},
				{
					"name": "mag",
					"parent": "main",
					"pivot": [0, 0, 0]
				},
				{
					"name": "mag_pouch",
					"parent": "mag",
					"pivot": [1, 42, -5.5]
				},
				{
					"name": "pouch",
					"parent": "mag_pouch",
					"pivot": [1, 42, -5.5],
					"cubes": [
						{"origin": [-40, 3, -19.9], "size": [5, 86.1, 42], "uv": [144, 576]},
						{"origin": [-7, 5, -16.9], "size": [19, 82.1, 36], "uv": [310, 0]},
						{"origin": [-36, 5, -17.9], "size": [49, 78.1, 38], "uv": [0, 283]},
						{"origin": [-36, 5, -17.9], "size": [85.8, 42.3, 38], "uv": [0, 0]},
						{"origin": [58.53468, -8.413, -17.9], "size": [4, 60.1, 38], "pivot": [53.03468, 58.587, -5.5], "rotation": [0, 0, 70], "uv": [618, 349]},
						{"origin": [51.41584, -3.90344, -17.9], "size": [6.9, 60.1, 38], "pivot": [48.41584, 63.09656, -85.5], "rotation": [0, 0, 55], "uv": [238, 599]},
						{"origin": [18.13712, 23.31408, -17.9], "size": [41.1, 60.1, 38], "pivot": [15.13712, 90.31408, -85.5], "rotation": [0, 0, 40], "uv": [540, 247]}
					]
				},
				{
					"name": "ammo",
					"parent": "mag_pouch",
					"pivot": [5.3, 85.5, 2.5],
					"rotation": [0, 0, -5]
				},
				{
					"name": "bullet",
					"parent": "ammo",
					"pivot": [-27.6094, 88.99785, 3.53648],
					"cubes": [
						{"origin": [-32.94555, 88.15661, -12.69476], "size": [2.17952, 2.17952, 6.53856], "pivot": [-25.58595, 94.12241, -8.0462], "rotation": [0, 0, -45], "uv": [989, 1002]},
						{"origin": [-23.34079, 88.30397, -12.69476], "size": [2.17952, 2.17952, 6.53856], "pivot": [-25.58595, 94.12241, -8.0462], "rotation": [0, 0, 45], "uv": [989, 1002]},
						{"origin": [-33.46731, 94.46961, -12.69476], "size": [2.17952, 2.17952, 6.53856], "pivot": [-25.58595, 94.12241, -8.0462], "rotation": [0, 0, -90], "uv": [989, 1002]},
						{"origin": [-21.79963, 89.84513, -12.69476], "size": [2.17952, 2.17952, 6.53856], "pivot": [-25.58595, 94.12241, -8.0462], "rotation": [0, 0, 45], "uv": [989, 1002]},
						{"origin": [-33.46731, 91.38729, -12.69476], "size": [2.17952, 2.17952, 6.53856], "pivot": [-25.58595, 94.12241, -8.0462], "rotation": [0, 0, -90], "uv": [989, 1002]},
						{"origin": [-31.40439, 86.61541, -12.69476], "size": [2.17952, 2.17952, 6.53856], "pivot": [-25.58595, 94.12241, -8.0462], "rotation": [0, 0, -45], "uv": [989, 1002]},
						{"origin": [-26.57147, 87.78225, -12.69476], "size": [2.17952, 2.17952, 6.53856], "uv": [989, 1002]},
						{"origin": [-26.57147, 84.69993, -12.69476], "size": [2.17952, 2.17952, 6.53856], "uv": [989, 1002]}
					]
				},
				{
					"name": "bullet_main",
					"parent": "bullet",
					"pivot": [-27.6094, 88.99785, 3.53648],
					"cubes": [
						{"origin": [-21.65495, 98.10669, 6.99612], "size": [1.26772, 1.26772, 5.35616], "pivot": [-27.03691, 95.26733, 10.60916], "rotation": [0, 0, 120], "uv": [989, 1002]},
						{"origin": [-21.29847, 100.47525, 6.99612], "size": [1.26772, 1.26772, 5.35616], "pivot": [-25.16219, 95.80069, 10.60916], "rotation": [0, 0, 150], "uv": [989, 1002]},
						{"origin": [-31.04355, 100.47525, 6.99612], "size": [1.26772, 1.26772, 5.35616], "pivot": [-25.91211, 95.80073, 10.60916], "rotation": [0, 0, -150], "uv": [989, 1002]},
						{"origin": [-26.92091, 101.78085, 6.99612], "size": [1.26772, 1.26772, 5.35616], "pivot": [-25.91211, 95.80073, 10.60916], "rotation": [0, 0, 180], "uv": [989, 1002]},
						{"origin": [-30.68711, 98.10669, 6.99612], "size": [1.26772, 1.26772, 5.35616], "pivot": [-24.03739, 95.26733, 10.60916], "rotation": [0, 0, -120], "uv": [989, 1002]},
						{"origin": [-31.38575, 93.76757, 6.99612], "size": [1.26772, 1.26772, 5.35616], "pivot": [-23.80539, 94.40141, 10.60916], "rotation": [0, 0, -90], "uv": [989, 1002]},
						{"origin": [-18.65547, 96.37493, 6.99612], "size": [1.26772, 1.26772, 5.35616], "pivot": [-24.03743, 93.53553, 10.60916], "rotation": [0, 0, 120], "uv": [989, 1002]},
						{"origin": [-24.09707, 99.09153, 6.99612], "size": [1.26772, 1.26772, 5.35616], "pivot": [-25.91211, 93.00213, 10.60916], "rotation": [0, 0, 150], "uv": [989, 1002]},
						{"origin": [-26.92091, 99.64725, 6.99612], "size": [1.26772, 1.26772, 5.35616], "pivot": [-25.91211, 93.00213, 10.60916], "rotation": [0, 0, -180], "uv": [989, 1002]},
						{"origin": [-28.24495, 99.09153, 6.99612], "size": [1.26772, 1.26772, 5.35616], "pivot": [-25.16219, 93.00213, 10.60916], "rotation": [0, 0, -150], "uv": [989, 1002]},
						{"origin": [-33.68659, 96.37493, 6.99612], "size": [1.26772, 1.26772, 5.35616], "pivot": [-27.03687, 93.53553, 10.60916], "rotation": [0, 0, -120], "uv": [989, 1002]},
						{"origin": [-20.95627, 93.76757, 6.99612], "size": [1.26772, 1.26772, 5.35616], "pivot": [-27.26891, 94.40141, 10.60916], "rotation": [0, 0, 90], "uv": [989, 1002]},
						{"origin": [-19.15063, 97.40221, 13.13452], "size": [1.26772, 1.26772, 4.12012], "pivot": [-25.55695, 95.59565, 12.9344], "rotation": [25, 0, 120], "uv": [989, 1002]},
						{"origin": [-22.47515, 99.90097, 14.36752], "size": [1.26772, 1.26772, 4.12012], "pivot": [-25.68947, 95.41513, 13.09284], "rotation": [25, 0, 150], "uv": [989, 1002]},
						{"origin": [-26.92091, 100.68481, 14.76084], "size": [1.26772, 1.26772, 4.12012], "pivot": [-25.91211, 95.35549, 13.09284], "rotation": [25, 0, 180], "uv": [989, 1002]},
						{"origin": [-31.24859, 99.55645, 14.20908], "size": [1.26772, 1.26772, 4.12012], "pivot": [-26.11715, 95.44557, 12.9344], "rotation": [25, 0, -150], "uv": [989, 1002]},
						{"origin": [-31.09967, 97.54309, 13.43348], "size": [1.26772, 1.26772, 4.12012], "pivot": [-24.44995, 95.02913, 13.23336], "rotation": [25, 0, -120], "uv": [989, 1002]},
						{"origin": [-31.86211, 93.76757, 11.96564], "size": [1.26772, 1.26772, 4.12012], "pivot": [-24.28179, 94.40141, 13.23336], "rotation": [25, 0, -90], "uv": [989, 1002]},
						{"origin": [-29.20747, 86.77329, 9.16444], "size": [1.26772, 1.26772, 4.12012], "pivot": [-25.74667, 93.47169, 12.9746], "rotation": [25, 0, -30], "uv": [989, 1002]},
						{"origin": [-31.39191, 88.42901, 10.03904], "size": [1.26772, 1.26772, 4.12012], "pivot": [-25.86163, 93.29617, 12.77464], "rotation": [25, 0, -60], "uv": [989, 1002]},
						{"origin": [-26.17103, 86.17541, 8.84432], "size": [1.26772, 1.26772, 4.12012], "pivot": [-25.53715, 93.54405, 13.04776], "rotation": [25, 0, 0], "uv": [989, 1002]},
						{"origin": [-23.13459, 86.77333, 9.16444], "size": [1.26772, 1.26772, 4.12012], "pivot": [-25.32767, 93.47169, 12.9746], "rotation": [25, 0, 30], "uv": [989, 1002]},
						{"origin": [-20.95015, 88.42901, 10.03904], "size": [1.26772, 1.26772, 4.12012], "pivot": [-25.21267, 93.29617, 12.77464], "rotation": [25, 0, 60], "uv": [989, 1002]},
						{"origin": [-20.47991, 93.76757, 11.96564], "size": [1.26772, 1.26772, 4.12012], "pivot": [-26.79255, 94.40141, 13.23336], "rotation": [25, 0, 90], "uv": [989, 1002]},
						{"origin": [-31.91415, 98.96729, 11.96628], "size": [1.26772, 1.26772, 4.12012], "pivot": [-26.78271, 94.29277, 13.234], "rotation": [0, 0, -150], "uv": [989, 1002]},
						{"origin": [-22.06155, 99.74821, 12.0702], "size": [1.26772, 1.26772, 3.01088], "pivot": [-25.27587, 94.69873, 13.33792], "rotation": [0, 0, 150], "uv": [989, 1002]},
						{"origin": [-29.63419, 86.94877, 12.0702], "size": [1.26772, 1.26772, 3.01088], "pivot": [-26.17339, 94.21081, 13.33792], "rotation": [0, 0, -30], "uv": [989, 1002]},
						{"origin": [-26.63083, 86.82109, 13.33792], "size": [2.18684, 1.26772, 1.74312], "uv": [989, 1002]},
						{"origin": [-22.70787, 86.94877, 12.0702], "size": [1.26772, 1.26772, 3.01088], "pivot": [-24.90095, 94.21081, 13.33792], "rotation": [0, 0, 30], "uv": [989, 1002]},
						{"origin": [-31.67979, 99.37329, 12.0702], "size": [1.26772, 1.26772, 3.01088], "pivot": [-26.54831, 94.69873, 13.33792], "rotation": [0, 0, -150], "uv": [989, 1002]}
					]
				},
				{
					"name": "bullet_shell",
					"parent": "bullet",
					"pivot": [-27.6094, 88.99785, 3.53648],
					"cubes": [
						{"origin": [-32.85343, 94.27297, 3.7524], "size": [1.64704, 1.64704, 3.53724], "pivot": [-25.97935, 94.20477, 4.03352], "rotation": [12.5, 0, -120], "uv": [989, 1002]},
						{"origin": [-30.17931, 96.59829, 4.30272], "size": [1.64704, 1.64704, 3.53724], "pivot": [-25.84779, 94.04781, 4.03352], "rotation": [12.5, 0, -150], "uv": [989, 1002]},
						{"origin": [-26.37471, 97.74617, -9.07908], "size": [1.64704, 1.64704, 12.82336], "pivot": [-25.58595, 94.12241, -8.0462], "rotation": [0, 0, 180], "uv": [989, 1002]},
						{"origin": [-26.37471, 97.43673, 4.50412], "size": [1.64704, 1.64704, 3.53724], "pivot": [-25.58595, 93.97765, 4.03352], "rotation": [12.5, 0, 180], "uv": [989, 1002]},
						{"origin": [-22.70911, 96.59833, 4.30272], "size": [1.64704, 1.64704, 3.53724], "pivot": [-25.39355, 94.04781, 4.03352], "rotation": [12.5, 0, 150], "uv": [989, 1002]},
						{"origin": [-20.03499, 94.27297, 3.7524], "size": [1.64704, 1.64704, 3.53724], "pivot": [-25.26203, 94.20477, 4.03352], "rotation": [12.5, 0, 120], "uv": [989, 1002]},
						{"origin": [-19.06887, 91.08373, 3.00064], "size": [1.64704, 1.64704, 3.53724], "pivot": [-25.22659, 94.40645, 4.03352], "rotation": [12.5, 0, 90], "uv": [989, 1002]},
						{"origin": [-20.06971, 87.88525, 2.24888], "size": [1.64704, 1.64704, 3.53724], "pivot": [-25.29675, 94.59885, 4.03352], "rotation": [12.5, 0, 60], "uv": [989, 1002]},
						{"origin": [-22.76927, 85.53445, 1.6986], "size": [1.64704, 1.64704, 3.53724], "pivot": [-25.45371, 94.73041, 4.03352], "rotation": [12.5, 0, 30], "uv": [989, 1002]},
						{"origin": [-26.44419, 84.66129, 1.49716], "size": [1.64704, 1.64704, 3.53724], "pivot": [-25.65539, 94.76585, 4.03352], "rotation": [12.5, 0, 0], "uv": [989, 1002]},
						{"origin": [-30.11915, 85.53445, 1.6986], "size": [1.64704, 1.64704, 3.53724], "pivot": [-25.78763, 94.73041, 4.03352], "rotation": [12.5, 0, -30], "uv": [989, 1002]},
						{"origin": [-32.81867, 87.88521, 2.24888], "size": [1.64704, 1.64704, 3.53724], "pivot": [-25.94459, 94.59885, 4.03352], "rotation": [12.5, 0, -60], "uv": [989, 1002]},
						{"origin": [-33.81951, 91.08373, 3.00064], "size": [1.64704, 1.64704, 3.53724], "pivot": [-26.01479, 94.40645, 4.03352], "rotation": [12.5, 0, -90], "uv": [989, 1002]},
						{"origin": [-32.22675, 87.73053, -9.07908], "size": [1.64704, 1.64704, 12.82336], "pivot": [-25.58595, 94.12241, -8.0462], "rotation": [0, 0, -60], "uv": [989, 1002]},
						{"origin": [-33.10663, 91.08377, -9.07908], "size": [1.64704, 1.64704, 12.82336], "pivot": [-25.58595, 94.12241, -8.0462], "rotation": [0, 0, -90], "uv": [989, 1002]},
						{"origin": [-32.19199, 94.42765, -9.07908], "size": [1.64704, 1.64704, 12.82336], "pivot": [-25.58595, 94.12241, -8.0462], "rotation": [0, 0, -120], "uv": [989, 1002]},
						{"origin": [-29.72795, 96.86629, -9.07908], "size": [1.64704, 1.64704, 12.82336], "pivot": [-25.58595, 94.12241, -8.0462], "rotation": [0, 0, -150], "uv": [989, 1002]},
						{"origin": [-20.59219, 94.36749, -9.07908], "size": [1.64704, 1.64704, 12.82336], "pivot": [-25.58595, 94.12241, -8.0462], "rotation": [0, 0, 120], "uv": [989, 1002]},
						{"origin": [-23.03079, 96.83157, -9.07908], "size": [1.64704, 1.64704, 12.82336], "pivot": [-25.58595, 94.12241, -8.0462], "rotation": [0, 0, 150], "uv": [989, 1002]},
						{"origin": [-19.71227, 91.01429, -9.07908], "size": [1.64704, 1.64704, 12.82336], "pivot": [-25.58595, 94.12241, -8.0462], "rotation": [0, 0, 90], "uv": [989, 1002]},
						{"origin": [-20.62691, 87.67033, -9.07908], "size": [1.64704, 1.64704, 12.82336], "pivot": [-25.58595, 94.12241, -8.0462], "rotation": [0, 0, 60], "uv": [989, 1002]},
						{"origin": [-23.09095, 85.23173, -9.07908], "size": [1.64704, 1.64704, 12.82336], "pivot": [-25.58595, 94.12241, -8.0462], "rotation": [0, 0, 30], "uv": [989, 1002]},
						{"origin": [-26.44419, 84.35185, -9.07908], "size": [1.64704, 1.64704, 12.82336], "uv": [989, 1002]},
						{"origin": [-29.78815, 85.26645, -9.07908], "size": [1.64704, 1.64704, 12.82336], "pivot": [-25.58595, 94.12241, -8.0462], "rotation": [0, 0, -30], "uv": [989, 1002]},
						{"origin": [-33.10663, 91.08377, -12.9878], "size": [1.64704, 1.64704, 3.33524], "pivot": [-25.58595, 94.12241, -8.33144], "rotation": [0, 0, -90], "uv": [989, 1002]},
						{"origin": [-32.19199, 94.42765, -12.9878], "size": [1.64704, 5.51756, 3.33524], "pivot": [-25.58595, 94.12241, -8.33144], "rotation": [0, 0, -120], "uv": [989, 1002]},
						{"origin": [-29.72795, 96.86629, -12.9878], "size": [1.64704, 5.51756, 3.33524], "pivot": [-25.58595, 94.12241, -8.33144], "rotation": [0, 0, -150], "uv": [989, 1002]},
						{"origin": [-26.37471, 97.74617, -12.9878], "size": [1.64704, 5.51756, 3.33524], "pivot": [-25.58595, 94.12241, -8.33144], "rotation": [0, 0, 180], "uv": [989, 1002]},
						{"origin": [-23.03079, 96.83157, -12.9878], "size": [1.64704, 5.51756, 3.33524], "pivot": [-25.58595, 94.12241, -8.33144], "rotation": [0, 0, 150], "uv": [989, 1002]},
						{"origin": [-20.59219, 94.36749, -12.9878], "size": [1.64704, 5.51756, 3.33524], "pivot": [-25.58595, 94.12241, -8.33144], "rotation": [0, 0, 120], "uv": [989, 1002]},
						{"origin": [-19.71227, 91.01429, -12.9878], "size": [1.64704, 1.64704, 3.33524], "pivot": [-25.58595, 94.12241, -8.33144], "rotation": [0, 0, 90], "uv": [989, 1002]},
						{"origin": [-20.62691, 87.67033, -12.9878], "size": [1.64704, 1.64704, 3.33524], "pivot": [-25.58595, 94.12241, -8.33144], "rotation": [0, 0, 60], "uv": [989, 1002]},
						{"origin": [-23.09095, 85.23173, -12.9878], "size": [1.64704, 1.64704, 3.33524], "pivot": [-25.58595, 94.12241, -8.33144], "rotation": [0, 0, 30], "uv": [989, 1002]},
						{"origin": [-26.44419, 84.35185, -12.9878], "size": [1.64704, 1.64704, 3.33524], "uv": [989, 1002]},
						{"origin": [-29.78815, 85.26645, -12.9878], "size": [1.64704, 1.64704, 3.33524], "pivot": [-25.58595, 94.12241, -8.33144], "rotation": [0, 0, -30], "uv": [989, 1002]},
						{"origin": [-32.22675, 87.73053, -12.9878], "size": [1.64704, 1.64704, 3.33524], "pivot": [-25.58595, 94.12241, -8.33144], "rotation": [0, 0, -60], "uv": [989, 1002]}
					]
				},
				{
					"name": "leftArmA",
					"parent": "body",
					"pivot": [5, 22, 0]
				},
				{
					"name": "leftArm",
					"parent": "leftArmA",
					"pivot": [5, 22, 0]
				},
				{
					"name": "leftArmUp",
					"parent": "leftArm",
					"pivot": [6, 22, 0],
					"cubes": [
						{"origin": [4, 18, -2], "size": [4, 6, 4], "uv": [355, 794]}
					]
				},
				{
					"name": "leftSleeveUp",
					"parent": "leftArmUp",
					"pivot": [6, 22, 0],
					"cubes": [
						{"origin": [4, 18, -2], "size": [4, 6, 4], "inflate": 0.25, "uv": [497, 802]}
					]
				},
				{
					"name": "leftArmDown",
					"parent": "leftSleeveUp",
					"pivot": [6, 18, 2],
					"cubes": [
						{"origin": [4, 12, -2], "size": [4, 6, 4], "uv": [615, 807]}
					]
				},
				{
					"name": "leftSleeveDown",
					"parent": "leftArmDown",
					"pivot": [6, 18, 0],
					"cubes": [
						{"origin": [4, 12, -2], "size": [4, 6, 4], "inflate": 0.25, "uv": [682, 811]}
					]
				},
				{
					"name": "leftItem",
					"parent": "leftArmDown",
					"pivot": [6, 15, 1]
				},
				{
					"name": "rightLegA",
					"parent": "root",
					"pivot": [0, 0, 0]
				},
				{
					"name": "rightLeg",
					"parent": "rightLegA",
					"pivot": [-1.9, 12, 0]
				},
				{
					"name": "rightLegUp",
					"parent": "rightLeg",
					"pivot": [-1.9, 12, 0]
				},
				{
					"name": "rightPantsUp",
					"parent": "rightLegUp",
					"pivot": [-1.9, 12, 0]
				},
				{
					"name": "rightLegDown",
					"parent": "rightPantsUp",
					"pivot": [-1.9, 6, -2]
				},
				{
					"name": "rightPantsDown",
					"parent": "rightLegDown",
					"pivot": [-1.9, 6, 0]
				},
				{
					"name": "leftLegA",
					"parent": "root",
					"pivot": [0, 0, 0]
				},
				{
					"name": "leftLeg",
					"parent": "leftLegA",
					"pivot": [1.9, 12, 0]
				},
				{
					"name": "leftLegUp",
					"parent": "leftLeg",
					"pivot": [1.9, 12, 0]
				},
				{
					"name": "leftPantsUp",
					"parent": "leftLegUp",
					"pivot": [1.9, 12, 0]
				},
				{
					"name": "leftLegDown",
					"parent": "leftPantsUp",
					"pivot": [1.9, 6, -2]
				},
				{
					"name": "leftPantsDown",
					"parent": "leftLegDown",
					"pivot": [1.9, 6, 0]
				}
			]
		}
	]
}