{
	"format_version": "1.8.0",
	"animations": {
		"animation.m249.first_person.draw": {
			"loop": "hold_on_last_frame",
			"anim_time_update": "query.anim_time + query.delta_time * 20.0",
			"bones": {
				"ammo": {
					"scale": "v.is_holding_m249 ? 1 : 0"
				},
				"rightArmA": {
					"rotation": [0, -10, 0],
					"position": [2, 0, 0]
				},
				"rightArm": {
					"rotation": {
						"0.0": [-12.5, 10, 0],
						"10.0": [-90, 10, 0],
						"2.0": [-55.83, 10, 0],
						"4.0": [-77.91, 10, 0],
						"6.0": [-90, 10, 0],
						"8.0": [-94, 10, 0]
					},
					"position": [0, 0, 0]
				},
				"main": {
					"rotation": [-90, 0, 10],
					"position": [-6, 11, 1.5],
					"scale": 0.045
				},
				"leftArmA": {
					"rotation": [-15, 34.5, 0],
					"position": [-5.5, -1, -12]
				},
				"root": {
					"rotation": ["(math.cos(query.life_time * 100.0) * 0.200) + 0.200", 180, 0],
					"position": [1, -1, -3]
				},
				"leftArm": {
					"rotation": {
						"0.0": [14.5, -7.5, -17.5],
						"10.0": [-83, -7.5, -17.5],
						"2.0": [-28, -7.5, -17.5],
						"4.0": [-65.5, -7.5, -17.5],
						"6.0": [-83, -7.5, -17.5],
						"8.0": [-89.5, -7.5, -17.5]
					},
					"position": [-4, 0, 3]
				},
				"rightArmUp": {
					"position": [0, 1, 0]
				},
				"body": {
					"position": [1, 0, 0]
				}
			}
		},
		"animation.m249.first_person.holding": {
			"loop": true,
			"bones": {
				"ammo": {
					"scale": "v.is_holding_m249 ? 1 : 0"
				},
				"rightArmA": {
					"rotation": [0, -10, 0],
					"position": [2, 0, 0]
				},
				"rightArm": {
					"rotation": [-90, 10, 0],
					"position": [0, 0, 0]
				},
				"main": {
					"rotation": [-90, 0, 10],
					"position": [-6, 11, 1.5],
					"scale": 0.045
				},
				"leftArmA": {
					"rotation": [-15, 34.5, 0],
					"position": [-5.5, -1, -12]
				},
				"root": {
					"rotation": ["(math.cos(query.life_time * 100.0) * 0.200) + 0.200", 180, 0],
					"position": [1, -1, -3]
				},
				"leftArm": {
					"rotation": [-83, -7.5, -17.5],
					"position": [-4, 0, 3]
				},
				"rightArmUp": {
					"position": [0, 1, 0]
				},
				"body": {
					"position": [1, 0, 0]
				}
			}
		},
		"animation.m249.first_person.reload": {
			"loop": "hold_on_last_frame",
			"animation_length": 56,
			"anim_time_update": "query.anim_time + query.delta_time * 10.0",
			"override_previous_animation": true,
			"bones": {
				"rightArmA": {
					"rotation": [0, -10, 0],
					"position": [2, 0, 0]
				},
				"rightArm": {
					"rotation": {
						"0.0": [-90, 10, 0],
						"10.0": [-90, 10, 0],
						"12.0": [-90, 10, 0],
						"14.0": [-90, 10, -27.5],
						"2.0": [-62.5, 10, 0],
						"20.0": [-90, 10, -27.5],
						"22.0": [-90, 10, -27.5],
						"24.0": [-92.5, 10, -27.5],
						"26.0": [-90, 10, -27.5],
						"28.0": [-90, 10, 5],
						"34.0": [-90, 10, 5],
						"36.0": [-105, 10, 35],
						"38.0": [-105, 10, 35],
						"40.0": [-90, 10, 0],
						"42.0": [-82.5, 10, 17.5],
						"54.0": [-82.5, 10, 17.5],
						"56.0": [-90, 10, 0],
						"8.0": [-62.5, 10, 0]
					},
					"position": {
						"0.0": [0, 0, 0],
						"10.0": [0, 0, 0],
						"12.0": [0, 0, 0],
						"34.0": [0, 0, 0],
						"38.0": [0, 0, 0],
						"40.0": [0, 0, 0],
						"54.0": [0, 0, 0],
						"56.0": [0, 0, 0]
					}
				},
				"main": {
					"rotation": [-90, 0, 10],
					"position": [-6, 11, 1.5],
					"scale": 0.045
				},
				"leftArmA": {
					"rotation": [-15, 34.5, 0],
					"position": [-5.5, -1, -12]
				},
				"root": {
					"rotation": ["(math.cos(query.life_time * 100.0) * 0.200) + 0.200", 180, 0],
					"position": [1, -1, -3]
				},
				"leftArm": {
					"rotation": {
						"0.0": [-83, -7.5, -17.5],
						"12.0": [-33, -22.5, -10],
						"14.0": [-78, 25, -10],
						"16.0": [-38, 25, -10],
						"18.0": [-38, 25, -10],
						"2.0": [-83, 22.5, -10],
						"20.0": [-38, 25, -10],
						"22.0": [-78, 25, -10],
						"26.0": [-78, 25, -10],
						"28.0": [-75.5, 35, -10],
						"30.0": [-80.5, 35, -10],
						"34.0": [-80.5, 35, -10],
						"36.0": [-98, -12.5, -10],
						"38.0": [-125.5, -12.5, -10],
						"4.0": [-83, -22.5, -10],
						"40.0": [-78, 25, -10],
						"42.0": [-83, -7.5, -17.5],
						"6.0": [-33, -22.5, -10],
						"8.0": [-33, -22.5, -10]
					},
					"position": {
						"0.0": [-4, 0, 3],
						"12.0": [-1, 5, 9],
						"14.0": [0, 1, 7],
						"2.0": [-1, 5, 9],
						"22.0": [0, 1, 7],
						"26.0": [0, 1, 7],
						"28.0": [3, 7, 6],
						"30.0": [3, 7, 6],
						"32.0": [2, 7, 6],
						"34.0": [3, 7, 6],
						"36.0": [2, 11, 6],
						"40.0": [0, 1, 7],
						"42.0": [-4, 0, 3]
					}
				},
				"rightArmUp": {
					"rotation": {
						"42.0": [0, 0, 0],
						"44.0": [0, 0, 5],
						"48.0": [0, 0, 5],
						"52.0": [0, 0, 5],
						"54.0": [0, 0, 0]
					},
					"position": {
						"0.0": [0, 1, 0],
						"42.0": [0, 1, 0],
						"44.0": [-2.5, -2, -2],
						"46.0": [-2, 0, -2],
						"48.0": [-2, 0, -2],
						"50.0": [-2.5, -2, -2],
						"52.0": [-2.5, -2, -2],
						"54.0": [0, 1, 0]
					}
				},
				"body": {
					"position": [1, 0, 0]
				},
				"cover": {
					"rotation": {
						"10.0": [-157.5, 0, 0],
						"11.96": [-150, 0, 0],
						"2.0": [0, 0, 0],
						"22.0": [-150, 0, 0],
						"24.0": [-137.5, 0, 0],
						"26.0": [-150, 0, 0],
						"36.0": [-150, 0, 0],
						"38.0": [-87.5, 0, 0],
						"4.0": [-150, 0, 0],
						"40.0": [0, 0, 0],
						"6.0": [-157.5, 0, 0],
						"8.0": [-150, 0, 0]
					}
				},
				"mag": {
					"position": {
						"14.0": [0, 0, 0],
						"16.0": [0, -113, 0],
						"18.0": [0, -113, 0],
						"20.0": [0, -113, 0],
						"22.0": [0, 0, 0]
					}
				},
				"ammo": {
					"scale": {
						"0.0": [0, 0, 0],
						"20.0": [0, 0, 0],
						"20.36": [1, 1, 1]
					}
				},
				"bone": {
					"scale": {
						"30.0": [0, 0, 0],
						"31.24": [1, 1, 1]
					}
				},
				"bone8": {
					"position": {
						"44.0": [0, 0, 0],
						"46.0": [0, 0, -38],
						"48.0": [0, 0, -38],
						"50.0": [0, 0, 0]
					}
				}
			}
		},
		"animation.m249.first_person.sprinting": {
			"loop": true,
			"bones": {
				"ammo": {
					"scale": "v.is_holding_m249 ? 1 : 0"
				},
				"rightArmA": {
					"rotation": [0, -10, 0],
					"position": [2, 0, 0]
				},
				"rightArm": {
					"rotation": [-90, 10, 0],
					"position": [0, 0, 0]
				},
				"main": {
					"rotation": [-90, 0, 10],
					"position": [-6, 11, 1.5],
					"scale": 0.045
				},
				"leftArmA": {
					"rotation": [-15, 34.5, 0],
					"position": [-5.5, -1, -12]
				},
				"root": {
					"rotation": ["(math.cos(query.life_time * 100.0) * 0.200) + 0.200", 115, 0],
					"position": [8, -1, -2]
				},
				"leftArm": {
					"rotation": [-93, 20, -10],
					"position": [1, 0, 3]
				},
				"rightArmUp": {
					"position": [0, 1, 0]
				},
				"body": {
					"position": [1, 0, 0]
				}
			}
		},
		"animation.m249.first_person.fire": {
			"loop": "hold_on_last_frame",
			"anim_time_update": "query.anim_time + query.delta_time * 70.0",
			"bones": {
				"rightArmA": {
					"rotation": [0, -10, 0],
					"position": [2, 0, 0]
				},
				"rightArm": {
					"rotation": {
						"0.0": [-90, 10, 0],
						"2.0": [-92, 10, 0],
						"4.0": [-90, 10, 0]
					},
					"position": {
						"0.0": [0, 0, 0],
						"2.0": [0, -1, 0.5],
						"4.0": [0, 0, 0]
					}
				},
				"main": {
					"rotation": [-90, 0, 10],
					"position": [-6, 11, 1.5],
					"scale": 0.045
				},
				"leftArmA": {
					"rotation": [-15, 34.5, 0],
					"position": [-5.5, -1, -12]
				},
				"root": {
					"rotation": ["(math.cos(query.life_time * 100.0) * 0.200) + 0.200", 180, 0],
					"position": [1, -1, -3]
				},
				"leftArm": {
					"rotation": {
						"0.0": [-83, -7.5, -17.5],
						"2.0": [-82.5, -3.5, -17.5],
						"4.0": [-83, -7.5, -17.5]
					},
					"position": {
						"0.0": [-4, 0, 3],
						"2.0": [-4, 0, 4],
						"4.0": [-4, 0, 3]
					}
				},
				"rightArmUp": {
					"position": [0, 1, 0]
				},
				"body": {
					"position": [1, 0, 0]
				},
				"ammo": {
					"rotation": {
						"2.0": [0, 0, 0],
						"4.0": [0, 0, -20],
						"6.0": [0, 0, 0]
					},
					"position": {
						"2.0": [0, 0, 0],
						"4.0": [4, 0, 0],
						"6.0": [0, 0, 0]
					}
				},
				"bullet14": {
					"rotation": {
						"4.28": [0, -10, 0],
						"4.76": [0, -22.5, 0],
						"5.12": [0, -32.5, -32.5],
						"5.84": [0, -45, -60],
						"6.32": [0, 10, -60],
						"6.6": [0, 37.5, -60],
						"6.96": [0, 62.5, -60],
						"7.32": [0, 0, 0]
					},
					"position": {
						"2.0": [0, 0, 0],
						"4.0": [10, 16, 0],
						"4.28": [5, 30, 0],
						"4.68": [5, 50, 0],
						"4.88": [0, 61, 0],
						"5.4": [-9, 72, 0],
						"5.8": [-29, 95, 0],
						"6.28": [-47, 105, 0],
						"6.56": [-57, 157, 0],
						"7.04": [13, 147, 0],
						"7.32": [0, 0, 0]
					}
				},
				"bullet_main14": {
					"scale": 0
				},
				"bone8": {
					"position": {
						"2.0": [0, 0, 0],
						"4.0": [0, 0, -38],
						"6.0": [0, 0, 0]
					}
				}
			}
		},
		"animation.m249.first_person.aim": {
			"loop": true,
			"bones": {
				"ammo": {
					"scale": "v.is_holding_m249 ? 1 : 0"
				},
				"rightArmA": {
					"rotation": [0, -10, 0],
					"position": [2, 0, 0]
				},
				"rightArm": {
					"rotation": [-90, -10, 0],
					"position": [0, 0, 0]
				},
				"main": {
					"rotation": [-90, 0, 19.8],
					"position": [-5.5, 11, 1.5],
					"scale": 0.045
				},
				"leftArmA": {
					"rotation": [-15, 34.5, 0],
					"position": [-5.5, -1, -12]
				},
				"root": {
					"rotation": [-1.35, 179.89, 0],
					"position": [1.19, 0.3, -2.5]
				},
				"leftArm": {
					"rotation": [-83, -7.5, -17.5],
					"position": [1, 1, 6]
				},
				"rightArmUp": {
					"rotation": [0, 0, -10],
					"position": [0, 1, 0]
				},
				"body": {
					"position": [1, 0, 0]
				}
			}
		},
		"animation.m249.first_person.aim_fire": {
			"loop": "hold_on_last_frame",
			"animation_length": 4,
			"anim_time_update": "query.anim_time + query.delta_time * 70.0",
			"bones": {
				"ammo": {
					"rotation": {
						"2.0": [0, 0, 0],
						"4.0": [0, 0, -20],
						"6.0": [0, 0, 0]
					},
					"position": {
						"2.0": [0, 0, 0],
						"4.0": [4, 0, 0],
						"6.0": [0, 0, 0]
					}
				},
				"rightArmA": {
					"rotation": [0, -10, 0],
					"position": [2, 0, 0]
				},
				"rightArm": {
					"rotation": {
						"0.0": [-90, -10, 0],
						"2.0": [-92, -10, 0],
						"4.0": [-90, -10, 0]
					},
					"position": {
						"0.0": [0, 0, 0],
						"2.0": [0, -1, 0.5],
						"4.0": [0, 0, 0]
					}
				},
				"main": {
					"rotation": [-90, 0, 19.8],
					"position": [-5.5, 11, 1.5],
					"scale": 0.045
				},
				"leftArmA": {
					"rotation": [-15, 34.5, 0],
					"position": [-5.5, -1, -12]
				},
				"root": {
					"rotation": [-1.35, 179.89, 0],
					"position": [1.19, 0.3, -2.5]
				},
				"leftArm": {
					"rotation": {
						"0.0": [-83, -7.5, -17.5],
						"2.0": [-82.5, -3.5, -17.5],
						"4.0": [-83, -7.5, -17.5]
					},
					"position": {
						"0.0": [1, 1, 6],
						"2.0": [1, 1, 7],
						"4.0": [1, 1, 6]
					}
				},
				"rightArmUp": {
					"rotation": [0, 0, -10],
					"position": [0, 1, 0]
				},
				"body": {
					"position": [1, 0, 0]
				},
				"bullet14": {
					"rotation": {
						"4.28": [0, -10, 0],
						"4.76": [0, -22.5, 0],
						"5.12": [0, -32.5, -32.5],
						"5.84": [0, -45, -60],
						"6.32": [0, 10, -60],
						"6.6": [0, 37.5, -60],
						"6.96": [0, 62.5, -60],
						"7.32": [0, 0, 0]
					},
					"position": {
						"2.0": [0, 0, 0],
						"4.0": [10, 16, 0],
						"4.28": [5, 30, 0],
						"4.68": [5, 50, 0],
						"4.88": [0, 61, 0],
						"5.4": [-9, 72, 0],
						"5.8": [-29, 95, 0],
						"6.28": [-47, 105, 0],
						"6.56": [-57, 157, 0],
						"7.04": [13, 147, 0],
						"7.32": [0, 0, 0]
					}
				},
				"bullet_main14": {
					"scale": 0
				},
				"bone8": {
					"position": {
						"2.0": [0, 0, 0],
						"4.0": [0, 0, -38],
						"6.0": [0, 0, 0]
					}
				}
			}
		},
		"animation.m249.third_person.draw": {
			"loop": "hold_on_last_frame",
			"animation_length": 10,
			"anim_time_update": "query.anim_time + query.delta_time * 20.0",
			"bones": {
				"ammo": {
					"scale": "v.is_holding_m249 ? 1 : 0"
				},
				"body": {
					"rotation": [0, 20, 0]
				},
				"rightArm": {
					"rotation": {
						"0.0": [0, 7.5, 0],
						"10.0": [-67.5, -35, 0],
						"2.0": [-22.5, -2, 0],
						"4.0": [-42.5, -25, 0],
						"6.0": [-67.5, -35, 0],
						"8.0": [-77.5, -35, 0]
					},
					"position": {
						"10.0": [0, 0, 1],
						"6.0": [0, 0, 1]
					}
				},
				"rightArmDown": {
					"rotation": [-22.5, 0, 0]
				},
				"main": {
					"rotation": [-67.5, 0, 0],
					"position": [-6.5, 11, -1],
					"scale": 0.045
				},
				"leftArm": {
					"rotation": {
						"0.0": [10, 0, 0],
						"10.0": [-77.5, 15, -17.5],
						"2.0": [-35, 2.5, 0],
						"4.0": [-35, 30, 0],
						"6.0": [-77.5, 15, -17.5],
						"8.0": [-95, 22.5, -15]
					},
					"position": {
						"0.0": [-1, 0, -1],
						"10.0": [-1, 0, -2],
						"6.0": [-1, 0, -2]
					}
				},
				"leftArmDown": {
					"rotation": [-15, 0, 0]
				}
			}
		},
		"animation.m249.third_person.holding": {
			"loop": true,
			"bones": {
				"ammo": {
					"scale": "v.is_holding_m249 ? 1 : 0"
				},
				"root": {
					"rotation": [0, 0, 0]
				},
				"body": {
					"rotation": [0, 20, 0]
				},
				"rightArm": {
					"rotation": [-67.5, -35, 0],
					"position": [0, 0, 1]
				},
				"rightArmDown": {
					"rotation": [-22.5, 0, 0]
				},
				"leftArm": {
					"rotation": [-77.5, 15, -17.5],
					"position": [-1, 0, -2]
				},
				"leftArmDown": {
					"rotation": [-15, 0, 0]
				},
				"main": {
					"rotation": [-67.5, 0, 0],
					"position": [-6.5, 11, -1],
					"scale": 0.045
				}
			}
		},
		"animation.m249.third_person.sprinting": {
			"loop": true,
			"bones": {
				"root": {
					"rotation": [0, 0, 0]
				},
				"body": {
					"rotation": [0, 20, 0]
				},
				"rightArm": {
					"rotation": [-50, -55, 0],
					"position": [0, 0, 1]
				},
				"rightArmDown": {
					"rotation": [-22.5, 0, 0]
				},
				"leftArm": {
					"rotation": [-40, 5, -22.5],
					"position": [-1, 0, 0]
				},
				"leftArmDown": {
					"rotation": [-25, 0, 0]
				},
				"main": {
					"rotation": [-67.5, 0, 0],
					"position": [-6.5, 11, -1],
					"scale": 0.045
				}
			}
		},
		"animation.m249.third_person.fire": {
			"loop": "hold_on_last_frame",
			"animation_length": 4,
			"anim_time_update": "query.anim_time + query.delta_time * 70.0",
			"bones": {
				"root": {
					"rotation": [0, 0, 0]
				},
				"body": {
					"rotation": [0, 20, 0]
				},
				"rightArm": {
					"rotation": {
						"0.0": [-67.5, -35, 0],
						"2.0": [-72.5, -35, 0],
						"4.0": [-67.5, -35, 0]
					},
					"position": {
						"0.0": [0, 0, 1],
						"2.0": [0, -1, 0.5],
						"4.0": [0, 0, 1]
					}
				},
				"rightArmDown": {
					"rotation": [-22.5, 0, 0]
				},
				"leftArm": {
					"rotation": {
						"0.0": [-77.5, 15, -17.5],
						"2.0": [-80.5, 15, -17.5],
						"4.0": [-77.5, 15, -17.5]
					},
					"position": {
						"0.0": [-1, 0, -2],
						"2.0": [-1, 0, -3],
						"4.0": [-1, 0, -2]
					}
				},
				"leftArmDown": {
					"rotation": [-15, 0, 0]
				},
				"main": {
					"rotation": [-67.5, 0, 0],
					"position": [-6.5, 11, -1],
					"scale": 0.045
				},
				"ammo": {
					"rotation": {
						"2.0": [0, 0, 0],
						"4.0": [0, 0, -20],
						"6.0": [0, 0, 0]
					},
					"position": {
						"2.0": [0, 0, 0],
						"4.0": [4, 0, 0],
						"6.0": [0, 0, 0]
					}
				},
				"bullet14": {
					"rotation": {
						"4.28": [0, -10, 0],
						"4.76": [0, -22.5, 0],
						"5.12": [0, -32.5, -32.5],
						"5.84": [0, -45, -60],
						"6.32": [0, 10, -60],
						"6.6": [0, 37.5, -60],
						"6.96": [0, 62.5, -60],
						"7.32": [0, 0, 0]
					},
					"position": {
						"2.0": [0, 0, 0],
						"4.0": [10, 16, 0],
						"4.28": [5, 30, 0],
						"4.68": [5, 50, 0],
						"4.88": [0, 61, 0],
						"5.4": [-9, 72, 0],
						"5.8": [-29, 95, 0],
						"6.28": [-47, 105, 0],
						"6.56": [-57, 157, 0],
						"7.04": [13, 147, 0],
						"7.32": [0, 0, 0]
					}
				},
				"bullet_main14": {
					"scale": 0
				},
				"bone8": {
					"position": {
						"2.0": [0, 0, 0],
						"4.0": [0, 0, -38],
						"6.0": [0, 0, 0]
					}
				}
			}
		},
		"animation.m249.third_person.aim": {
			"loop": true,
			"animation_length": 4,
			"bones": {
				"ammo": {
					"scale": "v.is_holding_m249 ? 1 : 0"
				},
				"root": {
					"rotation": [0, 0, 0]
				},
				"body": {
					"rotation": [0, 20, 0]
				},
				"rightArm": {
					"rotation": [-75, -35, 12.5],
					"position": [0, 0, 1]
				},
				"rightArmDown": {
					"rotation": [-22.5, 0, 0]
				},
				"leftArm": {
					"rotation": [-82.5, 15, -25],
					"position": [-1, 0, -2]
				},
				"leftArmDown": {
					"rotation": [-15, 0, 0]
				},
				"main": {
					"rotation": [-67.5, 0, 0],
					"position": [-6.5, 11, -1],
					"scale": 0.045
				},
				"head": {
					"rotation": [15, -12.5, -12.5]
				}
			}
		},
		"animation.m249.third_person.aim_fire": {
			"loop": "hold_on_last_frame",
			"animation_length": 4,
			"anim_time_update": "query.anim_time + query.delta_time * 70.0",
			"bones": {
				"ammo": {
					"rotation": {
						"2.0": [0, 0, 0],
						"4.0": [0, 0, -20],
						"6.0": [0, 0, 0]
					},
					"position": {
						"2.0": [0, 0, 0],
						"4.0": [4, 0, 0],
						"6.0": [0, 0, 0]
					}
				},
				"root": {
					"rotation": [0, 0, 0]
				},
				"body": {
					"rotation": [0, 20, 0]
				},
				"rightArm": {
					"rotation": {
						"0.0": [-75, -35, 12.5],
						"2.0": [-80, -35, 12.5],
						"4.0": [-75, -35, 12.5]
					},
					"position": {
						"0.0": [0, 0, 1],
						"2.0": [0, -1, 0.5],
						"4.0": [0, 0, 1]
					}
				},
				"rightArmDown": {
					"rotation": [-22.5, 0, 0]
				},
				"leftArm": {
					"rotation": {
						"0.0": [-82.5, 15, -25],
						"2.0": [-85.5, 15, -25],
						"4.0": [-82.5, 15, -25]
					},
					"position": {
						"0.0": [-1, 0, -2],
						"2.0": [-1, 0, -3],
						"4.0": [-1, 0, -2]
					}
				},
				"leftArmDown": {
					"rotation": [-15, 0, 0]
				},
				"main": {
					"rotation": [-67.5, 0, 0],
					"position": [-6.5, 11, -1],
					"scale": 0.045
				},
				"head": {
					"rotation": [15, -12.5, -12.5]
				},
				"bullet14": {
					"rotation": {
						"4.28": [0, -10, 0],
						"4.76": [0, -22.5, 0],
						"5.12": [0, -32.5, -32.5],
						"5.84": [0, -45, -60],
						"6.32": [0, 10, -60],
						"6.6": [0, 37.5, -60],
						"6.96": [0, 62.5, -60],
						"7.32": [0, 0, 0]
					},
					"position": {
						"2.0": [0, 0, 0],
						"4.0": [10, 16, 0],
						"4.28": [5, 30, 0],
						"4.68": [5, 50, 0],
						"4.88": [0, 61, 0],
						"5.4": [-9, 72, 0],
						"5.8": [-29, 95, 0],
						"6.28": [-47, 105, 0],
						"6.56": [-57, 157, 0],
						"7.04": [13, 147, 0],
						"7.32": [0, 0, 0]
					}
				},
				"bullet_main14": {
					"scale": 0
				},
				"bone8": {
					"position": {
						"2.0": [0, 0, 0],
						"4.0": [0, 0, -38],
						"6.0": [0, 0, 0]
					}
				}
			}
		},
		"animation.m249.third_person.reload": {
			"loop": "hold_on_last_frame",
			"animation_length": 56,
			"anim_time_update": "query.anim_time + query.delta_time * 10.0",
			"override_previous_animation": true,
			"bones": {
				"root": {
					"rotation": [0, 0, 0]
				},
				"body": {
					"rotation": [0, 20, 0]
				},
				"rightArm": {
					"rotation": {
						"0.0": [-67.5, -35, 0],
						"10.0": [-67.5, -35, 0],
						"12.0": [-67.5, -35, 0],
						"14.0": [-67.5, -35, -32.5],
						"2.0": [-17.5, -35, 0],
						"20.0": [-67.5, -35, -32.5],
						"22.0": [-67.5, -35, -32.5],
						"24.0": [-69.5, -35, -32.5],
						"26.0": [-67.5, -35, -32.5],
						"28.0": [-65, -25, 15],
						"34.0": [-65, -25, 15],
						"36.0": [-72.5, -40, 15],
						"40.0": [-72.5, -40, 15],
						"42.0": [-67.5, -35, 10],
						"52.0": [-67.5, -35, 10],
						"56.0": [-67.5, -35, 0],
						"8.0": [-17.5, -35, 0]
					},
					"position": {
						"0.0": [0, 0, 1],
						"10.0": [0, 0, 1],
						"12.0": [0, 0, 1],
						"28.0": [0, 0, 1],
						"34.0": [0, 0, 1],
						"40.0": [0, 0, 1],
						"42.0": [0, 0, 1],
						"52.0": [0, 0, 1],
						"56.0": [0, 0, 1],
						"8.0": [0, 0, 1]
					}
				},
				"rightArmDown": {
					"rotation": [-22.5, 0, 0]
				},
				"leftArm": {
					"rotation": {
						"0.0": [-77.5, 15, -17.5],
						"12.0": [-35, 15, -2.5],
						"14.0": [-92.5, 22.5, -20],
						"16.0": [-52.5, 22.5, -20],
						"18.0": [-52.5, 22.5, -20],
						"2.0": [-80, 55, -42.5],
						"20.0": [-52.5, 22.5, -20],
						"22.0": [-92.5, 22.5, -20],
						"26.0": [-92.5, 22.5, -20],
						"28.0": [-80, 22.5, -20],
						"30.0": [-87.5, 22.5, -20],
						"34.0": [-87.5, 22.5, -20],
						"36.0": [-90, -17.5, -35],
						"38.0": [-105, -35, -35],
						"4.0": [-80, 12.5, -42.5],
						"40.0": [-52.5, 22.5, -20],
						"42.0": [-75, 15, -17.5],
						"52.0": [-75, 15, -17.5],
						"56.0": [-77.5, 15, -17.5],
						"6.0": [-35, 15, -2.5],
						"8.0": [-35, 15, -2.5]
					},
					"position": {
						"0.0": [-1, 0, -2],
						"12.0": [-1, 0, -1],
						"2.0": [-1, 0, -1],
						"30.0": [-1, 0, -1],
						"32.0": [-2, 0, -2],
						"34.0": [-1, 0, -1],
						"36.0": [-1, 0, -3],
						"40.0": [-1, 0, -1],
						"42.0": [-1, 0, -2],
						"52.0": [-1, 0, -2],
						"56.0": [-1, 0, -2]
					}
				},
				"leftArmDown": {
					"rotation": [-15, 0, 0]
				},
				"main": {
					"rotation": {
						"0.0": [-67.5, 0, 0],
						"42.0": [-67.5, 0, 0],
						"44.0": [-53.5, 0, 0],
						"52.0": [-53.5, 0, 0],
						"54.0": [-53.5, 0, 0],
						"56.0": [-67.5, 0, 0]
					},
					"position": {
						"0.0": [-6.5, 11, -1],
						"44.0": [-6.5, 11, -1],
						"52.0": [-6.5, 11, -1],
						"54.0": [-6.5, 11, -1],
						"56.0": [-6.5, 11, -1]
					},
					"scale": 0.045
				},
				"rightArmUp": {
					"rotation": {
						"42.0": [0, 0, 0],
						"44.0": [-12.5, 0, 20],
						"50.0": [-12.5, 0, 20],
						"52.0": [-12.5, 0, 20],
						"54.0": [0, 0, 0]
					},
					"position": {
						"42.0": [0, 0, 0],
						"44.0": [-1, -2, 0],
						"46.0": [-1, 1, 0],
						"48.0": [-1, 1, 0],
						"50.0": [-1, -2, 0],
						"52.0": [-1, -2, 0],
						"54.0": [0, 0, 0]
					}
				},
				"cover": {
					"rotation": {
						"10.0": [-157.5, 0, 0],
						"11.96": [-150, 0, 0],
						"2.0": [0, 0, 0],
						"22.0": [-150, 0, 0],
						"24.0": [-137.5, 0, 0],
						"26.0": [-150, 0, 0],
						"36.0": [-150, 0, 0],
						"38.0": [-120, 0, 0],
						"4.0": [-150, 0, 0],
						"40.0": [0, 0, 0],
						"6.0": [-157.5, 0, 0],
						"8.0": [-150, 0, 0]
					}
				},
				"mag": {
					"position": {
						"14.0": [0, 0, 0],
						"16.0": [0, -113, 0],
						"18.0": [0, -113, 0],
						"20.0": [0, -113, 0],
						"22.0": [0, 0, 0]
					}
				},
				"ammo": {
					"scale": {
						"0.0": [0, 0, 0],
						"20.0": [0, 0, 0],
						"20.36": [1, 1, 1]
					}
				},
				"bone": {
					"scale": {
						"30.0": [0, 0, 0],
						"31.24": [1, 1, 1]
					}
				},
				"bone8": {
					"position": {
						"44.0": [0, 0, 0],
						"46.0": [0, 0, -38],
						"48.0": [0, 0, -38],
						"50.0": [0, 0, 0]
					}
				}
			}
		}
	}
}