{
	"format_version": "1.12.0",
	"minecraft:geometry": [
		{
			"description": {
				"identifier": "geometry.mk18",
				"texture_width": 2048,
				"texture_height": 2048,
				"visible_bounds_width": 30,
				"visible_bounds_height": 10,
				"visible_bounds_offset": [0, 1, 0]
			},
			"bones": [
				{
					"name": "root",
					"pivot": [0, 0, 0]
				},
				{
					"name": "waist",
					"parent": "root",
					"pivot": [0, 12, 0]
				},
				{
					"name": "body",
					"parent": "waist",
					"pivot": [0, 24, 0]
				},
				{
					"name": "head",
					"parent": "body",
					"pivot": [0, 24, 0]
				},
				{
					"name": "hat",
					"parent": "head",
					"pivot": [0, 24, 0]
				},
				{
					"name": "jacket",
					"parent": "body",
					"pivot": [0, 24, 0]
				},
				{
					"name": "rightArmA",
					"parent": "body",
					"pivot": [-5, 22, 0]
				},
				{
					"name": "rightArm",
					"parent": "rightArmA",
					"pivot": [-5, 22, 0]
				},
				{
					"name": "rightArmUp",
					"parent": "rightArm",
					"pivot": [-6, 22, 0],
					"cubes": [
						{"origin": [-8, 18, -2], "size": [4, 6, 4], "uv": [54.875, 1134]}
					]
				},
				{
					"name": "rightSleeveUp",
					"parent": "rightArmUp",
					"pivot": [-6, 22, 0],
					"cubes": [
						{"origin": [-8, 18, -2], "size": [4, 6, 4], "inflate": 0.25, "uv": [54.875, 1134]}
					]
				},
				{
					"name": "rightArmDown",
					"parent": "rightSleeveUp",
					"pivot": [-6, 18, 2],
					"cubes": [
						{"origin": [-8, 12, -2], "size": [4, 6, 4], "uv": [54.875, 1134]}
					]
				},
				{
					"name": "rightSleeveDown",
					"parent": "rightArmDown",
					"pivot": [-6, 18, 0],
					"cubes": [
						{"origin": [-8, 12, -2], "size": [4, 6, 4], "inflate": 0.25, "uv": [54.875, 1134]}
					]
				},
				{
					"name": "rightItem",
					"parent": "rightArmDown",
					"pivot": [-6, 15, 1]
				},
				{
					"name": "main",
					"parent": "rightArm",
					"pivot": [7.7, 36, 0],
					"rotation": [180, 0, 180]
				},
				{
					"name": "M416",
					"parent": "main",
					"pivot": [13.1, 14, 0]
				},
				{
					"name": "Back",
					"parent": "M416",
					"pivot": [13.1, 14, 0],
					"cubes": [
						{"origin": [10.26, -11.56, -184.6], "size": [8.52, 53.96, 19.88], "uv": [220, 191]},
						{"origin": [10.26, -11.56, -161.88], "size": [8.52, 53.96, 5.68], "uv": [247, 56]},
						{"origin": [10.26, -0.2, -156.2], "size": [2.84, 5.68, 2.84], "uv": [123, 42]},
						{"origin": [18.01902, -0.2, -156.2], "size": [2.84, 5.68, 2.84], "uv": [123, 10]},
						{"origin": [18.01902, -11.56, -184.6], "size": [2.84, 53.96, 19.88], "uv": [223, 102]},
						{"origin": [18.01902, -11.56, -161.88], "size": [2.84, 53.96, 5.68], "uv": [90, 121]},
						{"origin": [10.77975, 41.49975, -184.6], "size": [2.84, 2.84, 19.88], "pivot": [12.19975, 42.91975, -183.18], "rotation": [0, 0, 30], "uv": [192, 313]},
						{"origin": [10.77975, 41.49975, -161.88], "size": [2.84, 2.84, 5.68], "pivot": [12.19975, 42.91975, -183.18], "rotation": [0, 0, 30], "uv": [56, 313]},
						{"origin": [10.77975, 41.49975, -156.2], "size": [5.68, 2.84, 105.08], "pivot": [12.19975, 42.91975, -183.18], "rotation": [0, 0, 30], "uv": [279, 386]},
						{"origin": [9.35975, -13.11927, -184.6], "size": [2.84, 2.84, 19.88], "pivot": [12.19975, -9.23975, -183.18], "rotation": [0, 0, -30], "uv": [150, 313]},
						{"origin": [9.35975, -13.11927, -161.88], "size": [2.84, 2.84, 5.68], "pivot": [12.19975, -9.23975, -183.18], "rotation": [0, 0, -30], "uv": [23, 313]},
						{"origin": [16.35779, 37.23975, -184.6], "size": [2.84, 2.84, 19.88], "pivot": [10.39927, 42.91975, -183.18], "rotation": [0, 0, -30], "uv": [0, 313]},
						{"origin": [16.35779, 37.23975, -161.88], "size": [2.84, 2.84, 5.68], "pivot": [10.39927, 42.91975, -183.18], "rotation": [0, 0, -30], "uv": [299, 304]},
						{"origin": [13.51779, 37.23975, -156.2], "size": [5.68, 2.84, 105.08], "pivot": [10.39927, 42.91975, -183.18], "rotation": [0, 0, -30], "uv": [0, 384]},
						{"origin": [15.17902, 39.56, -156.2], "size": [5.822, 2.84, 105.08], "uv": [279, 107]},
						{"origin": [10.118, 39.56, -156.2], "size": [5.822, 2.84, 105.08], "uv": [279, 0]},
						{"origin": [1.48923, 32.44617, -156.2], "size": [11.36, 14.2, 90.88], "pivot": [17.38775, 40.96617, -103.66], "rotation": [0, 0, -40], "uv": [279, 556]},
						{"origin": [14.2832, 40.55928, -156.2], "size": [11.36, 17.04, 90.88], "pivot": [-3.30872, 40.96617, -103.66], "rotation": [0, 0, 40], "uv": [0, 554]},
						{"origin": [3.34014, 41.69585, -156.2], "size": [2.84, 11.36, 90.88], "pivot": [19.42093, 40.07376, -103.66], "rotation": [0, 0, -60], "uv": [920, 920]},
						{"origin": [16.41888, 56.45292, -156.2], "size": [2.84, 11.36, 90.88], "pivot": [-5.34191, 40.07376, -103.66], "rotation": [0, 0, 60], "uv": [826, 856]},
						{"origin": [3.99331, 53.27379, -156.2], "size": [2.84, 11.36, 90.88], "pivot": [24.3341, 44.27318, -103.66], "rotation": [0, 0, -75], "uv": [732, 845]},
						{"origin": [11.656, 69.73315, -156.2], "size": [2.84, 11.36, 90.88], "pivot": [-10.25508, 44.27318, -103.66], "rotation": [0, 0, 75], "uv": [837, 659]},
						{"origin": [-0.5775, 56.3966, -156.2], "size": [2.84, 11.36, 90.88], "pivot": [19.76329, 47.39599, -103.66], "rotation": [0, 0, -90], "uv": [837, 558]},
						{"origin": [11.81652, 73.4366, -156.2], "size": [2.84, 11.36, 90.88], "pivot": [-5.68427, 47.39599, -103.66], "rotation": [0, 0, 90], "uv": [837, 378]},
						{"origin": [-5.80082, 58.22999, -156.2], "size": [2.84, 11.36, 90.88], "pivot": [14.53999, 49.22938, -103.66], "rotation": [0, 0, -105], "uv": [837, 277]},
						{"origin": [12.62955, 74.68935, -156.2], "size": [2.84, 11.36, 90.88], "pivot": [-0.46094, 49.22938, -103.66], "rotation": [0, 0, 105], "uv": [837, 171]},
						{"origin": [-11.32068, 58.649, -156.2], "size": [2.84, 11.36, 90.88], "pivot": [9.02014, 49.64839, -103.66], "rotation": [0, 0, -120], "uv": [837, 70]},
						{"origin": [14.0397, 73.40607, -156.2], "size": [2.84, 11.36, 90.88], "pivot": [5.05888, 49.64839, -103.66], "rotation": [0, 0, 120], "uv": [279, 833]},
						{"origin": [-16.76087, 57.6251, -156.2], "size": [2.84, 11.36, 90.88], "pivot": [3.57992, 48.62451, -103.66], "rotation": [0, 0, -135], "uv": [0, 831]},
						{"origin": [15.95079, 69.6742, -156.2], "size": [2.84, 11.36, 90.88], "pivot": [10.4991, 48.62451, -103.66], "rotation": [0, 0, 135], "uv": [0, 661]},
						{"origin": [-21.75072, 55.22808, -156.2], "size": [2.84, 11.36, 90.88], "pivot": [-1.40993, 46.22747, -103.66], "rotation": [0, 0, -150], "uv": [279, 660]},
						{"origin": [18.23268, 63.74808, -156.2], "size": [2.84, 11.36, 90.88], "pivot": [15.48895, 46.22747, -103.66], "rotation": [0, 0, 150], "uv": [558, 656]},
						{"origin": [-4.39968, -0.40618, -156.2], "size": [2.84, 11.36, 90.88], "pivot": [1.74114, 15.18834, -103.66], "rotation": [0, 0, -165], "uv": [558, 380]},
						{"origin": [-0.82069, 4.00411, -156.2], "size": [2.84, 11.36, 90.88], "pivot": [12.33789, 15.18834, -103.66], "rotation": [0, 0, 165], "uv": [558, 279]},
						{"origin": [-3.51295, -2.13981, -156.2], "size": [5.68, 11.36, 90.88], "pivot": [5.46787, 13.45469, -103.66], "rotation": [0, 0, -180], "uv": [558, 101]},
						{"origin": [-6.35295, -7.81981, -107.92], "size": [2.84, 19.88, 42.6], "pivot": [5.46787, 13.45469, -103.66], "rotation": [0, 0, -180], "uv": [0, 39]},
						{"origin": [-12.03295, -2.13981, -156.2], "size": [5.68, 11.36, 90.88], "pivot": [5.46787, 13.45469, -103.66], "rotation": [0, 0, -180], "uv": [558, 0]},
						{"origin": [17.77779, -8.85927, -184.6], "size": [2.84, 2.84, 19.88], "pivot": [10.39927, -9.23975, -183.18], "rotation": [0, 0, 30], "uv": [199, 155]},
						{"origin": [17.77779, -8.85927, -161.88], "size": [2.84, 2.84, 5.68], "pivot": [10.39927, -9.23975, -183.18], "rotation": [0, 0, 30], "uv": [58, 304]},
						{"origin": [9.35975, 42.91975, -184.6], "size": [8.52, 2.84, 19.88], "pivot": [12.19975, 41.88025, -183.18], "rotation": [0, 0, 60], "uv": [308, 72]},
						{"origin": [9.35975, 42.91975, -161.88], "size": [8.52, 2.84, 5.68], "pivot": [12.19975, 41.88025, -183.18], "rotation": [0, 0, 60], "uv": [79, 249]},
						{"origin": [9.35975, 42.91975, -156.2], "size": [5.68, 2.84, 105.08], "pivot": [12.19975, 41.88025, -183.18], "rotation": [0, 0, 60], "uv": [279, 279]},
						{"origin": [6.90025, -13.49975, -184.6], "size": [5.68, 2.84, 19.88], "pivot": [12.19975, -8.20025, -183.18], "rotation": [0, 0, -60], "uv": [308, 185]},
						{"origin": [6.90025, -13.49975, -161.88], "size": [5.68, 2.84, 5.68], "pivot": [12.19975, -8.20025, -183.18], "rotation": [0, 0, -60], "uv": [173, 304]},
						{"origin": [8.97927, 35.54123, -184.6], "size": [8.52, 2.84, 19.88], "pivot": [10.39927, 41.88025, -183.18], "rotation": [0, 0, -60], "uv": [279, 235]},
						{"origin": [8.97927, 35.54123, -161.88], "size": [8.52, 2.84, 5.68], "pivot": [10.39927, 41.88025, -183.18], "rotation": [0, 0, -60], "uv": [246, 114]},
						{"origin": [11.81927, 35.54123, -156.2], "size": [5.68, 2.84, 105.08], "pivot": [10.39927, 41.88025, -183.18], "rotation": [0, 0, -60], "uv": [0, 277]},
						{"origin": [11.43877, -6.12123, -184.6], "size": [8.52, 2.84, 19.88], "pivot": [10.39927, -8.20025, -183.18], "rotation": [0, 0, 60], "uv": [279, 214]},
						{"origin": [11.43877, -6.12123, -161.88], "size": [8.52, 2.84, 5.68], "pivot": [10.39927, -8.20025, -183.18], "rotation": [0, 0, 60], "uv": [245, 36]},
						{"origin": [9.22047, 48.35855, -184.6], "size": [5.68, 2.84, 19.88], "pivot": [10.64047, 44.85953, -183.18], "rotation": [0, 0, 90], "uv": [53, 304]},
						{"origin": [9.22047, 48.35855, -161.88], "size": [5.68, 2.84, 5.68], "pivot": [10.64047, 44.85953, -183.18], "rotation": [0, 0, 90], "uv": [153, 304]},
						{"origin": [9.22047, 48.35855, -156.2], "size": [5.68, 2.84, 105.08], "pivot": [10.64047, 44.85953, -183.18], "rotation": [0, 0, 90], "uv": [0, 121]},
						{"origin": [46.14047, 48.35855, -107.92], "size": [5.68, 2.84, 2.84], "pivot": [10.64047, 44.85953, -183.18], "rotation": [0, 0, 90], "uv": [317, 12]},
						{"origin": [15.14361, 2.4318, -116.44], "size": [2.84, 5.68, 11.36], "pivot": [15.14361, 6.6918, -106.5], "rotation": [0, 0, 135], "uv": [190, 228]},
						{"origin": [10.29541, 7.27996, -119.28], "size": [5.68, 2.84, 14.2], "pivot": [15.14361, 6.6918, -106.5], "rotation": [0, 0, 135], "uv": [329, 254]},
						{"origin": [6.38047, -17.51855, -184.6], "size": [11.36, 2.84, 25.56], "pivot": [10.64047, -11.17953, -183.18], "rotation": [0, 0, -90], "uv": [0, 196]},
						{"origin": [6.38047, -17.51855, -161.88], "size": [2.84, 2.84, 5.68], "pivot": [10.64047, -11.17953, -183.18], "rotation": [0, 0, -90], "uv": [135, 302]},
						{"origin": [-2.90047, -3.55975, -148.02316], "size": [59.64, 2.84, 8.52], "pivot": [15.55953, -2.13975, -140.92316], "rotation": [0, -60, -90], "uv": [123, 0]},
						{"origin": [-0.06047, 3.67953, -164.72], "size": [56.8, 2.84, 8.52], "pivot": [15.55953, 5.09953, -129.22], "rotation": [0, 0, -90], "uv": [123, 10]},
						{"origin": [2.77953, 4.57975, -116.88511], "size": [8.52, 2.84, 19.88], "pivot": [15.55953, 5.99975, -101.26511], "rotation": [0, 180, -90], "uv": [115, 154]},
						{"origin": [21.68498, 14.8643, -51.11966], "size": [14.2, 2.84, 8.52], "pivot": [15.55953, 16.2843, -62.92511], "rotation": [0, 135, -90], "uv": [199, 78]},
						{"origin": [99.33953, 56.98047, -149.99025], "size": [8.52, 14.2, 8.52], "pivot": [69.51953, 10.12047, -142.89025], "rotation": [0, -90, -90], "uv": [0, 160]},
						{"origin": [-0.06047, 2.50073, -115.01], "size": [11.36, 14.2, 8.52], "pivot": [9.87953, 15.28073, -113.59], "rotation": [0, -60, -90], "uv": [314, 107]},
						{"origin": [31.17953, 23.1417, -120.69], "size": [8.52, 14.2, 8.52], "pivot": [38.27953, 7.5217, -113.59], "rotation": [0, -60, -90], "uv": [123, 42]},
						{"origin": [42.53953, 36.58073, -122.76903], "size": [8.52, 14.2, 2.84], "pivot": [49.63953, 9.60073, -121.34903], "rotation": [0, 30, -90], "uv": [150, 154]},
						{"origin": [99.33953, -18.93855, -178.39025], "size": [8.52, 14.2, 2.84], "pivot": [69.51953, 42.12145, -142.89025], "rotation": [0, -90, 90], "uv": [21, 39]},
						{"origin": [14.05322, 4.4434, -111.77428], "size": [2.84, 14.2, 2.84], "pivot": [9.87953, 17.2234, -109.36795], "rotation": [0, -120, -90], "uv": [79, 160]},
						{"origin": [-0.14678, 33.59856, -136.36939], "size": [2.84, 14.2, 2.84], "pivot": [9.87953, 35.01856, -109.36795], "rotation": [0, -120, 90], "uv": [129, 121]},
						{"origin": [18.97224, 8.27186, -116.42688], "size": [2.84, 14.2, 11.36], "pivot": [9.87953, 21.05186, -111.18055], "rotation": [0, -150, -90], "uv": [0, 0]},
						{"origin": [-5.62287, 29.77009, -130.62688], "size": [2.84, 14.2, 5.68], "pivot": [9.87953, 31.19009, -111.18055], "rotation": [0, -150, 90], "uv": [115, 154]},
						{"origin": [18.97224, 9.65372, -111.16337], "size": [2.84, 14.2, 17.04], "pivot": [9.87953, 22.43372, -105.91706], "rotation": [0, 180, -90], "uv": [0, 39]},
						{"origin": [2.22243, -3.55975, -159.38316], "size": [42.6, 2.84, 14.2], "pivot": [15.55953, -2.13975, -140.92316], "rotation": [0, -60, -90], "uv": [0, 100]},
						{"origin": [7.34536, -3.55975, -165.06316], "size": [22.72, 2.84, 8.52], "pivot": [15.55953, -2.13975, -140.92316], "rotation": [0, -60, -90], "uv": [181, 102]},
						{"origin": [-2.90047, -6.39975, -142.34316], "size": [59.64, 2.84, 2.84], "pivot": [15.55953, -2.13975, -140.92316], "rotation": [0, -60, -90], "uv": [123, 96]},
						{"origin": [-2.90047, -0.71975, -142.34316], "size": [59.64, 2.84, 2.84], "pivot": [15.55953, -2.13975, -140.92316], "rotation": [0, -60, -90], "uv": [123, 92]},
						{"origin": [-33.62689, -17.75975, -130.87617], "size": [31.24, 8.52, 2.84], "pivot": [-1.48047, 3.54025, -131.08511], "rotation": [0, -125, -90], "uv": [123, 100]}
					]
				},
				{
					"name": "Mid",
					"parent": "M416",
					"pivot": [13.1, 14, 0],
					"cubes": [
						{"origin": [14.13953, 33.95464, -70.85073], "size": [2.84, 2.84, 275.48], "uv": [279, 833]},
						{"origin": [14.13953, 33.95464, 207.46927], "size": [2.84, 2.84, 2.84], "uv": [265, 169]},
						{"origin": [14.13953, 33.95464, 213.14927], "size": [2.84, 2.84, 11.36], "uv": [279, 36]},
						{"origin": [17.87975, 35.99634, -70.85073], "size": [2.84, 2.84, 275.48], "pivot": [13.61975, 47.25438, -165.99073], "rotation": [0, 0, 30], "uv": [0, 831]},
						{"origin": [17.87975, 35.99634, 207.46927], "size": [2.84, 2.84, 2.84], "pivot": [13.61975, 47.25438, -165.99073], "rotation": [0, 0, 30], "uv": [265, 165]},
						{"origin": [17.87975, 35.99634, 213.14927], "size": [2.84, 2.84, 11.36], "pivot": [13.61975, 47.25438, -165.99073], "rotation": [0, 0, 30], "uv": [279, 13]},
						{"origin": [17.87975, 35.99634, -49.76543], "size": [2.84, 2.84, 96.56], "pivot": [13.61975, 47.25438, 164.65457], "rotation": [0, 0, 30], "uv": [558, 558]},
						{"origin": [10.77975, 37.41634, -70.85073], "size": [2.84, 2.84, 275.48], "pivot": [20.33927, 47.25438, -165.99073], "rotation": [0, 0, -30], "uv": [558, 277]},
						{"origin": [10.77975, 37.41634, 207.46927], "size": [2.84, 2.84, 2.84], "pivot": [20.33927, 47.25438, -165.99073], "rotation": [0, 0, -30], "uv": [265, 161]},
						{"origin": [10.77975, 37.41634, 213.14927], "size": [2.84, 2.84, 11.36], "pivot": [20.33927, 47.25438, -165.99073], "rotation": [0, 0, -30], "uv": [279, 0]},
						{"origin": [20.61779, 41.57438, -70.85073], "size": [2.84, 2.84, 275.48], "pivot": [12.19975, 48.67438, -165.99073], "rotation": [0, 0, 60], "uv": [558, 0]},
						{"origin": [20.61779, 41.57438, 207.46927], "size": [2.84, 2.84, 2.84], "pivot": [12.19975, 48.67438, -165.99073], "rotation": [0, 0, 60], "uv": [265, 157]},
						{"origin": [20.61779, 41.57438, 213.14927], "size": [2.84, 2.84, 11.36], "pivot": [12.19975, 48.67438, -165.99073], "rotation": [0, 0, 60], "uv": [279, 279]},
						{"origin": [9.08123, 44.03391, -70.85073], "size": [2.84, 2.84, 275.48], "pivot": [21.75927, 48.67438, -165.99073], "rotation": [0, 0, -60], "uv": [558, 558]},
						{"origin": [9.08123, 44.03391, 207.46927], "size": [2.84, 2.84, 2.84], "pivot": [21.75927, 48.67438, -165.99073], "rotation": [0, 0, -60], "uv": [265, 153]},
						{"origin": [9.08123, 44.03391, 213.14927], "size": [2.84, 2.84, 11.36], "pivot": [21.75927, 48.67438, -165.99073], "rotation": [0, 0, -60], "uv": [115, 277]},
						{"origin": [18.78, 46.35413, -70.85073], "size": [2.84, 2.84, 275.48], "pivot": [11.68, 47.77413, -165.99073], "rotation": [0, 0, 90], "uv": [279, 556]},
						{"origin": [18.78, 46.35413, 207.46927], "size": [2.84, 2.84, 2.84], "pivot": [11.68, 47.77413, -165.99073], "rotation": [0, 0, 90], "uv": [265, 149]},
						{"origin": [18.78, 46.35413, 213.14927], "size": [2.84, 2.84, 11.36], "pivot": [11.68, 47.77413, -165.99073], "rotation": [0, 0, 90], "uv": [0, 277]},
						{"origin": [12.33902, 49.19413, -70.85073], "size": [2.84, 2.84, 90.88], "pivot": [22.27902, 47.77413, -165.99073], "rotation": [0, 0, -90], "uv": [0, 932]},
						{"origin": [12.33902, 49.19413, 34.22927], "size": [2.84, 2.84, 170.4], "pivot": [22.27902, 47.77413, -60.91073], "rotation": [0, 0, -90], "uv": [558, 835]},
						{"origin": [12.33902, 49.19413, 207.46927], "size": [2.84, 2.84, 2.84], "pivot": [22.27902, 47.77413, -165.99073], "rotation": [0, 0, -90], "uv": [265, 145]},
						{"origin": [12.33902, 49.19413, 213.14927], "size": [2.84, 2.84, 11.36], "pivot": [22.27902, 47.77413, -165.99073], "rotation": [0, 0, -90], "uv": [0, 249]},
						{"origin": [12.09779, 51.89489, -70.85073], "size": [2.84, 2.84, 275.48], "pivot": [9.35975, 47.63489, -165.99073], "rotation": [0, 0, 120], "uv": [0, 554]},
						{"origin": [12.09779, 51.89489, 207.46927], "size": [2.84, 2.84, 2.84], "pivot": [9.35975, 47.63489, -165.99073], "rotation": [0, 0, 120], "uv": [265, 141]},
						{"origin": [12.09779, 51.89489, 213.14927], "size": [2.84, 2.84, 11.36], "pivot": [9.35975, 47.63489, -165.99073], "rotation": [0, 0, 120], "uv": [245, 23]},
						{"origin": [20.44123, 54.35438, -70.85073], "size": [2.84, 2.84, 275.48], "pivot": [24.59927, 47.63489, -165.99073], "rotation": [0, 0, -120], "uv": [279, 2]},
						{"origin": [20.44123, 54.35438, 207.46927], "size": [2.84, 2.84, 2.84], "pivot": [24.59927, 47.63489, -165.99073], "rotation": [0, 0, -120], "uv": [265, 137]},
						{"origin": [20.44123, 54.35438, 213.14927], "size": [2.84, 2.84, 11.36], "pivot": [24.59927, 47.63489, -165.99073], "rotation": [0, 0, -120], "uv": [245, 10]},
						{"origin": [7.28073, 59.55195, -70.85073], "size": [2.84, 2.84, 275.48], "pivot": [8.70073, 51.13391, -165.99073], "rotation": [0, 0, 150], "uv": [279, 279]},
						{"origin": [7.28073, 59.55195, 207.46927], "size": [2.84, 2.84, 2.84], "pivot": [8.70073, 51.13391, -165.99073], "rotation": [0, 0, 150], "uv": [265, 133]},
						{"origin": [7.28073, 59.55195, 213.14927], "size": [2.84, 2.84, 11.36], "pivot": [8.70073, 51.13391, -165.99073], "rotation": [0, 0, 150], "uv": [190, 244]},
						{"origin": [26.29779, 60.97195, -70.85073], "size": [2.84, 2.84, 275.48], "pivot": [25.2583, 51.13391, -165.99073], "rotation": [0, 0, -150], "uv": [0, 277]},
						{"origin": [26.29779, 60.97195, 207.46927], "size": [2.84, 2.84, 2.84], "pivot": [25.2583, 51.13391, -165.99073], "rotation": [0, 0, -150], "uv": [265, 129]},
						{"origin": [26.29779, 60.97195, 213.14927], "size": [2.84, 2.84, 11.36], "pivot": [25.2583, 51.13391, -165.99073], "rotation": [0, 0, -150], "uv": [145, 236]},
						{"origin": [31.17953, 64.43366, -70.85073], "size": [2.84, 2.84, 275.48], "pivot": [24.07953, 54.49366, -165.99073], "rotation": [0, 0, 180], "uv": [0, 0]},
						{"origin": [31.17953, 64.43366, 207.46927], "size": [2.84, 2.84, 2.84], "pivot": [24.07953, 54.49366, -165.99073], "rotation": [0, 0, 180], "uv": [265, 125]},
						{"origin": [31.17953, 64.43366, 213.14927], "size": [2.84, 2.84, 11.36], "pivot": [24.07953, 54.49366, -165.99073], "rotation": [0, 0, 180], "uv": [0, 236]},
						{"origin": [31.17953, 64.43366, -70.85073], "size": [2.84, 2.84, 119.28], "pivot": [24.07953, 54.49366, -165.99073], "rotation": [0, 0, 180], "uv": [0, 0]},
						{"origin": [10.118, 22.52, -48.28], "size": [8.662, 19.88, 5.68], "uv": [88, 75]},
						{"origin": [10.77975, 41.49975, -48.28], "size": [2.84, 2.84, 5.68], "pivot": [12.19975, 42.91975, -188.86], "rotation": [0, 0, 30], "uv": [20, 302]},
						{"origin": [9.35975, 42.91975, -48.28], "size": [8.52, 2.84, 5.68], "pivot": [12.19975, 41.88025, -188.86], "rotation": [0, 0, 60], "uv": [141, 219]},
						{"origin": [9.22047, 48.35855, -48.28], "size": [5.68, 2.84, 5.68], "pivot": [10.64047, 44.85953, -188.86], "rotation": [0, 0, 90], "uv": [38, 304]},
						{"origin": [8.97927, 35.54123, -48.28], "size": [8.52, 2.84, 5.68], "pivot": [10.39927, 41.88025, -188.86], "rotation": [0, 0, -60], "uv": [115, 219]},
						{"origin": [16.35779, 37.23975, -48.28], "size": [2.84, 2.84, 5.68], "pivot": [10.39927, 42.91975, -188.86], "rotation": [0, 0, -30], "uv": [299, 26]},
						{"origin": [18.01902, 22.52, -48.28], "size": [2.911, 19.88, 5.68], "uv": [115, 121]},
						{"origin": [0.73779, 20.65489, -48.28], "size": [2.84, 2.84, 5.68], "pivot": [10.39927, -9.23975, -188.86], "rotation": [0, 0, 30], "uv": [257, 296]},
						{"origin": [-18.07536, 10.91877, -48.28], "size": [8.52, 2.84, 5.68], "pivot": [10.39927, -8.20025, -188.86], "rotation": [0, 0, 60], "uv": [213, 69]},
						{"origin": [40.46047, -17.51855, -48.28], "size": [11.36, 2.84, 5.68], "pivot": [10.64047, -11.17953, -188.86], "rotation": [0, 0, -90], "uv": [123, 110]},
						{"origin": [45.53385, 28.17924, -67.15359], "size": [8.591, 8.804, 2.911], "pivot": [15.55953, 32.65224, -78.32535], "rotation": [0, -90, -90], "uv": [20, 334]},
						{"origin": [14.13953, 15.33934, -40.17592], "size": [2.84, 8.804, 2.84], "pivot": [15.55953, 19.74134, -38.75592], "rotation": [0, -105, -90], "uv": [103, 254]},
						{"origin": [19.62598, 15.87378, -44.87356], "size": [2.84, 8.804, 2.84], "pivot": [15.55953, 20.27578, -41.98346], "rotation": [0, -120, -90], "uv": [0, 249]},
						{"origin": [22.08548, 16.49031, -46.52959], "size": [2.84, 8.804, 2.84], "pivot": [15.55953, 20.89231, -42.21953], "rotation": [0, -135, -90], "uv": [245, 23]},
						{"origin": [34.1045, 19.25187, -78.11139], "size": [2.84, 8.804, 2.84], "pivot": [15.55953, 23.65387, -58.66372], "rotation": [0, -150, -90], "uv": [190, 244]},
						{"origin": [28.4245, 23.32074, -78.74829], "size": [5.68, 8.804, 2.84], "pivot": [15.55953, 27.72274, -54.93869], "rotation": [0, 180, -90], "uv": [15, 236]},
						{"origin": [7.83265, 2.28367, -62.02557], "size": [39.76, 8.804, 14.2], "pivot": [15.55953, 6.68567, -42.26641], "rotation": [0, 150, -90], "uv": [123, 20]},
						{"origin": [14.93265, 3.08199, -99.71629], "size": [14.2, 8.804, 11.36], "pivot": [15.55953, 7.48399, -59.34345], "rotation": [0, 150, -90], "uv": [279, 256]},
						{"origin": [27.99117, 3.08199, -100.37531], "size": [8.52, 8.804, 11.36], "pivot": [15.55953, 7.48399, -59.34345], "rotation": [0, 150, -90], "uv": [115, 326]},
						{"origin": [8.31508, 6.16379, -83.41824], "size": [8.52, 8.804, 11.36], "pivot": [15.55953, 10.56579, -50.14543], "rotation": [0, 150, -90], "uv": [50, 325]},
						{"origin": [14.13953, -4.19878, -17.32758], "size": [5.68, 8.804, 2.84], "pivot": [15.55953, 0.20322, -15.90758], "rotation": [0, 90, -90], "uv": [205, 228]},
						{"origin": [-5.74047, -12.71878, -17.32758], "size": [11.36, 8.804, 2.84], "pivot": [15.55953, -8.31678, -15.90758], "rotation": [0, 180, -90], "uv": [0, 140]},
						{"origin": [-2.90047, 15.68122, -54.24758], "size": [14.2, 8.804, 11.36], "pivot": [15.55953, 20.08322, -35.78758], "rotation": [0, 90, -90], "uv": [225, 277]},
						{"origin": [4.83395, -15.49028, -43.84378], "size": [2.84, 8.804, 11.36], "pivot": [15.55953, -11.08828, -35.90797], "rotation": [0, 125, -90], "uv": [0, 121]},
						{"origin": [0.18115, -11.24047, -50.28703], "size": [2.84, 8.804, 14.2], "pivot": [15.55953, -6.83847, -39.09328], "rotation": [0, 115, -90], "uv": [84, 39]},
						{"origin": [-7.78811, -26.0244, -62.68806], "size": [2.84, 8.804, 2.84], "pivot": [15.55953, -21.6224, -45.06441], "rotation": [0, 155, -90], "uv": [145, 236]},
						{"origin": [-9.86739, -26.0244, -57.80633], "size": [8.52, 8.804, 5.68], "pivot": [15.55953, -21.6224, -45.06441], "rotation": [0, 155, -90], "uv": [215, 20]},
						{"origin": [-8.28316, -38.6252, -59.55971], "size": [2.84, 8.804, 14.2], "pivot": [15.55953, -34.2232, -36.27768], "rotation": [0, -165, -90], "uv": [46, 46]},
						{"origin": [-5.34296, -46.56314, -65.66466], "size": [2.84, 8.804, 2.84], "pivot": [15.55953, -42.16114, -31.40969], "rotation": [0, -135, -90], "uv": [0, 236]},
						{"origin": [22.14568, -21.34988, -58.13023], "size": [2.84, 8.52, 2.84], "pivot": [15.55953, -17.08988, -53.79622], "rotation": [0, 170, -90], "uv": [233, 100]},
						{"origin": [17.33305, -24.28871, -101.05081], "size": [5.68, 8.804, 22.72], "pivot": [15.55953, -19.88671, -65.64938], "rotation": [0, 170, -90], "uv": [47, 236]},
						{"origin": [14.13953, -36.03728, -32.49599], "size": [2.84, 8.804, 2.84], "pivot": [15.55953, -31.63528, -31.07599], "rotation": [0, -165, -90], "uv": [190, 228]},
						{"origin": [4.24959, -37.8732, -41.16234], "size": [14.2, 8.804, 2.84], "pivot": [15.55953, -33.4712, -34.25588], "rotation": [0, -135, -90], "uv": [150, 265]},
						{"origin": [21.63414, -43.42287, -50.79116], "size": [2.84, 8.804, 2.84], "pivot": [15.55953, -39.02087, -37.86015], "rotation": [0, -100, -90], "uv": [0, 121]},
						{"origin": [15.86786, -46.69125, -51.89981], "size": [14.2, 8.804, 2.84], "pivot": [15.55953, -42.28925, -37.98247], "rotation": [0, -75, -90], "uv": [222, 263]},
						{"origin": [29.87432, -47.81061, -52.53017], "size": [5.68, 8.804, 2.84], "pivot": [15.55953, -43.40861, -40.08294], "rotation": [0, -60, -90], "uv": [15, 121]},
						{"origin": [39.81432, -61.08784, -60.41103], "size": [2.84, 8.52, 2.84], "pivot": [15.55953, -56.82784, -35.66625], "rotation": [0, -50, -90], "uv": [34, 70]},
						{"origin": [36.41438, 3.54025, -48.28], "size": [5.68, 2.84, 5.68], "pivot": [12.19975, -8.20025, -188.86], "rotation": [0, 0, -60], "uv": [279, 26]},
						{"origin": [26.39975, 16.39489, -48.28], "size": [2.84, 2.84, 5.68], "pivot": [12.19975, -9.23975, -188.86], "rotation": [0, 0, -30], "uv": [237, 296]}
					]
				},
				{
					"name": "body_m4",
					"parent": "M416",
					"pivot": [13.1, 14, 0],
					"cubes": [
						{"origin": [-0.06047, -13.99678, -20.54808], "size": [2.84, 2.84, 25.56], "pivot": [12.71953, -9.73678, -4.92808], "rotation": [0, 180, -90], "uv": [279, 185]},
						{"origin": [14.13953, -3.27913, -1.10882], "size": [2.84, 14.2, 36.92], "pivot": [15.55953, 3.82087, 23.03118], "rotation": [0, -170, -90], "uv": [123, 42]},
						{"origin": [11.34266, -0.43913, 4.07801], "size": [2.84, 8.52, 28.4], "pivot": [15.55953, 3.82087, 23.03118], "rotation": [0, -170, -90], "uv": [213, 20]},
						{"origin": [8.5458, -0.43913, 3.58488], "size": [2.84, 8.52, 25.56], "pivot": [15.55953, 3.82087, 23.03118], "rotation": [0, -170, -90], "uv": [50, 160]},
						{"origin": [5.74894, -0.43913, 3.09171], "size": [2.84, 8.52, 25.56], "pivot": [15.55953, 3.82087, 23.03118], "rotation": [0, -170, -90], "uv": [115, 121]},
						{"origin": [-2.90047, 27.14216, -83.02808], "size": [17.04, 8.52, 71], "pivot": [12.71953, 28.56216, -21.96808], "rotation": [0, 180, 90], "uv": [652, 279]},
						{"origin": [-8.58047, 27.14216, -88.70808], "size": [22.72, 8.52, 5.68], "pivot": [12.71953, 28.56216, -21.96808], "rotation": [0, 180, 90], "uv": [115, 313]},
						{"origin": [2.77953, 27.14216, -9.18808], "size": [11.36, 8.52, 5.68], "pivot": [12.71953, 28.56216, -21.96808], "rotation": [0, 180, 90], "uv": [79, 236]},
						{"origin": [5.61953, 27.14216, -3.50808], "size": [8.52, 8.52, 2.84], "pivot": [12.71953, 28.56216, -21.96808], "rotation": [0, 180, 90], "uv": [0, 334]},
						{"origin": [-0.06047, 27.14216, -12.02808], "size": [14.2, 8.52, 2.84], "pivot": [12.71953, 28.56216, -21.96808], "rotation": [0, 180, 90], "uv": [0, 182]},
						{"origin": [-0.06047, 24.30216, -71.66808], "size": [14.2, 14.2, 56.8], "pivot": [12.71953, 28.56216, -21.96808], "rotation": [0, 180, 90], "uv": [115, 121]},
						{"origin": [14.13953, 24.30216, -71.66808], "size": [5.68, 2.84, 2.84], "pivot": [12.71953, 28.56216, -21.96808], "rotation": [0, 180, 90], "uv": [317, 8]},
						{"origin": [8.45953, 34.24216, 25.48011], "size": [2.84, 2.84, 2.84], "pivot": [9.87953, 35.66216, 26.90011], "rotation": [0, 135, 90], "uv": [265, 121]},
						{"origin": [6.45133, 33.65396, 20.87556], "size": [2.84, 2.84, 2.84], "pivot": [9.87953, 35.07396, 24.30373], "rotation": [0, 90, 90], "uv": [214, 265]},
						{"origin": [13.79498, 33.7549, 26.31192], "size": [2.84, 2.84, 2.84], "pivot": [9.87953, 35.1749, 33.75647], "rotation": [0, 45, 90], "uv": [182, 265]},
						{"origin": [14.13953, 27.14216, -88.70808], "size": [2.84, 2.84, 90.88], "pivot": [12.71953, 28.56216, -21.96808], "rotation": [0, 180, 90], "uv": [931, 670]},
						{"origin": [10.43503, 41.43897, -42.6], "size": [2.84, 2.84, 2.84], "pivot": [11.85503, 42.85897, -41.18], "rotation": [0, 180, 130], "uv": [254, 263]},
						{"origin": [12.77158, 30.56115, -42.6], "size": [2.84, 2.84, 2.84], "pivot": [5.06399, 42.85897, -41.18], "rotation": [0, -180, -130], "uv": [165, 256]},
						{"origin": [12.19975, 42.91975, -42.6], "size": [2.84, 2.84, 2.84], "pivot": [13.61975, 44.33975, -41.18], "rotation": [0, 180, 150], "uv": [130, 256]},
						{"origin": [14.17684, 35.81975, -42.6], "size": [2.84, 2.84, 2.84], "pivot": [3.29927, 44.33975, -41.18], "rotation": [0, -180, -150], "uv": [255, 198]},
						{"origin": [14.13953, 57.63953, -42.6], "size": [2.84, 2.84, 2.84], "pivot": [3.26196, 51.95953, -41.18], "rotation": [0, 180, -180], "uv": [255, 194]},
						{"origin": [1.7062, 39.17899, -42.6], "size": [11.36, 2.84, 2.84], "pivot": [13.4717, 42.77454, -41.18], "rotation": [0, 180, 95], "uv": [167, 221]},
						{"origin": [5.09043, 25.033, -42.6], "size": [11.36, 2.84, 2.84], "pivot": [3.44732, 42.77454, -41.18], "rotation": [0, -180, -95], "uv": [191, 214]},
						{"origin": [64.19964, -27.27824, -39.48125], "size": [2.84, 2.84, 2.84], "pivot": [70.12121, 33.55482, -40.66025], "rotation": [0, 150, 95], "uv": [255, 188]},
						{"origin": [-49.0488, -41.42419, -38.86245], "size": [2.84, 2.84, 2.84], "pivot": [-53.20219, 33.55482, -40.66025], "rotation": [0, -150, -95], "uv": [255, 184]},
						{"origin": [8.90739, 30.3768, -40.59945], "size": [2.84, 2.84, 2.84], "pivot": [10.32739, 31.7968, -39.17945], "rotation": [0, 130, 95], "uv": [255, 178]},
						{"origin": [5.96714, 16.23085, -39.6514], "size": [2.84, 2.84, 2.84], "pivot": [6.59163, 31.7968, -39.17945], "rotation": [0, -130, -95], "uv": [255, 174]},
						{"origin": [4.23477, 26.70216, -47.34947], "size": [2.84, 2.84, 2.84], "pivot": [10.00591, 28.12216, -42.27846], "rotation": [0, 100, 95], "uv": [145, 253]},
						{"origin": [1.30466, 25.17878, -47.49977], "size": [11.36, 2.84, 5.68], "pivot": [9.87262, 26.59878, -41.93555], "rotation": [0, 90, 95], "uv": [81, 22]},
						{"origin": [4.25437, 11.0328, -46.26215], "size": [11.36, 2.84, 5.68], "pivot": [7.0464, 26.59878, -41.93555], "rotation": [0, -90, -95], "uv": [46, 39]},
						{"origin": [2.77953, 15.78216, -88.70808], "size": [2.84, 2.84, 90.88], "pivot": [7.03953, 28.56216, -21.96808], "rotation": [0, -180, -90], "uv": [931, 569]},
						{"origin": [16.7383, 23.40191, -63.14808], "size": [2.84, 2.84, 90.88], "pivot": [13.23927, 27.66191, -9.18808], "rotation": [0, 180, 120], "uv": [931, 389]},
						{"origin": [5.86073, 13.56386, -63.14808], "size": [2.84, 2.84, 90.88], "pivot": [6.51975, 27.66191, -9.18808], "rotation": [0, -180, -120], "uv": [931, 288]},
						{"origin": [16.07927, 22.74288, -63.14808], "size": [2.84, 2.84, 90.88], "pivot": [14.65927, 29.08191, -9.18808], "rotation": [0, 180, 150], "uv": [931, 182]},
						{"origin": [10.67779, 17.06288, -63.14808], "size": [2.84, 2.84, 90.88], "pivot": [5.09975, 29.08191, -9.18808], "rotation": [0, -180, -150], "uv": [931, 81]},
						{"origin": [-0.06047, -4.61751, -34.95739], "size": [2.84, 2.84, 2.84], "pivot": [12.71953, -0.35751, -25.01739], "rotation": [0, 140, -90], "uv": [128, 250]},
						{"origin": [-0.06047, -4.61751, 30.78123], "size": [2.84, 2.84, 2.84], "pivot": [12.71953, -0.35751, 23.68123], "rotation": [0, -140, -90], "uv": [116, 250]},
						{"origin": [-13.18914, 20.60289, -63.22527], "size": [2.84, 2.84, 2.84], "pivot": [12.71953, 19.18289, -42.05739], "rotation": [0, 140, 90], "uv": [59, 250]},
						{"origin": [-13.18914, 20.60289, 59.04911], "size": [2.84, 2.84, 2.84], "pivot": [12.71953, 19.18289, 40.72123], "rotation": [0, -140, 90], "uv": [47, 250]},
						{"origin": [14.13953, 3.21294, -14.08941], "size": [5.68, 2.84, 2.84], "pivot": [15.55953, 4.63294, -12.66941], "rotation": [0, 120, -90], "uv": [317, 4]},
						{"origin": [14.13953, 3.21294, 9.91325], "size": [5.68, 2.84, 2.84], "pivot": [15.55953, 4.63294, 11.33325], "rotation": [0, -120, -90], "uv": [317, 0]},
						{"origin": [-2.03757, 12.77244, -37.18989], "size": [2.84, 2.84, 2.84], "pivot": [15.55953, 14.19244, -29.70941], "rotation": [0, 120, 90], "uv": [249, 4]},
						{"origin": [-2.03757, 12.77244, 33.01372], "size": [2.84, 2.84, 2.84], "pivot": [15.55953, 14.19244, 28.37325], "rotation": [0, -120, 90], "uv": [166, 249]},
						{"origin": [-24.47902, 9.41269, -57.48771], "size": [2.84, 2.84, 8.52], "pivot": [15.55953, 10.83269, -51.80771], "rotation": [0, 90, -90], "uv": [325, 93]},
						{"origin": [-24.47902, 9.41269, 47.63154], "size": [2.84, 2.84, 8.52], "pivot": [15.55953, 10.83269, 50.47154], "rotation": [0, -90, -90], "uv": [77, 325]},
						{"origin": [-21.63902, 6.57269, 47.63154], "size": [5.68, 8.52, 8.52], "pivot": [15.55953, 10.83269, 50.47154], "rotation": [0, -90, -90], "uv": [76, 193]}
					]
				},
				{
					"name": "Clip",
					"parent": "M416",
					"pivot": [13.1, 14, 0]
				},
				{
					"name": "full_mag",
					"parent": "Clip",
					"pivot": [13.1, 14, 0],
					"cubes": [
						{"origin": [25.28255, -25.29728, -65.87139], "size": [25.56, 8.52, 31.24], "pivot": [15.55953, -21.03728, -9.13443], "rotation": [0, -160, -90], "uv": [0, 0]},
						{"origin": [19.40216, -9.2047, -24.74069], "size": [14.2, 8.52, 31.24], "pivot": [15.55953, -4.9447, 10.05045], "rotation": [0, -165, -90], "uv": [0, 121]},
						{"origin": [16.93636, -0.43913, 2.22434], "size": [8.52, 8.52, 31.24], "pivot": [15.55953, 3.82087, 23.03118], "rotation": [0, -170, -90], "uv": [0, 236]}
					]
				},
				{
					"name": "bullet",
					"parent": "Clip",
					"pivot": [15.05, 40.3, 28.7],
					"rotation": [0, 0, 180]
				},
				{
					"name": "shell",
					"parent": "bullet",
					"pivot": [-15.00374, 14.19903, 522.80198],
					"cubes": [
						{"origin": [10.31047, 43.52618, 20.2667], "size": [1.08235, 1.08235, 2.19175], "pivot": [15.25269, 45.52304, 23.32661], "rotation": [0, 0, -90], "uv": [90, 116]},
						{"origin": [10.31047, 43.52618, 22.83531], "size": [1.08235, 1.08235, 8.42686], "pivot": [15.25269, 45.52304, 23.51406], "rotation": [0, 0, -90], "uv": [294, 36]},
						{"origin": [10.88869, 41.3226, 20.2667], "size": [1.08235, 1.08235, 2.19175], "pivot": [15.25269, 45.52304, 23.32661], "rotation": [0, 0, -60], "uv": [84, 116]},
						{"origin": [10.88869, 41.3226, 22.83531], "size": [1.08235, 1.08235, 8.42686], "pivot": [15.25269, 45.52304, 23.51406], "rotation": [0, 0, -60], "uv": [294, 13]},
						{"origin": [12.49122, 39.70335, 20.2667], "size": [1.08235, 1.08235, 2.19175], "pivot": [15.25269, 45.52304, 23.32661], "rotation": [0, 0, -30], "uv": [78, 116]},
						{"origin": [12.49122, 39.70335, 22.83531], "size": [1.08235, 1.08235, 8.42686], "pivot": [15.25269, 45.52304, 23.51406], "rotation": [0, 0, -30], "uv": [294, 0]},
						{"origin": [14.68869, 39.10231, 20.2667], "size": [1.08235, 1.08235, 2.19175], "uv": [72, 116]},
						{"origin": [14.68869, 39.10231, 22.83531], "size": [1.08235, 1.08235, 8.42686], "uv": [291, 164]},
						{"origin": [16.89226, 39.68052, 20.2667], "size": [1.08235, 1.08235, 2.19175], "pivot": [15.25269, 45.52304, 23.32661], "rotation": [0, 0, 30], "uv": [66, 116]},
						{"origin": [16.89226, 39.68052, 22.83531], "size": [1.08235, 1.08235, 8.42686], "pivot": [15.25269, 45.52304, 23.51406], "rotation": [0, 0, 30], "uv": [291, 125]},
						{"origin": [18.51151, 41.28306, 20.2667], "size": [1.08235, 1.08235, 2.19175], "pivot": [15.25269, 45.52304, 23.32661], "rotation": [0, 0, 60], "uv": [60, 116]},
						{"origin": [18.51151, 41.28306, 22.83531], "size": [1.08235, 1.08235, 8.42686], "pivot": [15.25269, 45.52304, 23.51406], "rotation": [0, 0, 60], "uv": [291, 61]},
						{"origin": [19.11256, 43.48052, 20.2667], "size": [1.08235, 1.08235, 2.19175], "pivot": [15.25269, 45.52304, 23.32661], "rotation": [0, 0, 90], "uv": [54, 116]},
						{"origin": [19.11256, 43.48052, 22.83531], "size": [1.08235, 1.08235, 8.42686], "pivot": [15.25269, 45.52304, 23.51406], "rotation": [0, 0, 90], "uv": [130, 277]},
						{"origin": [18.53434, 45.68409, 20.2667], "size": [1.08235, 3.62587, 2.19175], "pivot": [15.25269, 45.52304, 23.32661], "rotation": [0, 0, 120], "uv": [99, 121]},
						{"origin": [18.53434, 45.68409, 22.83531], "size": [1.08235, 1.08235, 8.42686], "pivot": [15.25269, 45.52304, 23.51406], "rotation": [0, 0, 120], "uv": [15, 277]},
						{"origin": [16.9318, 47.30334, 20.2667], "size": [1.08235, 3.62587, 2.19175], "pivot": [15.25269, 45.52304, 23.32661], "rotation": [0, 0, 150], "uv": [112, 31]},
						{"origin": [16.9318, 47.30334, 22.83531], "size": [1.08235, 1.08235, 8.42686], "pivot": [15.25269, 45.52304, 23.51406], "rotation": [0, 0, 150], "uv": [93, 258]},
						{"origin": [12.53076, 47.32617, 20.2667], "size": [1.08235, 3.62587, 2.19175], "pivot": [15.25269, 45.52304, 23.32661], "rotation": [0, 0, -150], "uv": [73, 46]},
						{"origin": [12.53076, 47.32617, 22.83531], "size": [1.08235, 1.08235, 8.42686], "pivot": [15.25269, 45.52304, 23.51406], "rotation": [0, 0, -150], "uv": [199, 164]},
						{"origin": [14.73434, 47.90438, 20.2667], "size": [1.08235, 3.62587, 2.19175], "pivot": [15.25269, 45.52304, 23.32661], "rotation": [0, 0, 180], "uv": [73, 39]},
						{"origin": [14.73434, 47.90438, 22.83531], "size": [1.08235, 1.08235, 8.42686], "pivot": [15.25269, 45.52304, 23.51406], "rotation": [0, 0, 180], "uv": [121, 137]},
						{"origin": [14.73434, 47.70103, 31.76149], "size": [1.08235, 1.08235, 2.32448], "pivot": [15.25269, 45.42789, 31.45223], "rotation": [12.5, 0, 180], "uv": [48, 116]},
						{"origin": [17.1432, 47.15006, 31.62912], "size": [1.08235, 1.08235, 2.32448], "pivot": [15.37912, 45.474, 31.45223], "rotation": [12.5, 0, 150], "uv": [42, 116]},
						{"origin": [12.23417, 47.15006, 31.62912], "size": [1.08235, 1.08235, 2.32448], "pivot": [15.08061, 45.474, 31.45223], "rotation": [12.5, 0, -150], "uv": [36, 116]},
						{"origin": [18.9005, 45.62196, 31.26748], "size": [1.08235, 1.08235, 2.32448], "pivot": [15.46556, 45.57715, 31.45223], "rotation": [12.5, 0, 120], "uv": [30, 116]},
						{"origin": [10.47687, 45.62196, 31.26748], "size": [1.08235, 1.08235, 2.32448], "pivot": [14.99417, 45.57715, 31.45223], "rotation": [12.5, 0, -120], "uv": [24, 116]},
						{"origin": [19.53536, 43.52616, 30.77347], "size": [1.08235, 2.08235, 2.32448], "pivot": [15.48884, 45.70969, 31.45223], "rotation": [12.5, 0, 90], "uv": [1984, 1971]},
						{"origin": [9.84201, 43.52616, 30.77347], "size": [1.08235, 1.08235, 2.32448], "pivot": [14.97088, 45.70969, 31.45223], "rotation": [12.5, 0, -90], "uv": [12, 116]},
						{"origin": [18.87767, 41.42428, 30.27946], "size": [1.08235, 2.08235, 2.32448], "pivot": [15.44273, 45.83612, 31.45223], "rotation": [12.5, 0, 60], "uv": [1984, 1971]},
						{"origin": [10.4997, 41.42427, 30.27946], "size": [1.08235, 2.08235, 2.32448], "pivot": [15.01699, 45.83612, 31.45223], "rotation": [12.5, 0, -60], "uv": [1984, 1971]},
						{"origin": [17.10367, 39.87946, 29.91783], "size": [1.08235, 2.08235, 2.32448], "pivot": [15.33958, 45.92257, 31.45223], "rotation": [12.5, 0, 30], "uv": [1984, 1971]},
						{"origin": [12.2737, 39.87946, 29.91783], "size": [1.08235, 2.08235, 2.32448], "pivot": [15.12014, 45.92257, 31.45223], "rotation": [12.5, 0, -30], "uv": [1984, 1971]},
						{"origin": [14.68869, 39.30567, 29.78546], "size": [1.08235, 2.08235, 2.32448], "pivot": [15.20704, 45.94585, 31.45223], "rotation": [12.5, 0, 0], "uv": [1984, 1971]},
						{"origin": [10.91152, 45.72363, 20.2667], "size": [1.08235, 3.62587, 2.19175], "pivot": [15.25269, 45.52304, 23.32661], "rotation": [0, 0, -120], "uv": [24, 0]},
						{"origin": [10.91152, 45.72363, 22.83531], "size": [1.08235, 1.08235, 8.42686], "pivot": [15.25269, 45.52304, 23.51406], "rotation": [0, 0, -120], "uv": [24, 72]},
						{"origin": [10.41633, 41.6026, 20.45927], "size": [1.43227, 1.43227, 4.29681], "pivot": [15.25269, 45.52304, 23.51406], "rotation": [0, 0, -45], "uv": [24, 160]},
						{"origin": [16.72809, 41.69946, 20.45927], "size": [1.43227, 1.43227, 4.29681], "pivot": [15.25269, 45.52304, 23.51406], "rotation": [0, 0, 45], "uv": [124, 154]},
						{"origin": [10.07347, 45.75118, 20.45927], "size": [1.43227, 1.43227, 4.29681], "pivot": [15.25269, 45.52304, 23.51406], "rotation": [0, 0, -90], "uv": [147, 64]},
						{"origin": [17.74086, 42.71222, 20.45927], "size": [1.43227, 1.43227, 4.29681], "pivot": [15.25269, 45.52304, 23.51406], "rotation": [0, 0, 45], "uv": [147, 42]},
						{"origin": [10.07347, 43.72565, 20.45927], "size": [1.43227, 1.43227, 4.29681], "pivot": [15.25269, 45.52304, 23.51406], "rotation": [0, 0, -90], "uv": [108, 112]},
						{"origin": [11.42911, 40.58982, 20.45927], "size": [1.43227, 1.43227, 4.29681], "pivot": [15.25269, 45.52304, 23.51406], "rotation": [0, 0, -45], "uv": [109, 75]},
						{"origin": [14.60505, 41.35658, 20.45927], "size": [1.43227, 1.43227, 4.29681], "uv": [108, 22]},
						{"origin": [14.60505, 39.33106, 20.45927], "size": [1.43227, 1.43227, 4.29681], "uv": [68, 68]}
					]
				},
				{
					"name": "eject",
					"parent": "shell",
					"pivot": [-15.00374, 14.19903, 522.80198]
				},
				{
					"name": "trigger",
					"parent": "M416",
					"pivot": [13.1, 14, 0],
					"cubes": [
						{"origin": [14.13953, 11.69719, -4.08863], "size": [2.84, 2.84, 2.84], "pivot": [15.55953, 13.11719, -2.66863], "rotation": [0, -165, 90], "uv": [145, 249]},
						{"origin": [14.13953, 11.69719, -5.50863], "size": [2.84, 2.84, 2.84], "pivot": [15.55953, 13.11719, -4.08863], "rotation": [0, -165, 90], "uv": [100, 249]},
						{"origin": [8.65304, 14.63394, -6.29375], "size": [2.84, 2.84, 2.84], "pivot": [15.55953, 16.05394, -3.40365], "rotation": [0, -165, 90], "uv": [128, 246]},
						{"origin": [8.65304, 12.01632, -8.08298], "size": [2.84, 2.84, 2.84], "pivot": [15.55953, 13.43632, -5.19288], "rotation": [0, 180, 90], "uv": [116, 246]},
						{"origin": [7.45283, 8.77414, -15.21076], "size": [2.84, 2.84, 2.84], "pivot": [15.55953, 10.19414, -9.74677], "rotation": [0, 155, 90], "uv": [59, 246]},
						{"origin": [7.45283, 11.18814, -16.34676], "size": [2.84, 2.84, 2.84], "pivot": [15.55953, 12.60814, -10.88277], "rotation": [0, 155, 90], "uv": [47, 246]},
						{"origin": [7.45283, 13.60214, -17.48276], "size": [2.84, 2.84, 2.84], "pivot": [15.55953, 15.02214, -12.01877], "rotation": [0, 155, 90], "uv": [243, 14]},
						{"origin": [7.45283, 14.88014, -18.05076], "size": [2.84, 2.84, 2.84], "pivot": [15.55953, 16.30014, -12.58677], "rotation": [0, 155, 90], "uv": [243, 10]},
						{"origin": [7.45283, 16.15814, -18.61876], "size": [2.84, 2.84, 2.84], "pivot": [15.55953, 17.57814, -13.15477], "rotation": [0, 155, 90], "uv": [128, 240]}
					]
				},
				{
					"name": "Top",
					"parent": "M416",
					"pivot": [13.1, 14, 0],
					"cubes": [
						{"origin": [10.91902, 41.25855, -42.6], "size": [8.52, 5.68, 2.84], "uv": [116, 263]},
						{"origin": [13.74741, 47.93803, -34.08], "size": [85.2, 2.84, 2.84], "pivot": [18.00741, 42.25803, -35.5], "rotation": [-90, -90, 70], "uv": [0, 232]},
						{"origin": [-49.76777, 4.23759, 123.47914], "size": [8.52, 5.68, 8.52], "pivot": [29.75223, 31.66858, 122.26927], "rotation": [90, -90, 5], "uv": [213, 56]},
						{"origin": [43.5613, -23.77038, 121.00391], "size": [8.52, 5.68, 8.52], "pivot": [-27.4387, 31.95255, 122.26927], "rotation": [90, 90, -5], "uv": [123, 64]},
						{"origin": [13.10914, 44.25364, -40.10455], "size": [85.2, 2.84, 2.84], "pivot": [17.36914, 44.59819, -35.5], "rotation": [-90, -90, 20], "uv": [0, 228]},
						{"origin": [10.91902, 39.17953, -42.742], "size": [8.52, 2.84, 2.982], "uv": [72, 75]},
						{"origin": [9.08123, 46.79927, -42.6], "size": [2.84, 5.68, 2.84], "pivot": [21.75927, 47.83877, -41.18], "rotation": [0, 0, -30], "uv": [123, 0]},
						{"origin": [-32.09877, 22.60463, -42.671], "size": [2.84, 2.84, 2.982], "pivot": [21.75927, -44.08073, -41.18], "rotation": [0, 0, 30], "uv": [116, 240]},
						{"origin": [19.95877, 43.95927, -42.6], "size": [2.84, 2.84, 2.84], "pivot": [19.95877, 47.83877, -41.18], "rotation": [0, 0, 30], "uv": [59, 240]},
						{"origin": [61.13877, 28.28463, -42.671], "size": [2.84, 2.84, 2.911], "pivot": [19.95877, -44.08073, -41.18], "rotation": [0, 0, -30], "uv": [47, 240]},
						{"origin": [10.77975, 59.09684, -42.6], "size": [2.84, 2.84, 2.84], "pivot": [25.2583, 49.25877, -41.18], "rotation": [0, 0, -60], "uv": [239, 88]},
						{"origin": [-60.54608, -16.99877, -42.671], "size": [2.84, 2.84, 2.911], "pivot": [25.2583, -45.50073, -41.18], "rotation": [0, 0, 60], "uv": [237, 60]},
						{"origin": [22.4183, 49.25877, -42.6], "size": [2.84, 2.84, 2.84], "pivot": [16.45975, 49.25877, -41.18], "rotation": [0, 0, 60], "uv": [128, 236]},
						{"origin": [93.74416, -7.16073, -42.671], "size": [2.84, 5.68, 2.911], "pivot": [16.45975, -45.50073, -41.18], "rotation": [0, 0, -60], "uv": [111, 37]},
						{"origin": [14.13953, 34.8573, 204.62927], "size": [2.84, 2.84, 8.52], "uv": [318, 256]},
						{"origin": [14.13953, 38.87366, 204.62927], "size": [2.84, 2.84, 8.52], "uv": [317, 298]},
						{"origin": [15.55953, 35.44546, 204.62927], "size": [2.84, 2.84, 8.52], "pivot": [16.97953, 36.86546, 225.92927], "rotation": [0, 0, -45], "uv": [317, 55]},
						{"origin": [9.53498, 35.79001, 204.62927], "size": [2.84, 2.84, 8.52], "pivot": [16.97953, 31.18546, 225.92927], "rotation": [0, 0, 45], "uv": [317, 19]},
						{"origin": [16.14769, 28.83275, 204.62927], "size": [2.84, 2.84, 8.52], "pivot": [13.55133, 34.26911, 225.92927], "rotation": [0, 0, -90], "uv": [255, 316]},
						{"origin": [17.81133, 34.51275, 204.62927], "size": [2.84, 2.84, 8.52], "pivot": [15.21498, 34.26911, 225.92927], "rotation": [0, 0, -90], "uv": [227, 315]},
						{"origin": [9.39224, 27.41275, 204.62927], "size": [2.84, 2.84, 8.52], "pivot": [2.77953, 36.86546, 225.92927], "rotation": [0, 0, -45], "uv": [314, 165]},
						{"origin": [3.36769, 43.82275, 204.62927], "size": [2.84, 2.84, 8.52], "pivot": [2.77953, 31.18546, 225.92927], "rotation": [0, 0, 45], "uv": [215, 313]}
					]
				},
				{
					"name": "barrel",
					"parent": "Top",
					"pivot": [13.1, 14, 0]
				},
				{
					"name": "barrel_patterns",
					"parent": "barrel",
					"pivot": [13.1, 14, 0],
					"cubes": [
						{"origin": [37.8813, -23.77038, 121.00391], "size": [2.84, 2.84, 8.52], "pivot": [-27.4387, 31.95255, 122.26927], "rotation": [90, 90, -5], "uv": [44, 313]},
						{"origin": [32.2013, -23.77038, 121.00391], "size": [2.84, 2.84, 8.52], "pivot": [-27.4387, 31.95255, 122.26927], "rotation": [90, 90, -5], "uv": [82, 309]},
						{"origin": [26.5213, -23.77038, 121.00391], "size": [2.84, 2.84, 8.52], "pivot": [-27.4387, 31.95255, 122.26927], "rotation": [90, 90, -5], "uv": [255, 306]},
						{"origin": [20.8413, -23.77038, 121.00391], "size": [2.84, 2.84, 8.52], "pivot": [-27.4387, 31.95255, 122.26927], "rotation": [90, 90, -5], "uv": [279, 302]},
						{"origin": [15.1613, -23.77038, 121.00391], "size": [2.84, 2.84, 8.52], "pivot": [-27.4387, 31.95255, 122.26927], "rotation": [90, 90, -5], "uv": [115, 300]},
						{"origin": [9.4813, -23.77038, 121.00391], "size": [2.84, 2.84, 8.52], "pivot": [-27.4387, 31.95255, 122.26927], "rotation": [90, 90, -5], "uv": [0, 300]},
						{"origin": [3.8013, -23.77038, 121.00391], "size": [2.84, 2.84, 8.52], "pivot": [-27.4387, 31.95255, 122.26927], "rotation": [90, 90, -5], "uv": [199, 299]},
						{"origin": [-1.8787, -23.77038, 121.00391], "size": [2.84, 2.84, 8.52], "pivot": [-27.4387, 31.95255, 122.26927], "rotation": [90, 90, -5], "uv": [84, 299]},
						{"origin": [-7.5587, -23.77038, 121.00391], "size": [2.84, 2.84, 8.52], "pivot": [-27.4387, 31.95255, 122.26927], "rotation": [90, 90, -5], "uv": [245, 296]},
						{"origin": [-13.2387, -23.77038, 121.00391], "size": [2.84, 2.84, 8.52], "pivot": [-27.4387, 31.95255, 122.26927], "rotation": [90, 90, -5], "uv": [225, 296]},
						{"origin": [-18.9187, -23.77038, 121.00391], "size": [2.84, 2.84, 8.52], "pivot": [-27.4387, 31.95255, 122.26927], "rotation": [90, 90, -5], "uv": [291, 294]},
						{"origin": [-24.5987, -23.77038, 121.00391], "size": [2.84, 2.84, 8.52], "pivot": [-27.4387, 31.95255, 122.26927], "rotation": [90, 90, -5], "uv": [279, 292]},
						{"origin": [-30.2787, -23.77038, 121.00391], "size": [2.84, 2.84, 8.52], "pivot": [-27.4387, 31.95255, 122.26927], "rotation": [90, 90, -5], "uv": [127, 292]},
						{"origin": [-35.9587, -23.77038, 121.00391], "size": [2.84, 2.84, 8.52], "pivot": [-27.4387, 31.95255, 122.26927], "rotation": [90, 90, -5], "uv": [12, 292]},
						{"origin": [-41.6387, -23.77038, 121.00391], "size": [2.84, 2.84, 8.52], "pivot": [-27.4387, 31.95255, 122.26927], "rotation": [90, 90, -5], "uv": [291, 51]},
						{"origin": [-47.3187, -23.77038, 121.00391], "size": [2.84, 2.84, 8.52], "pivot": [-27.4387, 31.95255, 122.26927], "rotation": [90, 90, -5], "uv": [115, 290]},
						{"origin": [-52.9987, -23.77038, 121.00391], "size": [2.84, 2.84, 8.52], "pivot": [-27.4387, 31.95255, 122.26927], "rotation": [90, 90, -5], "uv": [0, 290]},
						{"origin": [-58.6787, -23.77038, 121.00391], "size": [2.84, 2.84, 8.52], "pivot": [-27.4387, 31.95255, 122.26927], "rotation": [90, 90, -5], "uv": [153, 287]},
						{"origin": [-64.3587, -23.77038, 121.00391], "size": [2.84, 2.84, 8.52], "pivot": [-27.4387, 31.95255, 122.26927], "rotation": [90, 90, -5], "uv": [38, 287]},
						{"origin": [-70.0387, -23.77038, 121.00391], "size": [2.84, 2.84, 8.52], "pivot": [-27.4387, 31.95255, 122.26927], "rotation": [90, 90, -5], "uv": [279, 195]},
						{"origin": [-75.7187, -23.77038, 121.00391], "size": [2.84, 2.84, 8.52], "pivot": [-27.4387, 31.95255, 122.26927], "rotation": [90, 90, -5], "uv": [279, 185]},
						{"origin": [-81.3987, -23.77038, 121.00391], "size": [2.84, 2.84, 8.52], "pivot": [-27.4387, 31.95255, 122.26927], "rotation": [90, 90, -5], "uv": [279, 166]},
						{"origin": [-87.0787, -23.77038, 121.00391], "size": [2.84, 2.84, 8.52], "pivot": [-27.4387, 31.95255, 122.26927], "rotation": [90, 90, -5], "uv": [279, 156]},
						{"origin": [-92.7587, -23.77038, 121.00391], "size": [2.84, 2.84, 8.52], "pivot": [-27.4387, 31.95255, 122.26927], "rotation": [90, 90, -5], "uv": [279, 146]},
						{"origin": [-98.4387, -23.77038, 121.00391], "size": [2.84, 2.84, 8.52], "pivot": [-27.4387, 31.95255, 122.26927], "rotation": [90, 90, -5], "uv": [279, 127]},
						{"origin": [-104.1187, -23.77038, 121.00391], "size": [2.84, 2.84, 8.52], "pivot": [-27.4387, 31.95255, 122.26927], "rotation": [90, 90, -5], "uv": [279, 117]},
						{"origin": [103.59223, 4.23759, 123.47914], "size": [2.84, 2.84, 8.52], "pivot": [29.75223, 31.66858, 122.26927], "rotation": [90, -90, 5], "uv": [279, 107]},
						{"origin": [97.91223, 4.23759, 123.47914], "size": [2.84, 2.84, 8.52], "pivot": [29.75223, 31.66858, 122.26927], "rotation": [90, -90, 5], "uv": [279, 82]},
						{"origin": [92.23223, 4.23759, 123.47914], "size": [2.84, 2.84, 8.52], "pivot": [29.75223, 31.66858, 122.26927], "rotation": [90, -90, 5], "uv": [279, 72]},
						{"origin": [86.55223, 4.23759, 123.47914], "size": [2.84, 2.84, 8.52], "pivot": [29.75223, 31.66858, 122.26927], "rotation": [90, -90, 5], "uv": [279, 59]},
						{"origin": [80.87223, 4.23759, 123.47914], "size": [2.84, 2.84, 8.52], "pivot": [29.75223, 31.66858, 122.26927], "rotation": [90, -90, 5], "uv": [279, 49]},
						{"origin": [75.19223, 4.23759, 123.47914], "size": [2.84, 2.84, 8.52], "pivot": [29.75223, 31.66858, 122.26927], "rotation": [90, -90, 5], "uv": [153, 277]},
						{"origin": [69.51223, 4.23759, 123.47914], "size": [2.84, 2.84, 8.52], "pivot": [29.75223, 31.66858, 122.26927], "rotation": [90, -90, 5], "uv": [38, 277]},
						{"origin": [63.83223, 4.23759, 123.47914], "size": [2.84, 2.84, 8.52], "pivot": [29.75223, 31.66858, 122.26927], "rotation": [90, -90, 5], "uv": [202, 265]},
						{"origin": [-38.40777, 4.23759, 123.47914], "size": [2.84, 2.84, 8.52], "pivot": [29.75223, 31.66858, 122.26927], "rotation": [90, -90, 5], "uv": [182, 265]},
						{"origin": [-32.72777, 4.23759, 123.47914], "size": [2.84, 2.84, 8.52], "pivot": [29.75223, 31.66858, 122.26927], "rotation": [90, -90, 5], "uv": [254, 263]},
						{"origin": [-27.04777, 4.23759, 123.47914], "size": [2.84, 2.84, 8.52], "pivot": [29.75223, 31.66858, 122.26927], "rotation": [90, -90, 5], "uv": [255, 194]},
						{"origin": [-21.36777, 4.23759, 123.47914], "size": [2.84, 2.84, 8.52], "pivot": [29.75223, 31.66858, 122.26927], "rotation": [90, -90, 5], "uv": [255, 184]},
						{"origin": [-15.68777, 4.23759, 123.47914], "size": [2.84, 2.84, 8.52], "pivot": [29.75223, 31.66858, 122.26927], "rotation": [90, -90, 5], "uv": [255, 174]},
						{"origin": [-10.00777, 4.23759, 123.47914], "size": [2.84, 2.84, 8.52], "pivot": [29.75223, 31.66858, 122.26927], "rotation": [90, -90, 5], "uv": [145, 249]},
						{"origin": [-4.32777, 4.23759, 123.47914], "size": [2.84, 2.84, 8.52], "pivot": [29.75223, 31.66858, 122.26927], "rotation": [90, -90, 5], "uv": [116, 246]},
						{"origin": [1.35223, 4.23759, 123.47914], "size": [2.84, 2.84, 8.52], "pivot": [29.75223, 31.66858, 122.26927], "rotation": [90, -90, 5], "uv": [47, 246]},
						{"origin": [7.03223, 4.23759, 123.47914], "size": [2.84, 2.84, 8.52], "pivot": [29.75223, 31.66858, 122.26927], "rotation": [90, -90, 5], "uv": [116, 236]},
						{"origin": [12.71223, 4.23759, 123.47914], "size": [2.84, 2.84, 8.52], "pivot": [29.75223, 31.66858, 122.26927], "rotation": [90, -90, 5], "uv": [47, 236]},
						{"origin": [18.39223, 4.23759, 123.47914], "size": [2.84, 2.84, 8.52], "pivot": [29.75223, 31.66858, 122.26927], "rotation": [90, -90, 5], "uv": [47, 206]},
						{"origin": [24.07223, 4.23759, 123.47914], "size": [2.84, 2.84, 8.52], "pivot": [29.75223, 31.66858, 122.26927], "rotation": [90, -90, 5], "uv": [0, 206]},
						{"origin": [29.75223, 4.23759, 123.47914], "size": [2.84, 2.84, 8.52], "pivot": [29.75223, 31.66858, 122.26927], "rotation": [90, -90, 5], "uv": [199, 141]},
						{"origin": [35.43223, 4.23759, 123.47914], "size": [2.84, 2.84, 8.52], "pivot": [29.75223, 31.66858, 122.26927], "rotation": [90, -90, 5], "uv": [199, 131]},
						{"origin": [41.11223, 4.23759, 123.47914], "size": [2.84, 2.84, 8.52], "pivot": [29.75223, 31.66858, 122.26927], "rotation": [90, -90, 5], "uv": [199, 121]},
						{"origin": [46.79223, 4.23759, 123.47914], "size": [2.84, 2.84, 8.52], "pivot": [29.75223, 31.66858, 122.26927], "rotation": [90, -90, 5], "uv": [47, 196]},
						{"origin": [52.47223, 4.23759, 123.47914], "size": [2.84, 2.84, 8.52], "pivot": [29.75223, 31.66858, 122.26927], "rotation": [90, -90, 5], "uv": [0, 196]},
						{"origin": [58.15223, 4.23759, 123.47914], "size": [2.84, 2.84, 8.52], "pivot": [29.75223, 31.66858, 122.26927], "rotation": [90, -90, 5], "uv": [50, 170]},
						{"origin": [248.43953, 60.93464, -79.37073], "size": [2.84, 8.52, 5.68], "pivot": [16.97953, 66.61464, -38.19073], "rotation": [90, -90, 0], "uv": [0, 313]},
						{"origin": [242.75953, 60.93464, -79.37073], "size": [2.84, 8.52, 5.68], "pivot": [16.97953, 66.61464, -38.19073], "rotation": [90, -90, 0], "uv": [308, 185]},
						{"origin": [237.07953, 60.93464, -79.37073], "size": [2.84, 8.52, 5.68], "pivot": [16.97953, 66.61464, -38.19073], "rotation": [90, -90, 0], "uv": [308, 72]},
						{"origin": [231.39953, 60.93464, -79.37073], "size": [2.84, 8.52, 5.68], "pivot": [16.97953, 66.61464, -38.19073], "rotation": [90, -90, 0], "uv": [294, 151]},
						{"origin": [225.71953, 60.93464, -79.37073], "size": [2.84, 8.52, 5.68], "pivot": [16.97953, 66.61464, -38.19073], "rotation": [90, -90, 0], "uv": [294, 112]},
						{"origin": [220.03953, 60.93464, -79.37073], "size": [2.84, 8.52, 5.68], "pivot": [16.97953, 66.61464, -38.19073], "rotation": [90, -90, 0], "uv": [279, 235]},
						{"origin": [214.35953, 60.93464, -79.37073], "size": [2.84, 8.52, 5.68], "pivot": [16.97953, 66.61464, -38.19073], "rotation": [90, -90, 0], "uv": [279, 214]},
						{"origin": [208.67953, 60.93464, -79.37073], "size": [2.84, 8.52, 5.68], "pivot": [16.97953, 66.61464, -38.19073], "rotation": [90, -90, 0], "uv": [203, 277]},
						{"origin": [180.27953, 60.93464, -79.37073], "size": [2.84, 8.52, 5.68], "pivot": [16.97953, 66.61464, -38.19073], "rotation": [90, -90, 0], "uv": [182, 277]},
						{"origin": [186.27953, 60.93464, -79.37073], "size": [2.84, 8.52, 5.68], "pivot": [16.97953, 66.61464, -38.19073], "rotation": [90, -90, 0], "uv": [182, 277]},
						{"origin": [192.27953, 60.93464, -79.37073], "size": [2.84, 8.52, 5.68], "pivot": [16.97953, 66.61464, -38.19073], "rotation": [90, -90, 0], "uv": [182, 277]},
						{"origin": [198.27953, 60.93464, -79.37073], "size": [2.84, 8.52, 5.68], "pivot": [16.97953, 66.61464, -38.19073], "rotation": [90, -90, 0], "uv": [182, 277]},
						{"origin": [203.37953, 60.93464, -79.37073], "size": [2.84, 8.52, 5.68], "pivot": [16.97953, 66.61464, -38.19073], "rotation": [90, -90, 0], "uv": [182, 277]},
						{"origin": [174.59953, 60.93464, -79.37073], "size": [2.84, 8.52, 5.68], "pivot": [16.97953, 66.61464, -38.19073], "rotation": [90, -90, 0], "uv": [88, 277]},
						{"origin": [174.59953, 60.93464, -85.05073], "size": [2.84, 8.52, 5.68], "pivot": [16.97953, 66.61464, -43.87073], "rotation": [90, -90, 0], "uv": [67, 277]},
						{"origin": [174.59953, 60.93464, -90.73073], "size": [2.84, 8.52, 5.68], "pivot": [16.97953, 66.61464, -49.55073], "rotation": [90, -90, 0], "uv": [260, 0]},
						{"origin": [174.59953, 60.93464, -96.41073], "size": [2.84, 8.52, 5.68], "pivot": [16.97953, 66.61464, -55.23073], "rotation": [90, -90, 0], "uv": [199, 151]},
						{"origin": [174.59953, 60.93464, -102.09073], "size": [2.84, 8.52, 5.68], "pivot": [16.97953, 66.61464, -60.91073], "rotation": [90, -90, 0], "uv": [173, 191]},
						{"origin": [146.19953, 60.93464, -79.37073], "size": [2.84, 8.52, 5.68], "pivot": [16.97953, 66.61464, -38.19073], "rotation": [90, -90, 0], "uv": [115, 191]},
						{"origin": [134.83953, 60.93464, -79.37073], "size": [2.84, 8.52, 5.68], "pivot": [16.97953, 66.61464, -38.19073], "rotation": [90, -90, 0], "uv": [102, 39]},
						{"origin": [129.15953, 60.93464, -79.37073], "size": [2.84, 8.52, 5.68], "pivot": [16.97953, 66.61464, -38.19073], "rotation": [90, -90, 0], "uv": [102, 0]},
						{"origin": [117.79953, 60.93464, -79.37073], "size": [2.84, 8.52, 5.68], "pivot": [16.97953, 66.61464, -38.19073], "rotation": [90, -90, 0], "uv": [84, 39]},
						{"origin": [112.11953, 60.93464, -79.37073], "size": [2.84, 8.52, 5.68], "pivot": [16.97953, 66.61464, -38.19073], "rotation": [90, -90, 0], "uv": [81, 0]},
						{"origin": [106.43953, 60.93464, -79.37073], "size": [2.84, 8.52, 5.68], "pivot": [16.97953, 66.61464, -38.19073], "rotation": [90, -90, 0], "uv": [64, 46]}
					]
				},
				{
					"name": "barrel_main",
					"parent": "barrel",
					"pivot": [13.1, 14, 0],
					"cubes": [
						{"origin": [-198.26771, 34.7441, -42.21779], "size": [153.36, 2.84, 2.84], "pivot": [36.03229, 50.62112, -35.5], "rotation": [-90, 90, -40], "uv": [837, 66]},
						{"origin": [-55.82791, 26.90757, 125.45933], "size": [153.36, 2.84, 8.52], "pivot": [20.85209, 31.70501, 122.26927], "rotation": [90, 90, -5], "uv": [837, 17]},
						{"origin": [-16.89406, 8.44368, 105.09693], "size": [153.36, 2.84, 2.84], "pivot": [59.78594, 43.32456, 122.12], "rotation": [-90, 90, -25], "uv": [837, 62]},
						{"origin": [-231.70942, 48.7303, -41.86509], "size": [5.68, 2.84, 2.84], "pivot": [2.59058, 7.1913, -35.5], "rotation": [-90, 90, -60], "uv": [194, 317]},
						{"origin": [-221.94936, 45.71147, -46.70738], "size": [5.68, 2.84, 2.84], "pivot": [12.35064, 5.33803, -35.5], "rotation": [-90, 90, -70], "uv": [173, 317]},
						{"origin": [14.89502, 51.19855, -39.76], "size": [238.844, 2.84, 8.52], "pivot": [16.59902, 51.19855, -38.34], "rotation": [-90, -90, 0], "uv": [732, 835]},
						{"origin": [246.62741, 47.93803, -34.08], "size": [5.68, 2.84, 2.84], "pivot": [18.00741, 42.25803, -35.5], "rotation": [-90, -90, 70], "uv": [300, 315]},
						{"origin": [256.38746, 53.67665, -23.40509], "size": [5.68, 2.84, 2.84], "pivot": [27.76746, 44.1113, -35.5], "rotation": [-90, -90, 60], "uv": [279, 315]},
						{"origin": [112.18575, 63.02647, -18.48607], "size": [153.36, 2.84, 2.84], "pivot": [31.24575, 50.62112, -35.5], "rotation": [-90, -90, 40], "uv": [837, 58]},
						{"origin": [-69.18789, 41.90456, 120.7], "size": [153.36, 2.84, 2.84], "pivot": [7.49211, 43.32456, 122.12], "rotation": [-90, -90, 25], "uv": [837, 54]},
						{"origin": [-52.61859, 12.47765, 124.22171], "size": [153.36, 2.84, 8.52], "pivot": [24.06141, 31.42107, 122.26927], "rotation": [90, -90, 5], "uv": [837, 7]},
						{"origin": [112.56623, 26.38947, -48.79472], "size": [153.36, 2.84, 5.68], "pivot": [31.62623, 67.19206, -35.35073], "rotation": [90, -90, -40], "uv": [837, 27]},
						{"origin": [-65.72897, 29.76572, 120.84927], "size": [153.36, 2.84, 2.84], "pivot": [10.95103, 31.18572, 122.26927], "rotation": [90, -90, -60], "uv": [837, 50]},
						{"origin": [99.32788, 29.67297, -47.52944], "size": [153.36, 2.84, 2.84], "pivot": [18.38788, 75.55515, -35.35073], "rotation": [90, -90, -70], "uv": [837, 46]},
						{"origin": [15.55953, 63.77464, -76.53073], "size": [238.56, 2.84, 5.68], "pivot": [16.97953, 66.61464, -38.19073], "rotation": [90, -90, 0], "uv": [837, 0]},
						{"origin": [-184.64886, 42.30034, -82.22291], "size": [153.36, 2.84, 2.84], "pivot": [49.65114, 75.55515, -35.35073], "rotation": [90, 90, 70], "uv": [837, 42]},
						{"origin": [-194.40895, 45.32335, -75.10948], "size": [153.36, 2.84, 2.84], "pivot": [39.89105, 73.70186, -35.35073], "rotation": [90, 90, 60], "uv": [837, 38]},
						{"origin": [-197.88721, 54.67184, -72.52644], "size": [153.36, 2.84, 2.84], "pivot": [36.41279, 67.19206, -35.35073], "rotation": [90, 90, 40], "uv": [837, 34]},
						{"origin": [-49.97649, 35.05869, 121.19933], "size": [153.36, 2.84, 2.84], "pivot": [26.70351, 32.47761, 122.26927], "rotation": [90, 90, 30], "uv": [831, 554]}
					]
				},
				{
					"name": "side",
					"parent": "barrel",
					"pivot": [13.1, 14, 0],
					"cubes": [
						{"origin": [-223.18942, 48.7303, -41.86509], "size": [5.68, 2.84, 2.84], "pivot": [2.59058, 7.1913, -35.5], "rotation": [-90, 90, -60], "uv": [314, 247]},
						{"origin": [-213.42936, 45.71147, -46.70738], "size": [5.68, 2.84, 2.84], "pivot": [12.35064, 5.33803, -35.5], "rotation": [-90, 90, -70], "uv": [314, 243]},
						{"origin": [-214.66942, 48.7303, -41.86509], "size": [5.68, 2.84, 2.84], "pivot": [2.59058, 7.1913, -35.5], "rotation": [-90, 90, -60], "uv": [314, 239]},
						{"origin": [229.58741, 47.93803, -34.08], "size": [5.68, 2.84, 2.84], "pivot": [18.00741, 42.25803, -35.5], "rotation": [-90, -90, 70], "uv": [314, 235]},
						{"origin": [247.86746, 53.67665, -23.40509], "size": [5.68, 2.84, 2.84], "pivot": [27.76746, 44.1113, -35.5], "rotation": [-90, -90, 60], "uv": [314, 226]},
						{"origin": [238.10741, 47.93803, -34.08], "size": [5.68, 2.84, 2.84], "pivot": [18.00741, 42.25803, -35.5], "rotation": [-90, -90, 70], "uv": [314, 222]},
						{"origin": [-204.90936, 45.71147, -46.70738], "size": [5.68, 2.84, 2.84], "pivot": [12.35064, 5.33803, -35.5], "rotation": [-90, 90, -70], "uv": [314, 218]},
						{"origin": [-196.38936, 45.71147, -46.70738], "size": [5.68, 2.84, 2.84], "pivot": [12.35064, 5.33803, -35.5], "rotation": [-90, 90, -70], "uv": [314, 214]},
						{"origin": [-206.14942, 48.7303, -41.86509], "size": [5.68, 2.84, 2.84], "pivot": [2.59058, 7.1913, -35.5], "rotation": [-90, 90, -60], "uv": [314, 158]},
						{"origin": [-187.86936, 45.71147, -46.70738], "size": [5.68, 2.84, 2.84], "pivot": [12.35064, 5.33803, -35.5], "rotation": [-90, 90, -70], "uv": [314, 154]},
						{"origin": [-197.62942, 48.7303, -41.86509], "size": [5.68, 2.84, 2.84], "pivot": [2.59058, 7.1913, -35.5], "rotation": [-90, 90, -60], "uv": [314, 150]},
						{"origin": [-179.34936, 45.71147, -46.70738], "size": [5.68, 2.84, 2.84], "pivot": [12.35064, 5.33803, -35.5], "rotation": [-90, 90, -70], "uv": [314, 146]},
						{"origin": [-189.10942, 48.7303, -41.86509], "size": [5.68, 2.84, 2.84], "pivot": [2.59058, 7.1913, -35.5], "rotation": [-90, 90, -60], "uv": [314, 133]},
						{"origin": [-170.82936, 45.71147, -46.70738], "size": [5.68, 2.84, 2.84], "pivot": [12.35064, 5.33803, -35.5], "rotation": [-90, 90, -70], "uv": [314, 129]},
						{"origin": [-162.30936, 45.71147, -46.70738], "size": [5.68, 2.84, 2.84], "pivot": [12.35064, 5.33803, -35.5], "rotation": [-90, 90, -70], "uv": [194, 313]},
						{"origin": [-153.78936, 45.71147, -46.70738], "size": [5.68, 2.84, 2.84], "pivot": [12.35064, 5.33803, -35.5], "rotation": [-90, 90, -70], "uv": [173, 313]},
						{"origin": [-145.26936, 45.71147, -46.70738], "size": [5.68, 2.84, 2.84], "pivot": [12.35064, 5.33803, -35.5], "rotation": [-90, 90, -70], "uv": [308, 206]},
						{"origin": [-136.74936, 45.71147, -46.70738], "size": [5.68, 2.84, 2.84], "pivot": [12.35064, 5.33803, -35.5], "rotation": [-90, 90, -70], "uv": [308, 198]},
						{"origin": [-128.22936, 45.71147, -46.70738], "size": [5.68, 2.84, 2.84], "pivot": [12.35064, 5.33803, -35.5], "rotation": [-90, 90, -70], "uv": [308, 93]},
						{"origin": [-119.70936, 45.71147, -46.70738], "size": [5.68, 2.84, 2.84], "pivot": [12.35064, 5.33803, -35.5], "rotation": [-90, 90, -70], "uv": [308, 85]},
						{"origin": [-111.18936, 45.71147, -46.70738], "size": [5.68, 2.84, 2.84], "pivot": [12.35064, 5.33803, -35.5], "rotation": [-90, 90, -70], "uv": [239, 306]},
						{"origin": [-102.66936, 45.71147, -46.70738], "size": [5.68, 2.84, 2.84], "pivot": [12.35064, 5.33803, -35.5], "rotation": [-90, 90, -70], "uv": [225, 306]},
						{"origin": [-94.14936, 45.71147, -46.70738], "size": [5.68, 2.84, 2.84], "pivot": [12.35064, 5.33803, -35.5], "rotation": [-90, 90, -70], "uv": [303, 99]},
						{"origin": [-85.62936, 45.71147, -46.70738], "size": [5.68, 2.84, 2.84], "pivot": [12.35064, 5.33803, -35.5], "rotation": [-90, 90, -70], "uv": [153, 297]},
						{"origin": [-79.94936, 45.71147, -46.70738], "size": [11.36, 2.84, 2.84], "pivot": [12.35064, 5.33803, -35.5], "rotation": [-90, 90, -70], "uv": [213, 42]},
						{"origin": [-89.70942, 48.7303, -41.86509], "size": [11.36, 2.84, 2.84], "pivot": [2.59058, 7.1913, -35.5], "rotation": [-90, 90, -60], "uv": [199, 88]},
						{"origin": [-95.38942, 48.7303, -41.86509], "size": [5.68, 2.84, 2.84], "pivot": [2.59058, 7.1913, -35.5], "rotation": [-90, 90, -60], "uv": [38, 297]},
						{"origin": [-103.90942, 48.7303, -41.86509], "size": [5.68, 2.84, 2.84], "pivot": [2.59058, 7.1913, -35.5], "rotation": [-90, 90, -60], "uv": [294, 286]},
						{"origin": [-112.42942, 48.7303, -41.86509], "size": [5.68, 2.84, 2.84], "pivot": [2.59058, 7.1913, -35.5], "rotation": [-90, 90, -60], "uv": [291, 146]},
						{"origin": [-120.94942, 48.7303, -41.86509], "size": [5.68, 2.84, 2.84], "pivot": [2.59058, 7.1913, -35.5], "rotation": [-90, 90, -60], "uv": [291, 107]},
						{"origin": [-129.46942, 48.7303, -41.86509], "size": [5.68, 2.84, 2.84], "pivot": [2.59058, 7.1913, -35.5], "rotation": [-90, 90, -60], "uv": [291, 101]},
						{"origin": [-137.98942, 48.7303, -41.86509], "size": [5.68, 2.84, 2.84], "pivot": [2.59058, 7.1913, -35.5], "rotation": [-90, 90, -60], "uv": [203, 290]},
						{"origin": [-146.50942, 48.7303, -41.86509], "size": [5.68, 2.84, 2.84], "pivot": [2.59058, 7.1913, -35.5], "rotation": [-90, 90, -60], "uv": [182, 290]},
						{"origin": [-155.02942, 48.7303, -41.86509], "size": [5.68, 2.84, 2.84], "pivot": [2.59058, 7.1913, -35.5], "rotation": [-90, 90, -60], "uv": [88, 290]},
						{"origin": [-163.54942, 48.7303, -41.86509], "size": [5.68, 2.84, 2.84], "pivot": [2.59058, 7.1913, -35.5], "rotation": [-90, 90, -60], "uv": [67, 290]},
						{"origin": [-172.06942, 48.7303, -41.86509], "size": [5.68, 2.84, 2.84], "pivot": [2.59058, 7.1913, -35.5], "rotation": [-90, 90, -60], "uv": [279, 248]},
						{"origin": [-180.58942, 48.7303, -41.86509], "size": [5.68, 2.84, 2.84], "pivot": [2.59058, 7.1913, -35.5], "rotation": [-90, 90, -60], "uv": [279, 227]},
						{"origin": [98.94741, 47.93803, -34.08], "size": [11.36, 2.84, 2.84], "pivot": [18.00741, 42.25803, -35.5], "rotation": [-90, -90, 70], "uv": [79, 179]},
						{"origin": [108.70746, 53.67665, -23.40509], "size": [11.36, 2.84, 2.84], "pivot": [27.76746, 44.1113, -35.5], "rotation": [-90, -90, 60], "uv": [46, 75]},
						{"origin": [120.06746, 53.67665, -23.40509], "size": [5.68, 2.84, 2.84], "pivot": [27.76746, 44.1113, -35.5], "rotation": [-90, -90, 60], "uv": [279, 205]},
						{"origin": [110.30741, 47.93803, -34.08], "size": [5.68, 2.84, 2.84], "pivot": [18.00741, 42.25803, -35.5], "rotation": [-90, -90, 70], "uv": [279, 99]},
						{"origin": [128.58746, 53.67665, -23.40509], "size": [5.68, 2.84, 2.84], "pivot": [27.76746, 44.1113, -35.5], "rotation": [-90, -90, 60], "uv": [279, 92]},
						{"origin": [118.82741, 47.93803, -34.08], "size": [5.68, 2.84, 2.84], "pivot": [18.00741, 42.25803, -35.5], "rotation": [-90, -90, 70], "uv": [78, 266]},
						{"origin": [127.34741, 47.93803, -34.08], "size": [5.68, 2.84, 2.84], "pivot": [18.00741, 42.25803, -35.5], "rotation": [-90, -90, 70], "uv": [136, 265]},
						{"origin": [137.10746, 53.67665, -23.40509], "size": [5.68, 2.84, 2.84], "pivot": [27.76746, 44.1113, -35.5], "rotation": [-90, -90, 60], "uv": [14, 262]},
						{"origin": [135.86741, 47.93803, -34.08], "size": [5.68, 2.84, 2.84], "pivot": [18.00741, 42.25803, -35.5], "rotation": [-90, -90, 70], "uv": [0, 262]},
						{"origin": [145.62746, 53.67665, -23.40509], "size": [5.68, 2.84, 2.84], "pivot": [27.76746, 44.1113, -35.5], "rotation": [-90, -90, 60], "uv": [260, 30]},
						{"origin": [144.38741, 47.93803, -34.08], "size": [5.68, 2.84, 2.84], "pivot": [18.00741, 42.25803, -35.5], "rotation": [-90, -90, 70], "uv": [259, 43]},
						{"origin": [154.14746, 53.67665, -23.40509], "size": [5.68, 2.84, 2.84], "pivot": [27.76746, 44.1113, -35.5], "rotation": [-90, -90, 60], "uv": [204, 257]},
						{"origin": [152.90741, 47.93803, -34.08], "size": [5.68, 2.84, 2.84], "pivot": [18.00741, 42.25803, -35.5], "rotation": [-90, -90, 70], "uv": [190, 257]},
						{"origin": [162.66746, 53.67665, -23.40509], "size": [5.68, 2.84, 2.84], "pivot": [27.76746, 44.1113, -35.5], "rotation": [-90, -90, 60], "uv": [116, 256]},
						{"origin": [161.42741, 47.93803, -34.08], "size": [5.68, 2.84, 2.84], "pivot": [18.00741, 42.25803, -35.5], "rotation": [-90, -90, 70], "uv": [15, 256]},
						{"origin": [179.70746, 53.67665, -23.40509], "size": [5.68, 2.84, 2.84], "pivot": [27.76746, 44.1113, -35.5], "rotation": [-90, -90, 60], "uv": [255, 204]},
						{"origin": [171.18746, 53.67665, -23.40509], "size": [5.68, 2.84, 2.84], "pivot": [27.76746, 44.1113, -35.5], "rotation": [-90, -90, 60], "uv": [205, 251]},
						{"origin": [169.94741, 47.93803, -34.08], "size": [5.68, 2.84, 2.84], "pivot": [18.00741, 42.25803, -35.5], "rotation": [-90, -90, 70], "uv": [249, 0]},
						{"origin": [178.46741, 47.93803, -34.08], "size": [5.68, 2.84, 2.84], "pivot": [18.00741, 42.25803, -35.5], "rotation": [-90, -90, 70], "uv": [245, 43]},
						{"origin": [186.98741, 47.93803, -34.08], "size": [5.68, 2.84, 2.84], "pivot": [18.00741, 42.25803, -35.5], "rotation": [-90, -90, 70], "uv": [160, 243]},
						{"origin": [195.50741, 47.93803, -34.08], "size": [5.68, 2.84, 2.84], "pivot": [18.00741, 42.25803, -35.5], "rotation": [-90, -90, 70], "uv": [237, 56]},
						{"origin": [204.02741, 47.93803, -34.08], "size": [5.68, 2.84, 2.84], "pivot": [18.00741, 42.25803, -35.5], "rotation": [-90, -90, 70], "uv": [225, 88]},
						{"origin": [212.54741, 47.93803, -34.08], "size": [5.68, 2.84, 2.84], "pivot": [18.00741, 42.25803, -35.5], "rotation": [-90, -90, 70], "uv": [193, 221]},
						{"origin": [221.06741, 47.93803, -34.08], "size": [5.68, 2.84, 2.84], "pivot": [18.00741, 42.25803, -35.5], "rotation": [-90, -90, 70], "uv": [47, 216]},
						{"origin": [230.82746, 53.67665, -23.40509], "size": [5.68, 2.84, 2.84], "pivot": [27.76746, 44.1113, -35.5], "rotation": [-90, -90, 60], "uv": [0, 216]},
						{"origin": [222.30746, 53.67665, -23.40509], "size": [5.68, 2.84, 2.84], "pivot": [27.76746, 44.1113, -35.5], "rotation": [-90, -90, 60], "uv": [208, 151]},
						{"origin": [213.78746, 53.67665, -23.40509], "size": [5.68, 2.84, 2.84], "pivot": [27.76746, 44.1113, -35.5], "rotation": [-90, -90, 60], "uv": [50, 180]},
						{"origin": [205.26746, 53.67665, -23.40509], "size": [5.68, 2.84, 2.84], "pivot": [27.76746, 44.1113, -35.5], "rotation": [-90, -90, 60], "uv": [80, 121]},
						{"origin": [196.74746, 53.67665, -23.40509], "size": [5.68, 2.84, 2.84], "pivot": [27.76746, 44.1113, -35.5], "rotation": [-90, -90, 60], "uv": [102, 13]},
						{"origin": [188.22746, 53.67665, -23.40509], "size": [5.68, 2.84, 2.84], "pivot": [27.76746, 44.1113, -35.5], "rotation": [-90, -90, 60], "uv": [81, 13]},
						{"origin": [239.34746, 53.67665, -23.40509], "size": [5.68, 2.84, 2.84], "pivot": [27.76746, 44.1113, -35.5], "rotation": [-90, -90, 60], "uv": [0, 52]}
					]
				},
				{
					"name": "scope",
					"parent": "barrel",
					"pivot": [13.952, 14, 0]
				},
				{
					"name": "scope_body",
					"parent": "scope",
					"pivot": [13.952, 14, 0],
					"cubes": [
						{"origin": [8.93102, 55.40217, 26.99835], "size": [12.567, 5.68, 2.84], "pivot": [16.03102, 57.7195, 23.08091], "rotation": [-45, 0, 0], "uv": [191, 207]},
						{"origin": [8.93102, 81.17256, 17.59607], "size": [12.567, 11.36, 2.84], "pivot": [16.03102, 65.78536, 4.46102], "rotation": [-90, 0, 0], "uv": [59, 138]},
						{"origin": [8.93102, 71.57489, 26.82599], "size": [12.567, 5.68, 2.84], "pivot": [16.03102, 63.85129, 12.86761], "rotation": [-70, 0, 0], "uv": [183, 112]},
						{"origin": [8.93102, 52.2185, 24.98871], "size": [12.567, 5.68, 2.84], "pivot": [16.03102, 56.4785, 26.40871], "rotation": [-20, 0, 0], "uv": [155, 110]},
						{"origin": [84.19102, 47.15155, -56.8], "size": [8.52, 12.567, 5.68], "pivot": [17.45102, 51.19855, -49.7], "rotation": [-90, -90, 0], "uv": [59, 121]},
						{"origin": [61.47102, 45.51855, -56.8], "size": [22.72, 14.2, 14.2], "pivot": [17.45102, 51.19855, -49.7], "rotation": [-90, -90, 0], "uv": [115, 191]}
					]
				},
				{
					"name": "scope_body_upper",
					"parent": "scope",
					"pivot": [13.952, 14, 0],
					"cubes": [
						{"origin": [6.09102, 44.09855, -8.52], "size": [2.84, 8.52, 31.24], "uv": [279, 146]},
						{"origin": [6.09102, 51.78671, -6.51181], "size": [2.84, 2.84, 25.56], "uv": [279, 72]},
						{"origin": [6.09102, 43.09679, 18.98719], "size": [2.84, 2.84, 2.84], "pivot": [7.51102, 46.32815, -2.82682], "rotation": [25, 0, 0], "uv": [229, 33]},
						{"origin": [6.09102, 37.14126, 13.07448], "size": [2.84, 2.84, 2.84], "pivot": [7.51102, 52.61855, 0.43719], "rotation": [45, 0, 0], "uv": [207, 221]},
						{"origin": [6.09102, 53.55268, -5.87732], "size": [2.84, 2.84, 25.56], "uv": [153, 277]},
						{"origin": [6.09102, 50.09649, 15.39428], "size": [2.84, 5.68, 2.84], "pivot": [7.51102, 56.21765, 9.16215], "rotation": [50, 0, 0], "uv": [98, 99]},
						{"origin": [21.052, 50.09649, 15.39428], "size": [2.84, 5.68, 2.84], "pivot": [21.71102, 56.21765, 9.16215], "rotation": [50, 0, 0], "uv": [84, 61]},
						{"origin": [6.09102, 56.39268, -5.87732], "size": [2.84, 2.84, 25.56], "uv": [38, 277]},
						{"origin": [6.09102, 57.20373, -1.70843], "size": [2.84, 5.68, 17.04], "uv": [234, 313]},
						{"origin": [6.09102, 57.63765, -5.29677], "size": [2.84, 5.68, 2.84], "pivot": [7.51102, 59.05765, -3.87677], "rotation": [-50, 0, 0], "uv": [24, 70]},
						{"origin": [6.09102, 51.49845, -9.88439], "size": [2.84, 2.84, 2.84], "pivot": [7.51102, 46.32815, -3.2478], "rotation": [-25, 0, 0], "uv": [136, 219]},
						{"origin": [6.09102, 51.19855, -7.93181], "size": [2.84, 2.84, 2.84], "pivot": [7.51102, 52.61855, -6.51181], "rotation": [-45, 0, 0], "uv": [61, 216]},
						{"origin": [6.09102, 60.04373, -1.70843], "size": [2.84, 5.68, 17.04], "uv": [182, 277]},
						{"origin": [6.41015, 68.14781, -1.70843], "size": [2.84, 2.84, 17.04], "pivot": [7.83015, 69.56781, 6.81157], "rotation": [0, 0, 15], "uv": [321, 321]},
						{"origin": [6.09102, 65.72373, -1.70843], "size": [2.84, 2.84, 17.04], "uv": [317, 279]},
						{"origin": [7.34582, 73.34688, -1.70843], "size": [2.84, 2.84, 17.04], "pivot": [3.27937, 73.29679, 6.81157], "rotation": [0, 0, 30], "uv": [317, 36]},
						{"origin": [5.31689, 82.99317, -1.70843], "size": [2.84, 2.84, 17.04], "pivot": [-1.20908, 75.84307, 6.81157], "rotation": [0, 0, 60], "uv": [317, 0]},
						{"origin": [10.7056, 72.34647, -1.70843], "size": [2.84, 2.84, 17.04], "pivot": [12.1256, 73.76647, 6.81157], "rotation": [0, 0, 90], "uv": [300, 317]},
						{"origin": [13.5456, 72.34647, -1.70843], "size": [2.84, 2.84, 17.04], "pivot": [14.9656, 73.76647, 6.81157], "rotation": [0, 0, 90], "uv": [279, 315]},
						{"origin": [16.3856, 72.34647, -1.70843], "size": [2.84, 2.84, 17.04], "pivot": [17.8056, 73.76647, 6.81157], "rotation": [0, 0, 90], "uv": [314, 235]},
						{"origin": [17.84289, 66.24688, -1.70843], "size": [2.84, 2.84, 17.04], "pivot": [12.4518, 73.29679, 6.81157], "rotation": [0, 0, -30], "uv": [314, 214]},
						{"origin": [20.19716, 64.47259, -1.70843], "size": [2.84, 2.84, 17.04], "pivot": [7.90101, 69.56781, 6.81157], "rotation": [0, 0, -15], "uv": [314, 146]},
						{"origin": [21.00014, 65.72373, -1.70843], "size": [2.84, 2.84, 17.04], "uv": [173, 313]},
						{"origin": [21.00003, 60.04373, -1.70843], "size": [2.84, 5.68, 17.04], "uv": [67, 277]},
						{"origin": [21.00014, 57.63765, -5.29677], "size": [2.84, 5.68, 2.84], "pivot": [8.22014, 59.05765, -3.87677], "rotation": [-50, 0, 0], "uv": [0, 70]},
						{"origin": [21.00014, 56.39268, -5.87732], "size": [2.84, 2.84, 25.56], "uv": [116, 236]},
						{"origin": [21.00014, 51.49845, -9.88439], "size": [2.84, 2.84, 2.84], "pivot": [8.22014, 46.32815, -3.2478], "rotation": [-25, 0, 0], "uv": [14, 216]},
						{"origin": [21.00014, 51.19855, -7.93181], "size": [2.84, 2.84, 2.84], "pivot": [8.22014, 52.61855, -6.51181], "rotation": [-45, 0, 0], "uv": [213, 60]},
						{"origin": [21.00014, 44.09855, -8.52], "size": [2.84, 8.52, 31.24], "uv": [279, 107]},
						{"origin": [21.00014, 51.78671, -6.51181], "size": [2.84, 2.84, 25.56], "uv": [47, 198]},
						{"origin": [21.00014, 53.55268, -5.87732], "size": [2.84, 2.84, 25.56], "uv": [162, 194]},
						{"origin": [21.00014, 37.14126, 13.07448], "size": [2.84, 2.84, 2.84], "pivot": [8.22014, 52.61855, 0.43719], "rotation": [45, 0, 0], "uv": [213, 56]},
						{"origin": [21.00014, 43.09679, 18.98719], "size": [2.84, 2.84, 2.84], "pivot": [8.22014, 46.32815, -2.82682], "rotation": [25, 0, 0], "uv": [211, 145]},
						{"origin": [14.67427, 70.6956, -1.70843], "size": [2.84, 2.84, 17.04], "pivot": [16.94025, 75.84307, 6.81157], "rotation": [0, 0, -60], "uv": [23, 313]},
						{"origin": [21.00014, 57.20373, -1.70843], "size": [2.84, 5.68, 17.04], "uv": [81, 0]},
						{"origin": [6.80014, 50.09649, 15.39428], "size": [0, 5.68, 2.84], "pivot": [8.22014, 56.21765, 9.16215], "rotation": [50, 0, 0], "uv": [26, 8]}
					]
				},
				{
					"name": "eye_sight",
					"parent": "scope",
					"pivot": [13.952, 14, 0],
					"cubes": [
						{"origin": [13.0406, 63.80547, 6.81157], "size": [14.2, 14.2, 2.84], "pivot": [14.4606, 70.90547, 6.81157], "rotation": [0, 0, 90], "uv": [163, 42]}
					]
				},
				{
					"name": "reload_trigger",
					"parent": "Top",
					"pivot": [13.1, 14, 0],
					"cubes": [
						{"origin": [8.07902, 46.93855, -22.72], "size": [2.84, 5.68, 2.84], "uv": [108, 61]},
						{"origin": [29.37902, 53.20671, -43.43181], "size": [8.52, 2.84, 8.52], "pivot": [16.59902, 50.36671, -39.17181], "rotation": [-90, -90, 0], "uv": [84, 61]},
						{"origin": [10.91902, 45.76216, -22.72], "size": [2.84, 5.68, 8.52], "pivot": [12.33902, 48.60216, -19.88], "rotation": [-45, 0, 0], "uv": [98, 99]},
						{"origin": [10.91902, 45.76216, -22.72], "size": [8.52, 8.52, 8.52], "pivot": [12.33902, 48.60216, -19.88], "rotation": [-45, 0, 0], "uv": [163, 58]},
						{"origin": [29.37902, 47.52671, -43.43181], "size": [8.52, 2.84, 8.52], "pivot": [16.59902, 50.36671, -39.17181], "rotation": [-90, -90, 0], "uv": [0, 70]},
						{"origin": [19.43902, 49.63581, -17.18271], "size": [2.84, 2.84, 2.84], "pivot": [-11.80098, 42.4349, -21.54364], "rotation": [45, 0, 0], "uv": [234, 69]},
						{"origin": [19.43902, 48.94671, -23.55181], "size": [2.84, 5.68, 2.84], "uv": [110, 99]},
						{"origin": [19.43902, 47.03945, -32.17274], "size": [2.84, 2.84, 2.84], "pivot": [20.85902, 38.41855, -20.71181], "rotation": [-45, 0, 0], "uv": [47, 236]},
						{"origin": [19.43902, 47.52671, -20.12364], "size": [2.84, 2.84, 2.84], "pivot": [20.85902, 46.93855, -20.71181], "rotation": [45, 0, 0], "uv": [59, 236]},
						{"origin": [19.43902, 46.93855, -6.65455], "size": [2.84, 2.84, 2.84], "pivot": [20.85902, 42.334, -14.09909], "rotation": [90, 0, 0], "uv": [235, 82]},
						{"origin": [19.43902, 47.77035, -23.55181], "size": [2.84, 2.84, 2.84], "uv": [116, 236]},
						{"origin": [19.43902, 44.93035, -29.23181], "size": [2.84, 2.84, 2.84], "pivot": [-11.80098, 42.92216, -21.54364], "rotation": [-45, 0, 0], "uv": [235, 78]},
						{"origin": [19.43902, 36.06581, -38.09636], "size": [2.84, 2.84, 2.84], "pivot": [-11.80098, 38.074, -23.55181], "rotation": [-90, 0, 0], "uv": [229, 37]},
						{"origin": [32.21902, 48.35855, -36.92], "size": [2.84, 8.52, 2.84], "pivot": [16.59902, 51.19855, -38.34], "rotation": [-90, -90, 0], "uv": [0, 0]}
					]
				},
				{
					"name": "Grip",
					"parent": "M416",
					"pivot": [13.1, 14, -47.8],
					"cubes": [
						{"origin": [121.08602, 59.31757, -76.05073], "size": [19.88, 11.36, 5.68], "pivot": [17.82602, 67.83757, -34.87073], "rotation": [90, -90, 0], "uv": [191, 191]},
						{"origin": [-3.49348, 5.35757, 76.92877], "size": [8.52, 2.84, 34.08], "pivot": [15.36652, 6.77757, 93.96877], "rotation": [90, -90, 0], "uv": [140, 229]},
						{"origin": [0.88595, 14.99283, 95.88568], "size": [2.84, 2.84, 2.84], "pivot": [16.68414, 13.87757, 97.30568], "rotation": [90, -80, 0], "uv": [211, 141]},
						{"origin": [0.88595, 9.31283, 95.88568], "size": [2.84, 2.84, 2.84], "pivot": [16.68414, 8.19757, 97.30568], "rotation": [90, -80, 0], "uv": [211, 135]},
						{"origin": [0.88595, 3.63283, 95.88568], "size": [2.84, 2.84, 2.84], "pivot": [16.68414, 2.51757, 97.30568], "rotation": [90, -80, 0], "uv": [211, 131]},
						{"origin": [0.88595, -2.04717, 95.88568], "size": [2.84, 2.84, 2.84], "pivot": [16.68414, -3.16243, 97.30568], "rotation": [90, -80, 0], "uv": [211, 125]},
						{"origin": [0.88595, 20.67283, 95.88568], "size": [2.84, 2.84, 2.84], "pivot": [16.68414, 19.55757, 97.30568], "rotation": [90, -80, 0], "uv": [211, 121]},
						{"origin": [-1.41775, 9.92231, 95.88568], "size": [2.84, 2.84, 2.84], "pivot": [14.38044, 13.87757, 97.30568], "rotation": [90, -100, 0], "uv": [59, 210]},
						{"origin": [-1.41775, 4.24231, 95.88568], "size": [2.84, 2.84, 2.84], "pivot": [14.38044, 8.19757, 97.30568], "rotation": [90, -100, 0], "uv": [47, 210]},
						{"origin": [-1.41775, -1.43769, 95.88568], "size": [2.84, 2.84, 2.84], "pivot": [14.38044, 2.51757, 97.30568], "rotation": [90, -100, 0], "uv": [12, 210]},
						{"origin": [-1.41775, -7.11769, 95.88568], "size": [2.84, 2.84, 2.84], "pivot": [14.38044, -3.16243, 97.30568], "rotation": [90, -100, 0], "uv": [0, 210]},
						{"origin": [-1.41775, 15.60231, 95.88568], "size": [2.84, 2.84, 2.84], "pivot": [14.38044, 19.55757, 97.30568], "rotation": [90, -100, 0], "uv": [209, 168]},
						{"origin": [4.53521, -0.1864, 95.09778], "size": [2.84, 2.84, 2.84], "pivot": [13.25521, 13.87757, 96.51778], "rotation": [90, -150, 0], "uv": [209, 164]},
						{"origin": [4.53521, -5.8664, 95.09778], "size": [2.84, 2.84, 2.84], "pivot": [13.25521, 8.19757, 96.51778], "rotation": [90, -150, 0], "uv": [59, 206]},
						{"origin": [4.53521, -11.5464, 95.09778], "size": [2.84, 2.84, 2.84], "pivot": [13.25521, 2.51757, 96.51778], "rotation": [90, -150, 0], "uv": [47, 206]},
						{"origin": [4.53521, -17.2264, 95.09778], "size": [2.84, 2.84, 2.84], "pivot": [13.25521, -3.16243, 96.51778], "rotation": [90, -150, 0], "uv": [12, 206]},
						{"origin": [4.53521, 5.4936, 95.09778], "size": [2.84, 2.84, 2.84], "pivot": [13.25521, 19.55757, 96.51778], "rotation": [90, -150, 0], "uv": [0, 206]},
						{"origin": [6.58539, 22.78133, 95.02937], "size": [2.84, 2.84, 2.84], "pivot": [18.32915, 13.87757, 96.44937], "rotation": [90, -45, 0], "uv": [59, 200]},
						{"origin": [6.58539, 17.10133, 95.02937], "size": [2.84, 2.84, 2.84], "pivot": [18.32915, 8.19757, 96.44937], "rotation": [90, -45, 0], "uv": [47, 200]},
						{"origin": [6.58539, 11.42133, 95.02937], "size": [2.84, 2.84, 2.84], "pivot": [18.32915, 2.51757, 96.44937], "rotation": [90, -45, 0], "uv": [12, 200]},
						{"origin": [6.58539, 5.74133, 95.02937], "size": [2.84, 2.84, 2.84], "pivot": [18.32915, -3.16243, 96.44937], "rotation": [90, -45, 0], "uv": [0, 200]},
						{"origin": [6.58539, 28.46133, 95.02937], "size": [2.84, 2.84, 2.84], "pivot": [18.32915, 19.55757, 96.44937], "rotation": [90, -45, 0], "uv": [199, 168]},
						{"origin": [12.06026, 25.68966, 93.14227], "size": [2.84, 2.84, 2.84], "pivot": [19.65049, 13.87757, 94.56227], "rotation": [90, -25, 0], "uv": [199, 164]},
						{"origin": [12.06026, 20.00966, 93.14227], "size": [2.84, 2.84, 2.84], "pivot": [19.65049, 8.19757, 94.56227], "rotation": [90, -25, 0], "uv": [199, 145]},
						{"origin": [12.06026, 14.32966, 93.14227], "size": [2.84, 2.84, 2.84], "pivot": [19.65049, 2.51757, 94.56227], "rotation": [90, -25, 0], "uv": [199, 141]},
						{"origin": [12.06026, 8.64966, 93.14227], "size": [2.84, 2.84, 2.84], "pivot": [19.65049, -3.16243, 94.56227], "rotation": [90, -25, 0], "uv": [199, 135]},
						{"origin": [12.06026, 31.36966, 93.14227], "size": [2.84, 2.84, 2.84], "pivot": [19.65049, 19.55757, 94.56227], "rotation": [90, -25, 0], "uv": [199, 131]},
						{"origin": [18.69758, 27.05757, 91.03544], "size": [2.84, 2.84, 2.84], "pivot": [20.11758, 13.87757, 92.45544], "rotation": [90, 0, 0], "uv": [199, 125]},
						{"origin": [18.69758, 21.37757, 91.03544], "size": [2.84, 2.84, 2.84], "pivot": [20.11758, 8.19757, 92.45544], "rotation": [90, 0, 0], "uv": [199, 121]},
						{"origin": [18.69758, 15.69757, 91.03544], "size": [2.84, 2.84, 2.84], "pivot": [20.11758, 2.51757, 92.45544], "rotation": [90, 0, 0], "uv": [199, 82]},
						{"origin": [18.69758, 10.01757, 91.03544], "size": [2.84, 2.84, 2.84], "pivot": [20.11758, -3.16243, 92.45544], "rotation": [90, 0, 0], "uv": [199, 78]},
						{"origin": [18.69758, 32.73757, 91.03544], "size": [2.84, 2.84, 2.84], "pivot": [20.11758, 19.55757, 92.45544], "rotation": [90, 0, 0], "uv": [94, 197]},
						{"origin": [25.47781, 25.10154, 89.0957], "size": [2.84, 2.84, 2.84], "pivot": [19.59781, 13.87757, 90.5157], "rotation": [90, 30, 0], "uv": [76, 196]},
						{"origin": [25.47781, 19.42154, 89.0957], "size": [2.84, 2.84, 2.84], "pivot": [19.59781, 8.19757, 90.5157], "rotation": [90, 30, 0], "uv": [59, 196]},
						{"origin": [25.47781, 13.74154, 89.0957], "size": [2.84, 2.84, 2.84], "pivot": [19.59781, 2.51757, 90.5157], "rotation": [90, 30, 0], "uv": [47, 196]},
						{"origin": [25.47781, 8.06154, 89.0957], "size": [2.84, 2.84, 2.84], "pivot": [19.59781, -3.16243, 90.5157], "rotation": [90, 30, 0], "uv": [12, 196]},
						{"origin": [25.47781, 30.78154, 89.0957], "size": [2.84, 2.84, 2.84], "pivot": [19.59781, 19.55757, 90.5157], "rotation": [90, 30, 0], "uv": [0, 196]},
						{"origin": [29.40178, 19.75757, 87.6757], "size": [2.84, 2.84, 2.84], "pivot": [18.17781, 13.87757, 89.0957], "rotation": [90, 60, 0], "uv": [94, 193]},
						{"origin": [29.40178, 14.07757, 87.6757], "size": [2.84, 2.84, 2.84], "pivot": [18.17781, 8.19757, 89.0957], "rotation": [90, 60, 0], "uv": [187, 62]},
						{"origin": [29.40178, 8.39757, 87.6757], "size": [2.84, 2.84, 2.84], "pivot": [18.17781, 2.51757, 89.0957], "rotation": [90, 60, 0], "uv": [187, 58]},
						{"origin": [29.40178, 2.71757, 87.6757], "size": [2.84, 2.84, 2.84], "pivot": [18.17781, -3.16243, 89.0957], "rotation": [90, 60, 0], "uv": [64, 180]},
						{"origin": [29.40178, 25.43757, 87.6757], "size": [2.84, 2.84, 2.84], "pivot": [18.17781, 19.55757, 89.0957], "rotation": [90, 60, 0], "uv": [62, 174]},
						{"origin": [28.97123, 14.99283, 86.88777], "size": [2.84, 2.84, 2.84], "pivot": [16.01304, 13.87757, 88.30777], "rotation": [90, 80, 0], "uv": [50, 174]},
						{"origin": [28.97123, 9.31283, 86.88777], "size": [2.84, 2.84, 2.84], "pivot": [16.01304, 8.19757, 88.30777], "rotation": [90, 80, 0], "uv": [62, 170]},
						{"origin": [28.97123, 3.63283, 86.88777], "size": [2.84, 2.84, 2.84], "pivot": [16.01304, 2.51757, 88.30777], "rotation": [90, 80, 0], "uv": [50, 170]},
						{"origin": [28.97123, -2.04717, 86.88777], "size": [2.84, 2.84, 2.84], "pivot": [16.01304, -3.16243, 88.30777], "rotation": [90, 80, 0], "uv": [62, 164]},
						{"origin": [28.97123, 20.67283, 86.88777], "size": [2.84, 2.84, 2.84], "pivot": [16.01304, 19.55757, 88.30777], "rotation": [90, 80, 0], "uv": [50, 164]},
						{"origin": [26.31203, 7.46408, 87.0628], "size": [2.84, 2.84, 2.84], "pivot": [14.01252, 13.87757, 88.4828], "rotation": [90, 110, 0], "uv": [0, 164]},
						{"origin": [26.31203, 1.78408, 87.0628], "size": [2.84, 2.84, 2.84], "pivot": [14.01252, 8.19757, 88.4828], "rotation": [90, 110, 0], "uv": [163, 62]},
						{"origin": [26.31203, -3.89592, 87.0628], "size": [2.84, 2.84, 2.84], "pivot": [14.01252, 2.51757, 88.4828], "rotation": [90, 110, 0], "uv": [163, 58]},
						{"origin": [26.31203, -9.57592, 87.0628], "size": [2.84, 2.84, 2.84], "pivot": [14.01252, -3.16243, 88.4828], "rotation": [90, 110, 0], "uv": [62, 160]},
						{"origin": [26.31203, 13.14408, 87.0628], "size": [2.84, 2.84, 2.84], "pivot": [14.01252, 19.55757, 88.4828], "rotation": [90, 110, 0], "uv": [50, 160]},
						{"origin": [19.49542, 0.49795, 88.19178], "size": [2.84, 2.84, 2.84], "pivot": [12.5412, 13.87757, 89.61178], "rotation": [90, 145, 0], "uv": [0, 160]},
						{"origin": [19.49542, -5.18205, 88.19178], "size": [2.84, 2.84, 2.84], "pivot": [12.5412, 8.19757, 89.61178], "rotation": [90, 145, 0], "uv": [131, 141]},
						{"origin": [19.49542, -10.86205, 88.19178], "size": [2.84, 2.84, 2.84], "pivot": [12.5412, 2.51757, 89.61178], "rotation": [90, 145, 0], "uv": [131, 137]},
						{"origin": [19.49542, -16.54205, 88.19178], "size": [2.84, 2.84, 2.84], "pivot": [12.5412, -3.16243, 89.61178], "rotation": [90, 145, 0], "uv": [123, 68]},
						{"origin": [19.49542, 6.17795, 88.19178], "size": [2.84, 2.84, 2.84], "pivot": [12.5412, 19.55757, 89.61178], "rotation": [90, 145, 0], "uv": [123, 64]},
						{"origin": [28.54652, 22.01709, 88.66927], "size": [2.84, 2.84, 34.08], "pivot": [12.90699, 20.97757, 91.50927], "rotation": [-90, 90, 0], "uv": [279, 36]},
						{"origin": [3.2423, 12.65757, 79.24902], "size": [2.84, 2.84, 34.08], "pivot": [17.30627, 6.77757, 96.28902], "rotation": [90, -60, 0], "uv": [279, 0]},
						{"origin": [28.01049, 15.09757, 88.66927], "size": [2.84, 2.84, 34.08], "pivot": [12.90699, 20.97757, 91.50927], "rotation": [-90, 60, 0], "uv": [279, 279]},
						{"origin": [20.25147, 24.01757, 60.26927], "size": [2.84, 2.84, 34.08], "pivot": [12.90699, 20.97757, 91.50927], "rotation": [90, 60, 0], "uv": [187, 277]},
						{"origin": [-2.57698, 10.83757, 88.66927], "size": [2.84, 2.84, 34.08], "pivot": [12.90699, 20.97757, 91.50927], "rotation": [-90, -60, 0], "uv": [115, 277]},
						{"origin": [10.00627, 33.62154, 62.20902], "size": [2.84, 2.84, 34.08], "pivot": [18.72627, 22.39757, 94.86902], "rotation": [90, -30, 0], "uv": [0, 277]},
						{"origin": [24.60627, 8.3336, 89.56952], "size": [2.84, 2.84, 34.08], "pivot": [18.72627, 22.39757, 90.98952], "rotation": [-90, 30, 0], "uv": [78, 236]},
						{"origin": [16.3275, 29.74204, 60.26927], "size": [8.52, 2.84, 34.08], "pivot": [12.90699, 20.97757, 91.50927], "rotation": [90, 30, 0], "uv": [163, 42]},
						{"origin": [3.1475, 6.9136, 88.66927], "size": [8.52, 2.84, 34.08], "pivot": [12.90699, 20.97757, 91.50927], "rotation": [-90, -30, 0], "uv": [0, 160]},
						{"origin": [17.82602, 35.57757, 60.26927], "size": [2.84, 2.84, 34.08], "pivot": [19.24602, 22.39757, 92.92927], "rotation": [90, 0, 0], "uv": [46, 39]},
						{"origin": [10.06699, 27.05757, 85.82927], "size": [2.84, 2.84, 8.52], "pivot": [12.90699, 15.29757, 91.50927], "rotation": [90, 0, 0], "uv": [50, 160]},
						{"origin": [10.06699, 18.53757, 91.50927], "size": [2.84, 2.84, 2.84], "pivot": [12.90699, 6.77757, 91.50927], "rotation": [90, 0, 0], "uv": [111, 27]},
						{"origin": [10.06699, 12.85757, 91.50927], "size": [2.84, 2.84, 2.84], "pivot": [12.90699, 1.09757, 91.50927], "rotation": [90, 0, 0], "uv": [111, 0]},
						{"origin": [10.06699, 7.17757, 91.50927], "size": [2.84, 2.84, 2.84], "pivot": [12.90699, -4.58243, 91.50927], "rotation": [90, 0, 0], "uv": [90, 0]},
						{"origin": [10.06699, 1.49757, 91.50927], "size": [2.84, 2.84, 2.84], "pivot": [12.90699, -10.26243, 91.50927], "rotation": [90, 0, 0], "uv": [9, 39]},
						{"origin": [13.94652, -1.34243, 86.45339], "size": [2.84, 2.84, 5.68], "pivot": [16.78652, -13.10243, 89.29339], "rotation": [90, 0, 0], "uv": [294, 279]},
						{"origin": [13.94652, -30.54243, 93.30975], "size": [2.84, 2.84, 5.68], "pivot": [16.78652, -13.10243, 96.14975], "rotation": [-90, 0, 0], "uv": [194, 265]},
						{"origin": [21.43028, -5.61867, 86.45339], "size": [2.84, 2.84, 5.68], "pivot": [13.94652, -13.10243, 89.29339], "rotation": [90, 45, 0], "uv": [260, 23]},
						{"origin": [0.78276, -26.26619, 93.30975], "size": [2.84, 2.84, 5.68], "pivot": [13.94652, -13.10243, 96.14975], "rotation": [-90, -45, 0], "uv": [260, 13]},
						{"origin": [6.46276, -5.61867, 86.45339], "size": [2.84, 2.84, 5.68], "pivot": [16.78652, -13.10243, 89.29339], "rotation": [90, -45, 0], "uv": [157, 249]},
						{"origin": [27.11028, -26.26619, 93.30975], "size": [2.84, 2.84, 5.68], "pivot": [16.78652, -13.10243, 96.14975], "rotation": [-90, 45, 0], "uv": [15, 249]},
						{"origin": [23.69833, -15.94243, 88.46158], "size": [2.84, 2.84, 5.68], "pivot": [11.93833, -13.10243, 91.30158], "rotation": [90, 90, 0], "uv": [205, 244]},
						{"origin": [4.19468, -18.78243, 88.46158], "size": [2.84, 5.68, 5.68], "pivot": [18.79468, -13.10243, 91.30158], "rotation": [90, -90, 0], "uv": [15, 0]},
						{"origin": [10.06699, 32.73757, 88.66927], "size": [2.84, 2.84, 5.68], "pivot": [12.90699, 20.97757, 91.50927], "rotation": [90, 0, 0], "uv": [160, 236]},
						{"origin": [126.76602, 56.47757, -76.05073], "size": [8.52, 11.36, 5.68], "pivot": [17.82602, 64.99757, -34.87073], "rotation": [90, -90, 0], "uv": [144, 121]},
						{"origin": [118.24602, 58.38605, -69.76899], "size": [11.36, 11.36, 2.84], "pivot": [17.82602, 66.90605, -28.58899], "rotation": [90, -90, 0], "uv": [76, 209]},
						{"origin": [9.30602, 10.78667, 91.09736], "size": [11.36, 5.68, 2.84], "pivot": [16.40602, 27.00629, 100.89158], "rotation": [-55, 0, 0], "uv": [211, 112]},
						{"origin": [9.30602, 13.29734, 80.27929], "size": [11.36, 2.84, 2.84], "pivot": [13.94652, 18.86969, 92.70801], "rotation": [-45, 0, 0], "uv": [46, 68]},
						{"origin": [9.30602, 34.70591, 75.17271], "size": [11.36, 5.68, 2.84], "pivot": [16.40602, 27.00629, 84.96693], "rotation": [55, 0, 0], "uv": [144, 137]},
						{"origin": [9.30602, 32.62162, 77.52725], "size": [11.36, 2.84, 2.84], "pivot": [16.40602, 23.71786, 89.27101], "rotation": [45, 0, 0], "uv": [0, 25]}
					]
				},
				{
					"name": "leftArmA",
					"parent": "body",
					"pivot": [5, 22, 0]
				},
				{
					"name": "leftArm",
					"parent": "leftArmA",
					"pivot": [5, 22, 0]
				},
				{
					"name": "leftArmUp",
					"parent": "leftArm",
					"pivot": [6, 22, 0],
					"cubes": [
						{"origin": [4, 18, -2], "size": [4, 6, 4], "uv": [54.875, 1134]}
					]
				},
				{
					"name": "leftSleeveUp",
					"parent": "leftArmUp",
					"pivot": [6, 22, 0],
					"cubes": [
						{"origin": [4, 18, -2], "size": [4, 6, 4], "inflate": 0.25, "uv": [54.875, 1134]}
					]
				},
				{
					"name": "leftArmDown",
					"parent": "leftSleeveUp",
					"pivot": [6, 18, 2],
					"cubes": [
						{"origin": [4, 12, -2], "size": [4, 6, 4], "uv": [54.875, 1134]}
					]
				},
				{
					"name": "leftSleeveDown",
					"parent": "leftArmDown",
					"pivot": [6, 18, 0],
					"cubes": [
						{"origin": [4, 12, -2], "size": [4, 6, 4], "inflate": 0.25, "uv": [54.875, 1134]}
					]
				},
				{
					"name": "leftItem",
					"parent": "leftArmDown",
					"pivot": [6, 15, 1]
				},
				{
					"name": "rightLegA",
					"parent": "root",
					"pivot": [0, 0, 0]
				},
				{
					"name": "rightLeg",
					"parent": "rightLegA",
					"pivot": [-1.9, 12, 0]
				},
				{
					"name": "rightLegUp",
					"parent": "rightLeg",
					"pivot": [-1.9, 12, 0]
				},
				{
					"name": "rightPantsUp",
					"parent": "rightLegUp",
					"pivot": [-1.9, 12, 0]
				},
				{
					"name": "rightLegDown",
					"parent": "rightPantsUp",
					"pivot": [-1.9, 6, -2]
				},
				{
					"name": "rightPantsDown",
					"parent": "rightLegDown",
					"pivot": [-1.9, 6, 0]
				},
				{
					"name": "leftLegA",
					"parent": "root",
					"pivot": [0, 0, 0]
				},
				{
					"name": "leftLeg",
					"parent": "leftLegA",
					"pivot": [1.9, 12, 0]
				},
				{
					"name": "leftLegUp",
					"parent": "leftLeg",
					"pivot": [1.9, 12, 0]
				},
				{
					"name": "leftPantsUp",
					"parent": "leftLegUp",
					"pivot": [1.9, 12, 0]
				},
				{
					"name": "leftLegDown",
					"parent": "leftPantsUp",
					"pivot": [1.9, 6, -2]
				},
				{
					"name": "leftPantsDown",
					"parent": "leftLegDown",
					"pivot": [1.9, 6, 0]
				}
			]
		}
	]
}