{
	"format_version" : "1.10.0",
	"animation_controllers" : {
		"controller.animation.player.holding_any_firearm": {
			"initial_state": "first_person",
			"states": {
				"first_person": {
					"animations": [
						"p90.first_person",
						"awp.first_person",
						"akm.first_person",
						"mp5.first_person",
						"barrett.first_person",
						"m3.first_person",
						"taurus.first_person",
						"m249.first_person",
						"mk18.first_person",
						{
							"akm.first_person.mag": "v.is_holding_akmmag"
						},
						{
							"mp5.first_person.mag": "v.is_holding_mp5mag"
						},
						{
							"awp.first_person.mag": "v.is_holding_awpmag"
						},
						{
							"barrett.first_person.mag": "v.is_holding_barrettmag"
						},
						{
							"m3.first_person.ammo": "v.is_holding_m3ammo"
						},
						{
							"taurus.first_person.mag": "v.is_holding_taurusmag"
						},
						{
							"p90.first_person.mag": "v.is_holding_p90mag"
						},
						{
							"m249.first_person.mag": "v.is_holding_m249mag"
						},
						{
							"mk18.first_person.mag": "v.is_holding_mk18mag"
						}
					],
					"transitions": [
						{
							"third_person": "v.is_third_person"
						}
					]
				},
				"third_person": {
					"animations": [
						"p90.third_person",
						"awp.third_person",
						"akm.third_person",
						"mp5.third_person",
						"barrett.third_person",
						"m3.third_person",
						"taurus.third_person",
						"m249.third_person",
						"mk18.third_person",
						{
							"mp5.third_person.mag": "v.is_holding_mp5mag"
						},
						{
							"akm.third_person.mag": "v.is_holding_akmmag"
						},
						{
							"awp.third_person.mag": "v.is_holding_awpmag"
						},
						{
							"barrett.third_person.mag": "v.is_holding_barrettmag"
						},
						{
							"m3.third_person.ammo": "v.is_holding_m3ammo"
						},
						{
							"taurus.third_person.mag": "v.is_holding_taurusmag"
						},
						{
							"p90.third_person.mag": "v.is_holding_p90mag"
						},
						{
							"m249.third_person.mag": "v.is_holding_m249mag"
						},
						{
							"mk18.third_person.mag": "v.is_holding_mk18mag"
						}
					],
					"transitions": [
						{
							"first_person": "v.is_first_person"
						}
					]
				}
			}
		},
		"controller.animation.player.crossbow" : {
			"initial_state" : "default",
			"states" : {
				"charge" : {
					"animations" : [ "third_person_crossbow_equipped" ],
					"transitions" : [
						{
							"default" : "q.get_equipped_item_name != 'crossbow' || (q.item_remaining_use_duration <= 0.0 && !q.item_is_charged)"
						},
						{
							"hold" : "q.item_is_charged"
						}
					]
				},
				"default" : {
					"transitions" : [
						{
							"hold" : "q.item_is_charged"
						},
						{
							"charge" : "q.item_remaining_use_duration > 0.0"
						}
					]
				},
				"hold" : {
					"animations" : [ "crossbow_hold" ],
					"transitions" : [
						{
							"default" : "q.get_equipped_item_name != 'crossbow' || (q.item_remaining_use_duration <= 0.0 && !q.item_is_charged)"
						},
						{
							"charge" : "q.item_remaining_use_duration > 0.0"
						}
					]
				}
			}
		},
		"controller.animation.player.first_person_attack" : {
			"initial_state" : "default",
			"states" : {
				"default" : {
					"animations" : [ "first_person_attack_rotation" ],
					"transitions" : [
						{
							"vr_attack" : "v.is_using_vr"
						}
					]
				},
				"vr_attack" : {
					"animations" : [ "first_person_vr_attack_rotation" ],
					"transitions" : [
						{
							"default" : "!v.is_using_vr"
						}
					]
				}
			}
		},
		"controller.animation.player.first_person_map" : {
			"initial_state" : "default",
			"states" : {
				"default" : {
					"transitions" : [
						{
							"one_hand" : "q.get_equipped_item_name('off_hand') == 'map' || q.get_equipped_item_name('off_hand') == 'shield'"
						},
						{
							"two_hand" : "q.get_equipped_item_name('off_hand') != 'map' && q.get_equipped_item_name('off_hand') != 'shield'"
						}
					]
				},
				"one_hand" : {
					"animations" : [
						{
							"first_person_map_hold_main_hand" : "q.get_equipped_item_name(0, 1) == 'map'"
						},
						{
							"first_person_map_hold_off_hand" : "q.get_equipped_item_name('off_hand') == 'map' && (q.get_equipped_item_name == 'bow' ? !(v.item_use_normalized > 0 && v.item_use_normalized < 1.0) : 1.0)"
						}
					],
					"transitions" : [
						{
							"default" : "q.get_equipped_item_name(0, 1) != 'map' && q.get_equipped_item_name('off_hand') != 'map'"
						},
						{
							"two_hand" : "q.get_equipped_item_name('off_hand') != 'map' && q.get_equipped_item_name('off_hand') != 'shield'"
						}
					]
				},
				"two_hand" : {
					"animations" : [ "first_person_map_hold", "first_person_map_hold_attack" ],
					"transitions" : [
						{
							"default" : "q.get_equipped_item_name(0, 1) != 'map' && q.get_equipped_item_name('off_hand') != 'map'"
						},
						{
							"one_hand" : "q.get_equipped_item_name('off_hand') == 'map' || q.get_equipped_item_name('off_hand') == 'shield'"
						}
					]
				}
			}
		},
		"controller.animation.player.hudplayer" : {
			"initial_state" : "default",
			"states" : {
				"default" : {
					"animations" : [
						"humanoid_base_pose",
						{
							"look_at_target": "!q.is_sleeping && !q.is_emoting"
						},
						"move.arms",
						"move.legs",
						"cape",
						{
							"riding.arms" : "q.is_riding && !v.holding_any_firearm"
						},
						{
							"riding.legs" : "q.is_riding"
						},
						"holding",
						{
							"brandish_spear" : "v.is_brandishing_spear"
						},
						{
							"charging" : "q.is_charging"
						},
						{
							"sneaking" : "!v.holding_any_firearm && q.is_sneaking && !q.is_sleeping"
						},
						"bob",
						{
							"damage_nearby_mobs" : "v.damage_nearby_mobs"
						},
						{
							"bow_and_arrow" : "q.has_target"
						},
						{
							"swimming" : "v.swim_amount > 0.0"
						},
						{
							"swimming.legs" : "v.swim_amount > 0.0"
						},
						{
							"use_item_progress" : "( v.use_item_interval_progress > 0.0 ) || ( v.use_item_startup_progress > 0.0 ) && !v.is_brandishing_spear"
						},
						{
							"sleeping" : "q.is_sleeping && q.is_alive"
						},
						{
							"attack.positions" : "v.attack_time >= 0.0"
						},
						{
							"attack.rotations" : "v.attack_time >= 0.0"
						},
						{
							"shield_block_main_hand" : "q.blocking && q.get_equipped_item_name('off_hand') != 'shield' && q.get_equipped_item_name == 'shield'"
						},
						{
							"shield_block_off_hand" : "q.blocking && q.get_equipped_item_name('off_hand') == 'shield' && !(v.item_use_normalized > 0 && v.item_use_normalized < 1.0)"
						},
						{
							"crossbow_controller" : "q.get_equipped_item_name == 'crossbow'"
						},
						{
							"third_person_bow_equipped" : "q.get_equipped_item_name == 'bow' && (v.item_use_normalized > 0 && v.item_use_normalized < 1.0)"
						}
					]
				}
			}
		},
		"controller.animation.player.root" : {
			"initial_state" : "first_person",
			"states" : {
				"first_person" : {
					"animations" : [
						"first_person_swap_item",
						{
							"first_person_attack_controller" : "!v.holding_any_firearm && v.attack_time > 0.0f && q.get_equipped_item_name != 'map'"
						},
						"first_person_base_pose",
						{
							"first_person_empty_hand" : "q.get_equipped_item_name(0, 1) != 'map'"
						},
						{
							"first_person_walk" : "!v.bob_animation"
						},
						{
							"first_person_map_controller" : "(q.get_equipped_item_name(0, 1) == 'map' || q.get_equipped_item_name('off_hand') == 'map')"
						},
						{
							"first_person_crossbow_equipped" : "q.get_equipped_item_name == 'crossbow' && (v.item_use_normalized > 0 && v.item_use_normalized < 1.0)"
						}
					],
					"transitions" : [
						{
							"paperdoll" : "!v.holding_any_firearm && v.is_paperdoll"
						},
						{
							"map_player" : "v.map_face_icon"
						},
						{
							"third_person" : "!v.is_first_person"
						}
					]
				},
				"map_player" : {
					"transitions" : [
						{
							"paperdoll" : "!v.holding_any_firearm && v.is_paperdoll"
						},
						{
							"first_person": "!v.holding_any_firearm && v.is_first_person"
						},
						{
							"third_person" : "!v.map_face_icon && !v.is_first_person"
						}
					]
				},
				"paperdoll" : {
					"animations" : [
						"humanoid_base_pose",
						{
							"look_at_target_ui" : "v.should_look_at_target_ui"
						},
						"move.arms",
						"move.legs",
						"cape"
                    ],
					"transitions" : [
						{
							"first_person" : "!v.is_paperdoll && v.is_first_person"
						},
						{
							"map_player" : "v.map_face_icon"
						},
						{
							"third_person" : "!v.is_paperdoll && !v.is_first_person"
						}
					]
				},
				"third_person" : {
					"animations" : [
						"humanoid_base_pose",
						{
							"look_at_target" : "!v.holding_any_firearm || v.is_holding_mag || v.is_holding_nightvision || v.is_holding_chaingrenade && !q.is_sleeping && !q.is_emoting"
						},
						{
							"look_at_target_custom": "v.holding_any_firearm && !v.is_holding_mag && !v.is_holding_nightvision && !v.is_holding_chaingrenade && !v.s && !q.is_sleeping && !q.is_emoting"
						},
						{
							"move.arms": "!v.holding_any_firearm || v.is_holding_mag || v.is_holding_nightvision || v.is_holding_chaingrenade || (!v.is_using_grenade && q.all_animations_finished)"
						},
						"move.legs",
						"cape",
						{
							"riding.arms" : "q.is_riding && !v.holding_any_firearm"
						},
						{
							"riding.legs" : "q.is_riding"
						},
						{
							"holding": "!v.holding_any_firearm || v.is_holding_mag"
						},
						{
							"brandish_spear" : "v.is_brandishing_spear"
						},
						{
							"charging" : "q.is_charging"
						},
						{
							"sneaking" : "!v.holding_any_firearm || v.is_holding_mag || v.is_holding_nightvision || v.is_holding_chaingrenade && q.is_sneaking && !q.is_sleeping"
						},
						{
							"bob": "!v.holding_any_firearm || v.is_holding_mag || v.is_holding_nightvision || v.is_holding_chaingrenade || (!v.is_using_grenade && q.all_animations_finished)"
						},
						{
							"damage_nearby_mobs" : "v.damage_nearby_mobs"
						},
						{
							"bow_and_arrow" : "q.has_target"
						},
						{
							"swimming" : "v.swim_amount > 0.0"
						},
						{
							"swimming.legs" : "v.swim_amount > 0.0"
						},
						{
							"use_item_progress" : "!v.holding_any_firearm && ( v.use_item_interval_progress > 0.0 ) || ( v.use_item_startup_progress > 0.0 ) && !v.is_brandishing_spear"
						},
						{
							"fishing_rod" : "q.get_equipped_item_name == 'fishing_rod'"
						},
						{
							"sleeping" : "q.is_sleeping && q.is_alive"
						},
						{
							"attack.positions" : "!v.holding_any_firearm || v.is_holding_mag || v.is_holding_nightvision || v.is_holding_chaingrenade && v.attack_time >= 0.0"
						},
						{
							"attack.rotations" : "!v.holding_any_firearm || v.is_holding_mag || v.is_holding_nightvision || v.is_holding_chaingrenade && v.attack_time >= 0.0"
						},
						{
							"shield_block_main_hand" : "q.blocking && q.get_equipped_item_name('off_hand') != 'shield' && q.get_equipped_item_name == 'shield'"
						},
						{
							"shield_block_off_hand" : "q.blocking && q.get_equipped_item_name('off_hand') == 'shield' && !(v.item_use_normalized > 0 && v.item_use_normalized < 1.0)"
						},
						{
							"crossbow_controller" : "q.get_equipped_item_name == 'crossbow'"
						},
						{
							"third_person_bow_equipped" : "q.get_equipped_item_name == 'bow' && (v.item_use_normalized > 0 && v.item_use_normalized < 1.0)"
						}
					],
					"transitions" : [
						{
							"paperdoll" : "!v.holding_any_firearm && v.is_paperdoll"
						},
						{
							"first_person": "!v.holding_any_firearm && v.is_first_person"
						},
						{
							"map_player" : "v.map_face_icon"
						}
					]
				}
			}
		}
	}
}
