{
	"format_version": "1.8.0",
	"animations": {
		"animation.awp.first_person.holding": {
			"loop": true,
			"bones": {
				"leftArm": {
					"rotation": [-88, 0, 0],
					"position": [0, 0, 0]
				},
				"rightArm": {
					"rotation": [-90, 10, 0],
					"position": [0, 0, 0]
				},
				"root": {
					"rotation": ["(math.cos(query.life_time * 100.0) * 0.200) + 0.200", 180, 0],
					"position": [1, -1, -3]
				},
				"rightArmA": {
					"rotation": [0, -10, 0],
					"position": [2, 0, 0]
				},
				"main": {
					"rotation": [90, 0, 10],
					"position": [-5.5, 8, -18],
					"scale": 0.1
				},
				"leftArmA": {
					"rotation": [-10, 34.5, 0],
					"position": [-6.5, -1, -8]
				}
			}
		},
		"animation.awp.first_person.sprinting": {
			"loop": true,
			"bones": {
				"leftArm": {
					"rotation": [-88, 0, 0],
					"position": [0, 0, 0]
				},
				"rightArm": {
					"rotation": [-90, 10, 0],
					"position": [0, 0, 0]
				},
				"root": {
					"rotation": ["(math.cos(query.life_time * 100.0) * 0.200) + 0.200", 115, 0],
					"position": [5, -1, 0]
				},
				"rightArmA": {
					"rotation": [7.5, -10, 0],
					"position": [2, 0, 0]
				},
				"main": {
					"rotation": [90, 0, 10],
					"position": [-5.5, 8, -18],
					"scale": 0.1
				},
				"leftArmA": {
					"rotation": [-10, 57, -17.5],
					"position": [-3.5, -1, -11]
				}
			}
		},
		"animation.awp.first_person.draw": {
			"loop": "hold_on_last_frame",
			"anim_time_update": "query.anim_time + query.delta_time * 20.0",
			"bones": {
				"leftArm": {
					"rotation": {
						"0.0": [14.5, 0, 0],
						"10.0": [-88, 0, 0],
						"2.0": [-3, 0, 0],
						"4.0": [-38, 0, 0],
						"6.0": [-88, 0, 0],
						"8.0": [-98, 0, 0]
					},
					"position": {
						"0.0": [0, 0, 9],
						"4.0": [0, 0, 9],
						"6.0": [0, 0, 0]
					}
				},
				"rightArm": {
					"rotation": {
						"0.0": [-37.5, 10, 0],
						"10.0": [-90, 10, 0],
						"2.0": [-60, 10, 0],
						"4.0": [-65, 10, 0],
						"6.0": [-90, 10, 0],
						"8.0": [-95, 10, 0]
					},
					"position": [0, 0, 0]
				},
				"root": {
					"rotation": ["(math.cos(query.life_time * 100.0) * 0.200) + 0.200", 180, 0],
					"position": [1, -1, -3]
				},
				"rightArmA": {
					"rotation": [0, -10, 0],
					"position": [2, 0, 0]
				},
				"main": {
					"rotation": [90, 0, 10],
					"position": [-5.5, 8, -18],
					"scale": 0.1
				},
				"leftArmA": {
					"rotation": [-10, 34.5, 0],
					"position": [-6.5, -1, -8]
				}
			}
		},
		"animation.awp.first_person.reload": {
			"loop": "hold_on_last_frame",
			"animation_length": 34,
			"anim_time_update": "query.anim_time + query.delta_time * 12.0",
			"override_previous_animation": true,
			"bones": {
				"leftArm": {
					"rotation": {
						"0.0": [-88, 0, 0],
						"10.0": [-88, 22.5, 0],
						"12.0": [-88, 0, 0],
						"2.0": [-88, 22.5, 0],
						"4.0": [-23, -30, -32.5],
						"6.0": [-23, -30, -32.5],
						"8.0": [-88, 22.5, 0]
					},
					"position": {
						"0.0": [0, 0, 0],
						"10.0": [4, 1, 4],
						"12.0": [0, 0, 0],
						"2.0": [4, 1, 4]
					}
				},
				"rightArm": {
					"rotation": {
						"0.0": [-90, 10, 0],
						"10.0": [-102.5, 0, -55],
						"12.0": [-90, 10, 0],
						"14.0": [-82.5, 10, 17.5],
						"16.0": [-82.5, 10, 17.5],
						"2.0": [-102.5, 0, -55],
						"32.0": [-82.5, 10, 17.5],
						"34.0": [-90, 10, 0],
						"6.0": [-102.5, 0, -55],
						"8.0": [-106, 0, -55]
					},
					"position": [0, 0, 0]
				},
				"root": {
					"rotation": ["(math.cos(query.life_time * 100.0) * 0.200) + 0.200", 180, 0],
					"position": [1, -1, -3]
				},
				"rightArmA": {
					"rotation": [0, -10, 0],
					"position": [2, 0, 0]
				},
				"main": {
					"rotation": [90, 0, 10],
					"position": [-5.5, 8, -18],
					"scale": 0.1
				},
				"leftArmA": {
					"rotation": [-10, 34.5, 0],
					"position": [-6.5, -1, -8]
				},
				"rightArmUp": {
					"position": {
						"16.0": [0, 0, 0],
						"18.0": [-3.5, -1, -2],
						"20.0": [-3.5, -1, -3],
						"22.0": [-3, 2, -3],
						"24.0": [-3, 2, -3],
						"26.0": [-3.5, -1, -3],
						"28.0": [-3.5, -1, -2],
						"30.0": [0, 0, 0],
						"32.0": [0, 0, 0]
					}
				},
				"full_clip": {
					"position": {
						"2.0": [0, 0, 0],
						"4.0": [0, -126, 0],
						"6.0": [0, -126, 0],
						"8.0": [0, 0, 0]
					}
				},
				"Reloading_Bar": {
					"position": {
						"20.0": [0, 0, 0],
						"22.0": [0, 0, 27],
						"24.0": [0, 0, 27],
						"26.0": [0, 0, 0]
					}
				},
				"handle_bar": {
					"rotation": {
						"18.0": [0, 0, 0],
						"20.0": [0, 0, 67],
						"26.0": [0, 0, 67],
						"28.0": [0, 0, 0]
					}
				}
			}
		},
		"animation.awp.first_person.aim": {
			"loop": true,
			"bones": {
				"leftArm": {
					"rotation": [-90, 0, 0],
					"position": [0, 0, 0]
				},
				"rightArm": {
					"rotation": [-90, 0, 0],
					"position": [0, 0, 0]
				},
				"root": {
					"rotation": [0, 180, 0],
					"position": [-0.243, -1.694, -5.2]
				},
				"rightArmA": {
					"rotation": [0, -30, 0],
					"position": [1.2, 0, 0]
				},
				"main": {
					"rotation": [90, 0, 30],
					"position": [-5.5, 7, -18.01],
					"scale": 0.15
				},
				"leftArmA": {
					"rotation": [-5, 30, 0],
					"position": [-1, 0, -8]
				},
				"body": {
					"scale": 1
				},
				"circle": {
					"scale": 0
				},
				"circle_1": {
					"scale": 0
				},
				"cube": {
					"scale": 0
				},
				"back_scope": {
					"position": [0, -12, -1],
					"scale": [1, 1, 0.02]
				},
				"front_scope": {
					"scale": 0
				},
				"Scope_Scope": {
					"scale": 0
				},
				"Scope_Scope2": {
					"scale": 0
				},
				"Barrel": {
					"scale": 0
				},
				"Scope": {
					"position": [0, 9.384, 9],
					"scale": [1.3, 1.3, 1]
				},
				"eye_sight": {
					"position": [0, -12, 5]
				},
				"sopestand": {
					"scale": 0
				},
				"curve_lol": {
					"scale": 0
				},
				"main2": {
					"scale": 0
				},
				"mainbody": {
					"scale": 0
				},
				"full_clip": {
					"scale": 0
				},
				"Reloading_Bar": {
					"position": [0, 0, 17]
				},
				"barxtq": {
					"position": [0, 0, 119]
				},
				"b_x2": {
					"position": [0, 0, -119]
				},
				"Wind_Poly_Bullet_Hell": {
					"scale": 0
				},
				"bipod_stand": {
					"scale": 0
				},
				"curve_lol2": {
					"scale": 0
				},
				"curve_lol3": {
					"scale": 0
				},
				"curve_lol4": {
					"scale": 0
				},
				"eye_sight2": {
					"scale": 0
				}
			}
		},
		"animation.awp.first_person.aim_fire": {
			"loop": "hold_on_last_frame",
			"animation_length": 18,
			"anim_time_update": "query.anim_time + query.delta_time * 20.0",
			"bones": {
				"leftArm": {
					"rotation": {
						"0.0": [-90, 0, 0],
						"2.0": [-105, 0, 0],
						"4.0": [-90, 0, 0]
					},
					"position": [0, 0, 0]
				},
				"rightArm": {
					"rotation": {
						"0.0": [-90, 0, 0],
						"16.0": [-90, 0, 20],
						"18.0": [-90, 0, 0],
						"2.0": [-90.5, 0, 0],
						"4.0": [-90, 0, 0],
						"6.0": [-90, 0, 20]
					},
					"position": {
						"0.0": [0, 0, 0],
						"2.0": [0, 0.2, 0],
						"4.0": [0, 0, 0]
					}
				},
				"root": {
					"rotation": [0, 180, 0],
					"position": [-0.243, -1.694, -5.2]
				},
				"rightArmA": {
					"rotation": [0, -30, 0],
					"position": [1.2, 0, 0]
				},
				"main": {
					"rotation": [90, 0, 30],
					"position": [-5.5, 7, -18.01],
					"scale": 0.15
				},
				"leftArmA": {
					"rotation": [-5, 30, 0],
					"position": [-1, 0, -8]
				},
				"body": {
					"scale": 1
				},
				"circle": {
					"position": {
						"4.72": [16, 0, 0],
						"5.0": [0, 0, 0]
					},
					"scale": {
						"0.0": [0, 0, 0],
						"4.72": [0, 0, 0],
						"5.0": [1, 1, 1]
					}
				},
				"circle_1": {
					"scale": {
						"0.0": [0, 0, 0],
						"4.72": [0, 0, 0],
						"5.0": [1, 1, 1]
					}
				},
				"cube": {
					"scale": {
						"0.0": [0, 0, 0],
						"4.72": [0, 0, 0],
						"5.0": [1, 1, 1]
					}
				},
				"back_scope": {
					"position": {
						"0.0": [0, -12, -1],
						"4.72": [0, -12, -1],
						"5.0": [0, 0, 0]
					},
					"scale": {
						"0.0": [1, 1, 0.02],
						"4.72": [1, 1, 0.02],
						"5.0": [1, 1, 1]
					}
				},
				"front_scope": {
					"scale": {
						"0.0": [0, 0, 0],
						"4.72": [0, 0, 0],
						"5.0": [1, 1, 1]
					}
				},
				"Scope_Scope": {
					"scale": {
						"0.0": [0, 0, 0],
						"4.72": [0, 0, 0],
						"5.0": [1, 1, 1]
					}
				},
				"Scope_Scope2": {
					"scale": {
						"0.0": [0, 0, 0],
						"4.72": [0, 0, 0],
						"5.0": [1, 1, 1]
					}
				},
				"Barrel": {
					"scale": {
						"0.0": [0, 0, 0],
						"4.72": [0, 0, 0],
						"5.0": [1, 1, 1]
					}
				},
				"Scope": {
					"position": {
						"0.0": [0, 9.384, 9],
						"4.72": [0, 9.38, 9],
						"5.0": [0, 0, 0]
					},
					"scale": {
						"0.0": [1.3, 1.3, 1],
						"4.72": [1.3, 1.3, 1],
						"5.0": [1, 1, 1]
					}
				},
				"eye_sight": {
					"position": {
						"0.0": [0, -12, 5],
						"4.72": [0, -12, 5],
						"5.0": [0, 0, 0]
					}
				},
				"sopestand": {
					"scale": {
						"0.0": [0, 0, 0],
						"4.72": [0, 0, 0],
						"5.0": [1, 1, 1]
					}
				},
				"curve_lol": {
					"scale": {
						"0.0": [0, 0, 0],
						"4.72": [1, 1, 1],
						"5.0": [1, 1, 1]
					}
				},
				"main2": {
					"scale": {
						"0.0": [0, 0, 0],
						"4.72": [0, 0, 0],
						"5.0": [1, 1, 1]
					}
				},
				"mainbody": {
					"scale": {
						"0.0": [0, 0, 0],
						"4.72": [0, 0, 0],
						"5.0": [1, 1, 1]
					}
				},
				"full_clip": {
					"scale": {
						"0.0": [0, 0, 0],
						"4.72": [0, 0, 0],
						"5.0": [1, 1, 1]
					}
				},
				"Reloading_Bar": {
					"position": {
						"0.0": [0, 0, 17],
						"10.0": [0, 0, 27],
						"12.0": [0, 0, 27],
						"14.0": [0, 0, 0],
						"4.72": [0, 0, 17],
						"5.0": [0, 0, 0],
						"8.0": [0, 0, 0]
					}
				},
				"barxtq": {
					"position": {
						"0.0": [0, 0, 119],
						"4.72": [0, 0, 119],
						"5.0": [0, 0, 0]
					}
				},
				"b_x2": {
					"position": {
						"0.0": [0, 0, -119],
						"4.72": [0, 0, -119],
						"5.0": [0, 0, 0]
					},
					"scale": {
						"4.72": [0, 0, 0],
						"5.0": [1, 1, 1]
					}
				},
				"Wind_Poly_Bullet_Hell": {
					"position": {
						"10.0": [0, -7, 0],
						"10.2": [0, -24, 0],
						"10.4": [0, -38, 0],
						"10.6": [0, -120, 0],
						"11.2": [0, -120, 0],
						"11.32": [0, 0, 0],
						"9.84": [0, 0, 0],
						"9.92": [-2, -3.5, 0]
					},
					"scale": {
						"8.0": [0, 0, 0],
						"9.0": [1, 1, 1]
					}
				},
				"bipod_stand": {
					"scale": {
						"0.0": [0, 0, 0],
						"4.72": [0, 0, 0],
						"5.0": [1, 1, 1]
					}
				},
				"rightArmUp": {
					"rotation": {
						"16.0": [0, 0, 22.5],
						"18.0": [0, 0, 0],
						"4.0": [0, 0, 0],
						"6.0": [0, 0, 22.5]
					},
					"position": {
						"10.0": [0, 2, -4],
						"12.0": [0, 2, -4],
						"14.0": [-2, -2, -4],
						"16.0": [-2, -2, -2],
						"18.0": [0, 0, 0],
						"4.0": [0, 0, 0],
						"6.0": [-2, -2, -2],
						"8.0": [-2, -2, -4]
					}
				},
				"handle_bar": {
					"rotation": {
						"14.0": [0, 0, 67],
						"16.0": [0, 0, 0],
						"6.0": [0, 0, 0],
						"8.0": [0, 0, 67]
					}
				},
				"bullet_jacket": {
					"position": {
						"10.12": [0, 0, 0],
						"11.32": [0, 4, 0]
					}
				},
				"eye_sight2": {
					"scale": {
						"0.0": [0, 0, 0],
						"4.72": [0, 0, 0],
						"5.0": [1, 1, 1]
					}
				}
			},
			"sound_effects": {
				"8.0": {
					"effect": "awp.boltback"
				}
			}
		},
		"animation.awp.first_person.fire": {
			"loop": "hold_on_last_frame",
			"animation_length": 18,
			"anim_time_update": "query.anim_time + query.delta_time * 20.0",
			"bones": {
				"leftArm": {
					"rotation": {
						"0.0": [-88, 0, 0],
						"2.0": [-105, 0, 0],
						"4.0": [-88, 0, 0]
					},
					"position": [0, 0, 0]
				},
				"rightArm": {
					"rotation": {
						"0.0": [-90, 10, 0],
						"2.0": [-100, 10, 0],
						"4.0": [-90, 10, 0]
					},
					"position": {
						"0.0": [0, 0, 0],
						"2.0": [0, -1, 0],
						"4.0": [0, 0, 0]
					}
				},
				"root": {
					"rotation": ["(math.cos(query.life_time * 100.0) * 0.200) + 0.200", 180, 0],
					"position": [1, -1, -3]
				},
				"rightArmA": {
					"rotation": [0, -10, 0],
					"position": [2, 0, 0]
				},
				"main": {
					"rotation": [90, 0, 10],
					"position": [-5.5, 8, -18],
					"scale": 0.1
				},
				"leftArmA": {
					"rotation": [-10, 34.5, 0],
					"position": [-6.5, -1, -8]
				},
				"rightArmUp": {
					"position": {
						"10.0": [-3, 2, -3],
						"12.0": [-3, 2, -3],
						"14.0": [-3, 0, -3],
						"16.0": [-3, 0, -2],
						"18.0": [0, 0, 0],
						"4.0": [0, 0, 0],
						"6.0": [-3, 0, -2],
						"8.0": [-3, 0, -3]
					}
				},
				"Reloading_Bar": {
					"position": {
						"10.0": [0, 0, 27],
						"12.0": [0, 0, 27],
						"14.0": [0, 0, 0],
						"8.0": [0, 0, 0]
					}
				},
				"handle_bar": {
					"rotation": {
						"14.0": [0, 0, 67],
						"16.0": [0, 0, 0],
						"6.0": [0, 0, 0],
						"8.0": [0, 0, 67]
					}
				},
				"Wind_Poly_Bullet_Hell": {
					"position": {
						"10.0": [0, -7, 0],
						"10.2": [0, -24, 0],
						"10.4": [0, -38, 0],
						"10.6": [0, -120, 0],
						"9.84": [0, 0, 0],
						"9.92": [-2, -3.5, 0]
					}
				}
			},
			"sound_effects": {
				"9.0": {
					"effect": "awp.boltback"
				}
			}
		},
		"animation.awp.third_person.holding": {
			"loop": true,
			"bones": {
				"body": {
					"rotation": [0, 20, 0]
				},
				"rightArm": {
					"rotation": [-67.5, -35, 0]
				},
				"rightArmDown": {
					"rotation": [-22.5, 0, 0]
				},
				"main": {
					"rotation": [65, 0, 0],
					"position": [-6, 9, -19],
					"scale": 0.08
				},
				"leftArm": {
					"rotation": [-72.5, 30, 0],
					"position": [-1, 0, -1]
				},
				"leftArmDown": {
					"rotation": [-15, 0, 0]
				},
				"root": {
					"rotation": [0, 0, 0]
				}
			}
		},
		"animation.awp.third_person.sprinting": {
			"loop": true,
			"bones": {
				"body": {
					"rotation": [0, 20, 0]
				},
				"rightArm": {
					"rotation": [-67.5, -35, 0]
				},
				"rightArmDown": {
					"rotation": [-22.5, 0, 0]
				},
				"main": {
					"rotation": [65, 0, 0],
					"position": [-6, 9, -19],
					"scale": 0.08
				},
				"leftArm": {
					"rotation": [-72.5, 30, 0],
					"position": [-1, 0, -1]
				},
				"leftArmDown": {
					"rotation": [-15, 0, 0]
				},
				"root": {
					"rotation": [0, 0, 0]
				},
				"rightArmA": {
					"rotation": [32.5, -15, 0]
				},
				"leftArmA": {
					"rotation": [30, 0, -32.5]
				}
			}
		},
		"animation.awp.third_person.fire": {
			"loop": "hold_on_last_frame",
			"animation_length": 26,
			"anim_time_update": "query.anim_time + query.delta_time * 20.0",
			"bones": {
				
				"body": {
					"rotation": [0, 20, 0]
				},
				"rightArm": {
					"rotation": {
						"0.0": [-67.5, -35, 0],
						"2.0": [-77.5, -35, 0],
						"4.0": [-67.5, -35, 0]
					}
				},
				"rightArmDown": {
					"rotation": {
						"0.0": [-22.5, 0, 0],
						"10.0": [-22.5, 0, 0],
						"12.0": [-55, 0, 0],
						"14.0": [-55, 0, 0],
						"16.0": [-55, 0, 0],
						"18.0": [-22.5, 0, 0]
					}
				},
				"main": {
					"rotation": {
						"0.0": [65, 0, 0],
						"22.0": [47.5, 0, 0],
						"24.0": [65, 0, 0],
						"4.0": [65, 0, 0],
						"6.0": [47.5, 0, 0]
					},
					"position": {
						"0.0": [-6, 9, -19],
						"22.0": [-6, 9, -17],
						"24.0": [-6, 9, -19],
						"4.0": [-6, 9, -19],
						"6.0": [-6, 9, -17]
					},
					"scale": 0.08
				},
				"leftArm": {
					"rotation": {
						"0.0": [-72.5, 30, 0],
						"2.0": [-82.5, 30, 0],
						"24.0": [-75, 25, 0],
						"26.0": [-72.5, 30, 0],
						"4.0": [-72.5, 30, 0],
						"6.0": [-75, 25, 0]
					},
					"position": [-1, 0, -1]
				},
				"leftArmDown": {
					"rotation": [-15, 0, 0]
				},
				"rightArmUp": {
					"rotation": {
						"10.0": [-12.5, 0, 20],
						"12.0": [10, 0, 27.5],
						"14.0": [10, 0, 27.5],
						"16.0": [10, 0, 27.5],
						"18.0": [-12.5, 0, 20],
						"20.0": [-2.5, 0, 20],
						"22.0": [0, 0, 0],
						"6.0": [0, 0, 0],
						"8.0": [-2.5, 0, 20]
					}
				},
				"Reloading_Bar": {
					"position": {
						"10.0": [0, 0, 0],
						"12.0": [0, 0, 27],
						"16.0": [0, 0, 27],
						"18.0": [0, 0, 0]
					}
				},
				"handle_bar": {
					"rotation": {
						"10.0": [0, 0, 67],
						"18.0": [0, 0, 67],
						"20.0": [0, 0, 0],
						"8.0": [0, 0, 0]
					}
				},
				"Wind_Poly_Bullet_Hell": {
					"position": {
						"12.2": [0, 0, 0],
						"12.44": [-2, -5, 0],
						"12.56": [-2, -16, 0],
						"12.76": [-2, -36, 0],
						"12.88": [-2, -46, 0],
						"13.0": [-2, -46, 0],
						"13.12": [5, 0, 0],
						"13.28": [3, 0, 0],
						"13.4": [2, 0, 0],
						"13.52": [1, 0, 0],
						"13.64": [0, 0, 0]
					},
					"scale": {
						"12.88": [1, 1, 1],
						"13.0": [0, 0, 0],
						"13.12": [1, 1, 1]
					}
				},
				"bullet_x2": {
					"scale": {
						"10.0": [1, 1, 1],
						"12.0": [0, 0, 0],
						"13.12": [1, 1, 1]
					}
				}
			},
			"sound_effects": {
				"9.0": {
					"effect": "awp.boltback"
				}
			}
		},
		"animation.awp.third_person.draw": {
			"loop": "hold_on_last_frame",
			"anim_time_update": "query.anim_time + query.delta_time * 20.0",
			"bones": {
				
				"body": {
					"rotation": [0, 20, 0]
				},
				"rightArm": {
					"rotation": {
						"0.0": [0, 7.5, 0],
						"10.0": [-67.5, -35, 0],
						"2.0": [-22.5, -2, 0],
						"4.0": [-42.5, -25, 0],
						"6.0": [-67.5, -35, 0],
						"8.0": [-77.5, -35, 0]
					}
				},
				"rightArmDown": {
					"rotation": [-22.5, 0, 0]
				},
				"main": {
					"rotation": [65, 0, 0],
					"position": [-6, 9, -19],
					"scale": 0.08
				},
				"leftArm": {
					"rotation": {
						"0.0": [10, 0, 0],
						"10.0": [-72.5, 30, 0],
						"2.0": [-35, 2.5, 0],
						"4.0": [-35, 30, 0],
						"6.0": [-72.5, 30, 0],
						"8.0": [-85, 30, 0]
					},
					"position": [-1, 0, -1]
				},
				"leftArmDown": {
					"rotation": [-15, 0, 0]
				}
			}
		},
		"animation.awp.third_person.reload": {
			"loop": "hold_on_last_frame",
			"animation_length": 34,
			"anim_time_update": "query.anim_time + query.delta_time * 12.0",
			"override_previous_animation": true,
			"bones": {
				"root": {
					"rotation": [0, 0, 0]
				},
				"body": {
					"rotation": [0, 20, 0]
				},
				"rightArm": {
					"rotation": {
						"0.0": [-67.5, -35, 0],
						"10.0": [-65, -35, -15],
						"12.0": [-67.5, -35, 0],
						"14.0": [-67.5, -35, 5],
						"16.0": [-67.5, -35, 5],
						"2.0": [-65, -35, -15],
						"32.0": [-67.5, -35, 5],
						"34.0": [-67.5, -35, 0],
						"6.0": [-65, -35, -15],
						"8.0": [-68, -35, -15]
					}
				},
				"rightArmDown": {
					"rotation": [-22.5, 0, 0]
				},
				"main": {
					"rotation": [65, 0, 0],
					"position": [-6, 9, -19],
					"scale": 0.08
				},
				"leftArm": {
					"rotation": {
						"0.0": [-72.5, 30, 0],
						"10.0": [-72.5, 30, 0],
						"2.0": [-75, 22.5, 0],
						"4.0": [-47.5, 17.5, 0],
						"6.0": [-47.5, 17.5, 0],
						"8.0": [-75, 22.5, 0]
					},
					"position": [-1, 0, -1]
				},
				"leftArmDown": {
					"rotation": [-15, 0, 0]
				},
				"rightArmUp": {
					"rotation": {
						"16.0": [0, 0, 0],
						"18.0": [-12.5, 0, 15],
						"20.0": [-22.5, 0, 15],
						"26.0": [-22.5, 0, 15],
						"28.0": [-12.5, 0, 15],
						"30.0": [0, 0, 0],
						"32.0": [0, 0, 0]
					},
					"position": {
						"16.0": [0, 0, 0],
						"18.0": [-1, -1, 0],
						"20.0": [-1, -1, 0],
						"22.0": [-1, 0, 0],
						"24.0": [-1, 0, 0],
						"26.0": [-1, -1, 0],
						"30.0": [0, 0, 0],
						"32.0": [0, 0, 0]
					}
				},
				"full_clip": {
					"position": {
						"2.0": [0, 0, 0],
						"4.0": [0, -74, 0],
						"6.0": [0, -74, 0],
						"8.0": [0, 0, 0]
					},
					"scale": {
						"4.0": [1, 1, 1],
						"5.0": [0, 0, 0],
						"6.0": [1, 1, 1]
					}
				},
				"Reloading_Bar": {
					"position": {
						"20.0": [0, 0, 0],
						"22.0": [0, 0, 27],
						"24.0": [0, 0, 27],
						"26.0": [0, 0, 0]
					}
				},
				"handle_bar": {
					"rotation": {
						"18.0": [0, 0, 0],
						"20.0": [0, 0, 67],
						"26.0": [0, 0, 67],
						"28.0": [0, 0, 0]
					}
				}
			}
		},
		"animation.awp.third_person.aim": {
			"loop": true,
			"bones": {
				
				"body": {
					"rotation": [0, 20, 0]
				},
				"rightArm": {
					"rotation": [-67.5, -35, 0]
				},
				"rightArmDown": {
					"rotation": [-22.5, 0, 0]
				},
				"main": {
					"rotation": [65, 0, 0],
					"position": [-6, 9, -19],
					"scale": 0.08
				},
				"leftArm": {
					"rotation": [-72.5, 30, 0],
					"position": [-1, 0, -1]
				},
				"leftArmDown": {
					"rotation": [-15, 0, 0]
				},
				"head": {
					"rotation": [15, -12.5, -12.5]
				},
				"rightArmA": {
					"rotation": [-5, 0, 15]
				}
			}
		},
		"animation.awp.third_person.aim_fire": {
			"loop": "hold_on_last_frame",
			"animation_length": 18,
			"anim_time_update": "query.anim_time + query.delta_time * 20.0",
			"bones": {
				
				"body": {
					"rotation": [0, 20, 0]
				},
				"rightArm": {
					"rotation": {
						"0.0": [-67.5, -35, 0],
						"2.0": [-75, -35, 0],
						"4.0": [-67.5, -35, 0]
					},
					"position": {
						"0.0": [0, 0, 0],
						"2.0": [0, 0, 0],
						"4.0": [0, 0, 0]
					}
				},
				"rightArmDown": {
					"rotation": [-22.5, 0, 0]
				},
				"main": {
					"rotation": [65, 0, 0],
					"position": [-6, 9, -19],
					"scale": 0.08
				},
				"leftArm": {
					"rotation": {
						"0.0": [-72.5, 30, 0],
						"2.0": [-75, 30, 0],
						"4.0": [-72.5, 30, 0]
					},
					"position": {
						"0.0": [-1, 0, -1],
						"2.0": [-1, 0, -1],
						"4.0": [-1, 0, -1]
					}
				},
				"leftArmDown": {
					"rotation": [-15, 0, 0]
				},
				"rightArmUp": {
					"rotation": {
						"14.0": [-22.5, 0, 17.5],
						"16.0": [-12.5, 0, 17.5],
						"18.0": [0, 0, 0],
						"3.96": [0, 0, 0],
						"6.0": [-12.5, 0, 17.5],
						"8.0": [-22.5, 0, 17.5]
					},
					"position": {
						"10.0": [-1, 1, 0],
						"12.0": [-1, 1, 0],
						"14.0": [-1, -1, 0],
						"16.0": [-1, -1, 0],
						"18.0": [0, 0, 0],
						"3.96": [0, 0, 0],
						"6.0": [-1, -1, 0],
						"8.0": [-1, -1, 0]
					}
				},
				"Reloading_Bar": {
					"position": {
						"10.0": [0, 0, 27],
						"12.0": [0, 0, 27],
						"14.0": [0, 0, 0],
						"8.0": [0, 0, 0]
					}
				},
				"handle_bar": {
					"rotation": {
						"14.0": [0, 0, 67],
						"16.0": [0, 0, 0],
						"6.0": [0, 0, 0],
						"8.0": [0, 0, 67]
					}
				},
				"head": {
					"rotation": [15, -12.5, -12.5]
				},
				"rightArmA": {
					"rotation": [-5, 0, 15]
				}
			},
			"sound_effects": {
				"9.0": {
					"effect": "awp.boltback"
				}
			}
		}
	}
}