{
	"format_version": "1.10.0",
	"minecraft:client_entity": {
		"description": {
			"identifier": "chain",
			"textures": {
				"default": "textures/firearm/throwable/chaingrenade"
			},
			"geometry": {
				"default": "geometry.chaingrenade"
			},
			"materials": {
				"default": "entity_alphatest"
			},
			"render_controllers": [
				"controller.render.bullet"
			],
			"scripts": {
				"animate": [
					"setup"
				]
			},
			"animations": {
				"setup": "animation.chaingrenade.setup"
			}
 		}
	}
}