{
	"format_version": "1.8.0",
	"animations": {
		"animation.p90.first_person.holding": {
			"loop": true,
			"bones": {
				"leftArm": {
					"rotation": [-88, -10, 0],
					"position": [-3, 0, 0]
				},
				"rightArm": {
					"rotation": [-90, 10, 0],
					"position": [0, 0, 0]
				},
				"root": {
					"rotation": ["(math.cos(query.life_time * 100.0) * 0.200) + 0.200", 180, 0],
					"position": [1, -1, -3]
				},
				"rightArmA": {
					"rotation": [0, -10, 0],
					"position": [2, 0, 0]
				},
				"main": {
					"rotation": [90, 0, 0],
					"position": [-4.5, 8, -18],
					"scale": 0.1
				},
				"leftArmA": {
					"rotation": [-10, 34.5, 0],
					"position": [-3.5, -1, -7]
				},
				"Wind_Poly_FN_P90": {
					"position": [-3, -155, 76]
				},
				"body": {
					"position": [0, 0, -3]
				}
			}
		},
		"animation.p90.first_person.sprinting": {
			"loop": true,
			"bones": {
				"leftArm": {
					"rotation": [-88, -10, 0],
					"position": [-3, 0, 0]
				},
				"rightArm": {
					"rotation": [-90, 10, 0],
					"position": [0, 0, 0]
				},
				"root": {
					"rotation": ["(math.cos(query.life_time * 100.0) * 0.200) + 0.200", 115, 0],
					"position": [4, -1, -1]
				},
				"rightArmA": {
					"rotation": [10, -10, 0],
					"position": [2, 0, 0]
				},
				"main": {
					"rotation": [90, 0, 0],
					"position": [-4.5, 8, -18],
					"scale": 0.1
				},
				"leftArmA": {
					"rotation": [7.5, 62, 0],
					"position": [0.5, -1, -10]
				},
				"Wind_Poly_FN_P90": {
					"position": [-3, -155, 76]
				},
				"body": {
					"position": [0, 0, -3]
				}
			}
		},
		"animation.p90.first_person.draw": {
			"loop": "hold_on_last_frame",
			"anim_time_update": "query.anim_time + query.delta_time * 20.0",
			"bones": {
				"leftArm": {
					"rotation": {
						"0.0": [-5.5, -10, 0],
						"10.0": [-88, -10, 0],
						"2.0": [-23, -10, 0],
						"4.0": [-43, -10, 0],
						"6.0": [-88, -10, 0],
						"8.0": [-98, -10, 0]
					},
					"position": {
						"0.0": [-3, 0, 5],
						"4.0": [-3, -2, 2],
						"6.0": [-3, 0, 0]
					}
				},
				"rightArm": {
					"rotation": {
						"0.0": [-7.5, 10, 0],
						"10.0": [-90, 10, 0],
						"2.0": [-30, 10, 0],
						"4.0": [-50, 10, 0],
						"6.0": [-90, 10, 0],
						"8.0": [-97.5, 10, 0]
					},
					"position": [0, 0, 0]
				},
				"root": {
					"rotation": ["(math.cos(query.life_time * 100.0) * 0.200) + 0.200", 180, 0],
					"position": [1, -1, -3]
				},
				"rightArmA": {
					"rotation": [0, -10, 0],
					"position": [2, 0, 0]
				},
				"main": {
					"rotation": [90, 0, 0],
					"position": [-4.5, 8, -18],
					"scale": 0.1
				},
				"leftArmA": {
					"rotation": [-10, 34.5, 0],
					"position": [-3.5, -1, -7]
				},
				"Wind_Poly_FN_P90": {
					"position": [-3, -155, 76]
				},
				"body": {
					"position": [0, 0, -3]
				}
			}
		},
		"animation.p90.first_person.reload": {
			"loop": "hold_on_last_frame",
			"animation_length": 34,
			"anim_time_update": "query.anim_time + query.delta_time * 8.0",
			"override_previous_animation": true,
			"bones": {
				"leftArm": {
					"rotation": {
						"0.0": [-88, -10, 0],
						"16.0": [-95.5, -10, 0],
						"18.0": [-88, -10, 0],
						"22.0": [-88, -10, 0],
						"24.0": [-90.5, -12.5, -22.5],
						"30.0": [-90.5, -12.5, -22.5],
						"32.0": [-88, -10, 0],
						"4.0": [-88, -10, 0],
						"6.0": [-95.5, -10, 0]
					},
					"position": {
						"0.0": [-3, 0, 0],
						"10.0": [-14, 8, 22],
						"12.0": [-14, 8, 22],
						"14.0": [-9, 5, 14],
						"16.0": [-5, 2, 7],
						"2.0": [-2, 1, 8.5],
						"20.0": [-2, 1, 8.5],
						"22.0": [-3, 0, 0],
						"24.0": [1, 0, 0],
						"26.0": [-1.3, 1, 3],
						"28.0": [-1.3, 1, 3],
						"30.0": [1, 0, 0],
						"32.0": [-3, 0, 0],
						"4.0": [-5, 2, 7],
						"6.0": [-5, 2, 7],
						"8.0": [-9, 5, 14]
					}
				},
				"rightArm": {
					"rotation": {
						"0.0": [-90, 10, 0],
						"2.0": [-77.5, 10, 17.5],
						"20.0": [-77.5, 10, 17.5],
						"22.0": [-90, 10, 0],
						"24.0": [-90, 10, -15],
						"32.0": [-90, 10, -15],
						"34.0": [-90, 10, 0]
					},
					"position": {
						"0.0": [0, 0, 0],
						"2.0": [0, -2, 0],
						"20.0": [0, -2, 0],
						"22.0": [0, 0, 0],
						"34.0": [0, 0, 0]
					}
				},
				"root": {
					"rotation": ["(math.cos(query.life_time * 100.0) * 0.200) + 0.200", 180, 0],
					"position": [1, -1, -3]
				},
				"rightArmA": {
					"rotation": [0, -10, 0],
					"position": [2, 0, 0]
				},
				"main": {
					"rotation": [90, 0, 0],
					"position": [-4.5, 8, -18],
					"scale": 0.1
				},
				"leftArmA": {
					"rotation": [-10, 34.5, 0],
					"position": [-3.5, -1, -7]
				},
				"Wind_Poly_FN_P90": {
					"rotation": [0, 0, 0],
					"position": [-3, -155, 76]
				},
				"body": {
					"position": [0, 0, -3]
				},
				"MAG": {
					"rotation": {
						"16.0": [10, 0, 0],
						"18.0": [0, 0, 0],
						"4.0": [0, 0, 0],
						"6.0": [10, 0, 0]
					},
					"position": {
						"10.0": [0, 12, 170],
						"12.0": [0, 12, 170],
						"14.0": [0, 0, 63],
						"16.0": [0, 0, 0],
						"6.0": [0, 0, 0],
						"8.0": [0, 0, 63]
					}
				},
				"bar": {
					"position": {
						"24.0": [0, 0, 0],
						"26.0": [0, 0, 39],
						"28.0": [0, 0, 39],
						"30.0": [0, 0, 0]
					}
				}
			}
		},
		"animation.p90.first_person.aim": {
			"loop": true,
			"bones": {
				"leftArm": {
					"rotation": [-85.5, -12.5, 0],
					"position": [0, 0, 0]
				},
				"rightArm": {
					"rotation": [-90, -7.5, 0],
					"position": [-0.65, 0, 0]
				},
				"root": {
					"rotation": [0, 180, 0],
					"position": [-1.344, -1.799, -3]
				},
				"rightArmA": {
					"rotation": [0, -10, 0],
					"position": [2, 0, 0]
				},
				"main": {
					"rotation": [90, 0, 0],
					"position": [-4.5, 8, -18],
					"scale": 0.1
				},
				"leftArmA": {
					"rotation": [-10, 34.5, 0],
					"position": [-3.5, -1, -7]
				},
				"Wind_Poly_FN_P90": {
					"rotation": [0, 16, 0],
					"position": [-3, -155, 76]
				},
				"rightArmUp": {
					"position": [-1, -3, 0]
				}
			}
		},
		"animation.p90.first_person.aim_fire": {
			"loop": "hold_on_last_frame",
			"animation_length": 6,
			"anim_time_update": "query.anim_time + query.delta_time * 100.0",
			"bones": {
				"leftArm": {
					"rotation": {
						"0.0": [-85.5, -12.5, 0],
						"2.0": [-87.5, -12.5, 0],
						"4.0": [-85.5, -12.5, 0]
					},
					"position": [0, 0, 0]
				},
				"rightArm": {
					"rotation": {
						"0.0": [-90, -7.5, 0],
						"2.0": [-92, -7.5, 0],
						"4.0": [-90, -7.5, 0]
					},
					"position": [-0.65, 0, 0]
				},
				"root": {
					"rotation": [0, 180, 0],
					"position": [-1.344, -1.799, -3]
				},
				"rightArmA": {
					"rotation": [0, -10, 0],
					"position": [2, 0, 0]
				},
				"main": {
					"rotation": [90, 0, 0],
					"position": [-4.5, 8, -18],
					"scale": 0.1
				},
				"leftArmA": {
					"rotation": [-10, 34.5, 0],
					"position": [-3.5, -1, -7]
				},
				"Wind_Poly_FN_P90": {
					"rotation": [0, 16, 0],
					"position": [-3, -155, 76]
				},
				"rightArmUp": {
					"position": [-1, -3, 0]
				}
			}
		},
		"animation.p90.first_person.fire": {
			"loop": "hold_on_last_frame",
			"animation_length": 6,
			"anim_time_update": "query.anim_time + query.delta_time * 100.0",
			"bones": {
				"leftArm": {
					"rotation": {
						"0.0": [-88, -10, 0],
						"2.0": [-90, -10, 0],
						"4.0": [-88, -10, 0]
					},
					"position": [-3, 0, 0]
				},
				"rightArm": {
					"rotation": {
						"0.0": [-90, 10, 0],
						"2.0": [-95, 10, 0],
						"4.0": [-90, 10, 0]
					},
					"position": {
						"0.0": [0, 0, 0],
						"2.0": [0, -1, 0],
						"4.0": [0, 0, 0]
					}
				},
				"root": {
					"rotation": ["(math.cos(query.life_time * 100.0) * 0.200) + 0.200", 180, 0],
					"position": [1, -1, -3]
				},
				"rightArmA": {
					"rotation": [0, -10, 0],
					"position": [2, 0, 0]
				},
				"main": {
					"rotation": [90, 0, 0],
					"position": [-4.5, 8, -18],
					"scale": 0.1
				},
				"leftArmA": {
					"rotation": [-10, 34.5, 0],
					"position": [-3.5, -1, -7]
				},
				"Wind_Poly_FN_P90": {
					"position": [-3, -155, 76]
				},
				"body": {
					"position": [0, 0, -3]
				}
			}
		},
		"animation.p90.third_person.holding": {
			"loop": true,
			"bones": {
				"root": {
					"rotation": [0, 0, 0]
				},
				"body": {
					"rotation": [0, 20, 0]
				},
				"rightArm": {
					"rotation": [-67.5, -35, 0]
				},
				"rightArmDown": {
					"rotation": [-22.5, 0, 0]
				},
				"leftArm": {
					"rotation": [-72.5, 30, 0],
					"position": [-1, 0, -1]
				},
				"leftArmDown": {
					"rotation": [-15, 0, 0]
				},
				"main": {
					"rotation": [90, 0, 0],
					"position": [-4.5, 8, -14],
					"scale": 0.07
				},
				"Wind_Poly_FN_P90": {
					"rotation": [-22.5, 0, 0],
					"position": [-22, -152, 115]
				}
			}
		},
		"animation.p90.third_person.sprinting": {
			"loop": true,
			"bones": {
				"root": {
					"rotation": [0, 0, 0]
				},
				"body": {
					"rotation": [0, 20, 0]
				},
				"rightArm": {
					"rotation": [-67.5, -35, 0]
				},
				"rightArmDown": {
					"rotation": [-22.5, 0, 0]
				},
				"leftArm": {
					"rotation": [-72.5, 30, 0],
					"position": [-1, 0, -1]
				},
				"leftArmDown": {
					"rotation": [-15, 0, 0]
				},
				"main": {
					"rotation": [90, 0, 0],
					"position": [-4.5, 8, -14],
					"scale": 0.07
				},
				"Wind_Poly_FN_P90": {
					"rotation": [-22.5, 0, 0],
					"position": [-22, -152, 115]
				},
				"rightArmA": {
					"rotation": [22.5, -5, 0]
				},
				"leftArmA": {
					"rotation": [22.5, 0, 0]
				}
			}
		},
		"animation.p90.third_person.draw": {
			"loop": "hold_on_last_frame",
			"anim_time_update": "query.anim_time + query.delta_time * 20.0",
			"bones": {
				
				"body": {
					"rotation": [0, 20, 0]
				},
				"rightArm": {
					"rotation": {
						"0.0": [0, 7.5, 0],
						"10.0": [-67.5, -35, 0],
						"2.0": [-22.5, -2, 0],
						"4.0": [-42.5, -25, 0],
						"6.0": [-67.5, -35, 0],
						"8.0": [-77.5, -35, 0]
					}
				},
				"rightArmDown": {
					"rotation": [-22.5, 0, 0]
				},
				"main": {
					"rotation": [90, 0, 0],
					"position": [-4.5, 8, -14],
					"scale": 0.07
				},
				"Wind_Poly_FN_P90": {
					"rotation": [-22.5, 0, 0],
					"position": [-22, -152, 115]
				},
				"leftArm": {
					"rotation": {
						"0.0": [10, 0, 0],
						"10.0": [-72.5, 30, 0],
						"2.0": [-35, 2.5, 0],
						"4.0": [-35, 30, 0],
						"6.0": [-72.5, 30, 0],
						"8.0": [-85, 30, 0]
					},
					"position": [-1, 0, -1]
				},
				"leftArmDown": {
					"rotation": [-15, 0, 0]
				}
			}
		},
		"animation.p90.third_person.reload": {
			"loop": "hold_on_last_frame",
			"animation_length": 34,
			"anim_time_update": "query.anim_time + query.delta_time * 8.0",
			"override_previous_animation": true,
			"bones": {
				"root": {
					"rotation": [0, 0, 0]
				},
				"body": {
					"rotation": [0, 20, 0]
				},
				"rightArm": {
					"rotation": {
						"0.0": [-67.5, -35, 0],
						"1.88": [-37.5, -35, 0],
						"18.0": [-15, -35, 0],
						"20.0": [-37.5, -35, 0],
						"22.0": [-67.5, -35, 0],
						"24.0": [-62.5, -35, 0],
						"32.0": [-62.5, -35, 0],
						"34.0": [-67.5, -35, 0],
						"4.0": [-15, -35, 0]
					}
				},
				"rightArmDown": {
					"rotation": [-22.5, 0, 0]
				},
				"leftArm": {
					"rotation": {
						"0.0": [-72.5, 30, 0],
						"1.88": [-60, 12.5, 0],
						"10.0": [-72.5, 5, -7.5],
						"12.04": [-72.5, 5, -7.5],
						"14.0": [-72.5, 55, 25],
						"16.0": [-72.5, 50, 0],
						"18.0": [-65, 50, 0],
						"20.0": [-60, 12.5, 0],
						"22.0": [-72.5, 30, 0],
						"4.0": [-65, 50, 0],
						"6.0": [-72.5, 50, 0],
						"8.0": [-72.5, 55, 25]
					},
					"position": [-1, 0, -1]
				},
				"leftArmDown": {
					"rotation": [-15, 0, 0]
				},
				"main": {
					"rotation": [90, 0, 0],
					"position": [-4.5, 8, -14],
					"scale": 0.07
				},
				"Wind_Poly_FN_P90": {
					"rotation": {
						"0.0": [-22.5, 0, 0],
						"22.0": [-22.5, 0, 0],
						"24.0": [-40, 0, 0],
						"30.0": [-40, 0, 0],
						"32.0": [-22.5, 0, 0]
					},
					"position": {
						"0.0": [-22, -152, 115],
						"22.0": [-22, -152, 115],
						"24.0": [-22, -165, 137],
						"30.0": [-22, -165, 137],
						"32.0": [-22, -152, 115]
					}
				},
				"rightArmUp": {
					"rotation": {
						"24.0": [0, 0, 0],
						"26.0": [-17.5, 0, 15],
						"30.0": [-17.5, 0, 15],
						"32.0": [0, 0, 0]
					},
					"position": {
						"24.0": [0, 0, 0],
						"26.0": [-1, -2, -1],
						"28.0": [-1, 1, -1],
						"30.0": [-1, -2, -1],
						"32.0": [0, 0, 0]
					}
				},
				"MAG": {
					"rotation": {
						"16.0": [10, 0, 0],
						"18.0": [0, 0, 0],
						"4.0": [0, 0, 0],
						"6.0": [10, 0, 0]
					},
					"position": {
						"10.0": [36, 95, 5],
						"12.0": [36, 95, 5],
						"14.0": [0, 11, 57],
						"16.0": [0, 0, 0],
						"6.0": [0, 0, 0],
						"8.0": [0, 11, 57]
					},
					"scale": {
						"10.0": [1, 1, 1],
						"11.0": [0, 0, 0],
						"12.0": [0, 0, 0],
						"12.28": [1, 1, 1]
					}
				},
				"bar": {
					"position": {
						"26.0": [0, 0, 0],
						"28.0": [0, 0, 39],
						"30.0": [0, 0, 0]
					}
				}
			}
		},
		"animation.p90.third_person.aim": {
			"loop": true,
			"bones": {
				
				"body": {
					"rotation": [0, 20, 0]
				},
				"rightArm": {
					"rotation": [-67.5, -35, 0]
				},
				"rightArmDown": {
					"rotation": [-22.5, 0, 0]
				},
				"leftArm": {
					"rotation": [-72.5, 30, 0],
					"position": [-1, 0, -1]
				},
				"leftArmDown": {
					"rotation": [-15, 0, 0]
				},
				"main": {
					"rotation": [90, 0, 0],
					"position": [-4.5, 8, -14],
					"scale": 0.07
				},
				"Wind_Poly_FN_P90": {
					"rotation": [-22.5, 0, 0],
					"position": [-22, -152, 115]
				},
				"head": {
					"rotation": [15, -12.5, -12.5]
				},
				"rightArmA": {
					"rotation": [-5, 0, 15]
				}
			}
		},
		"animation.p90.third_person.aim_fire": {
			"loop": "hold_on_last_frame",
			"animation_length": 6,
			"anim_time_update": "query.anim_time + query.delta_time * 100.0",
			"bones": {
				
				"body": {
					"rotation": [0, 20, 0]
				},
				"rightArm": {
					"rotation": {
						"0.0": [-67.5, -35, 0],
						"2.0": [-70, -35, 0],
						"4.0": [-67.5, -35, 0]
					}
				},
				"rightArmDown": {
					"rotation": [-22.5, 0, 0]
				},
				"leftArm": {
					"rotation": {
						"0.0": [-72.5, 30, 0],
						"2.0": [-75, 30, 0],
						"4.0": [-72.5, 30, 0]
					},
					"position": [-1, 0, -1]
				},
				"leftArmDown": {
					"rotation": [-15, 0, 0]
				},
				"main": {
					"rotation": [90, 0, 0],
					"position": [-4.5, 8, -14],
					"scale": 0.07
				},
				"Wind_Poly_FN_P90": {
					"rotation": [-22.5, 0, 0],
					"position": [-22, -152, 115]
				},
				"head": {
					"rotation": [15, -12.5, -12.5]
				},
				"rightArmA": {
					"rotation": [-5, 0, 15]
				}
			}
		},
		"animation.p90.third_person.fire": {
			"loop": "hold_on_last_frame",
			"animation_length": 6,
			"anim_time_update": "query.anim_time + query.delta_time * 100.0",
			"bones": {
				
				"body": {
					"rotation": [0, 20, 0]
				},
				"rightArm": {
					"rotation": {
						"0.0": [-67.5, -35, 0],
						"2.0": [-70, -35, 0],
						"4.0": [-67.5, -35, 0]
					}
				},
				"rightArmDown": {
					"rotation": [-22.5, 0, 0]
				},
				"leftArm": {
					"rotation": {
						"0.0": [-72.5, 30, 0],
						"2.0": [-75, 30, 0],
						"4.0": [-72.5, 30, 0]
					},
					"position": [-1, 0, -1]
				},
				"leftArmDown": {
					"rotation": [-15, 0, 0]
				},
				"main": {
					"rotation": [90, 0, 0],
					"position": [-4.5, 8, -14],
					"scale": 0.07
				},
				"Wind_Poly_FN_P90": {
					"rotation": [-22.5, 0, 0],
					"position": [-22, -152, 115]
				}
			}
		}
	}
}