{
	"format_version": "1.8.0",
	"animations": {
		"animation.akm.first_person.draw": {
			"loop": "hold_on_last_frame",
			"anim_time_update": "query.anim_time + query.delta_time * 20.0",
			"bones": {
				"leftArm": {
					"rotation": {
						"0.0": [-5.5, -10, 0],
						"10.0": [-88, -10, 0],
						"2.0": [-23, -10, 0],
						"4.0": [-43, -10, 0],
						"6.0": [-88, -10, 0],
						"8.0": [-108, -10, 0]
					},
					"position": {
						"0.0": [-3, 0, 5],
						"4.0": [-3, -2, 2],
						"6.0": [-3, 0, 0]
					}
				},
				"rightArm": {
					"rotation": {
						"0.0": [-7.5, 10, 0],
						"10.0": [-90, 10, 0],
						"2.0": [-30, 10, 0],
						"4.0": [-50, 10, 0],
						"6.0": [-90, 10, 0],
						"8.0": [-97.5, 10, 0]
					},
					"position": [0, 0, 0]
				},
				"root": {
					"rotation": ["(math.cos(query.life_time * 100.0) * 0.200) + 0.200", 180, 0],
					"position": [1, -1, -3]
				},
				"rightArmA": {
					"rotation": [0, -10, 0],
					"position": [2, 0, 0]
				},
				"main": {
					"rotation": [90, 0, 10],
					"position": [-5, 14, -2],
					"scale": 0.05
				},
				"leftArmA": {
					"rotation": [-15, 34.5, 0],
					"position": [-5.5, -1, -12]
				}
			}
		},
		"animation.akm.first_person.holding": {
			"loop": true,
			"bones": {
				"leftArm": {
					"rotation": [-88, -10, 0],
					"position": [-3, 0, 0]
				},
				"rightArm": {
					"rotation": [-90, 10, 0],
					"position": [0, 0, 0]
				},
				"root": {
					"rotation": ["(math.cos(query.life_time * 100.0) * 0.200) + 0.200", 180, 0],
					"position": [1, -1, -3]
				},
				"rightArmA": {
					"rotation": [0, -10, 0],
					"position": [2, 0, 0]
				},
				"main": {
					"rotation": [90, 0, 10],
					"position": [-5, 14, -2],
					"scale": 0.05
				},
				"leftArmA": {
					"rotation": [-15, 34.5, 0],
					"position": [-5.5, -1, -12]
				}
			}
		},
		"animation.akm.first_person.sprinting": {
			"loop": true,
			"bones": {
				"leftArm": {
					"rotation": [-88, -10, 0],
					"position": [-3, 0, 0]
				},
				"rightArm": {
					"rotation": [-90, 10, 0],
					"position": [0, 0, 0]
				},
				"root": {
					"rotation": ["(math.cos(query.life_time * 100.0) * 0.200) + 0.200", 115, 0],
					"position": [8, -1, -2]
				},
				"rightArmA": {
					"rotation": [0, -10, 0],
					"position": [2, 0, 0]
				},
				"main": {
					"rotation": [97.5, 0, 10],
					"position": [-5, 14, -2],
					"scale": 0.05
				},
				"leftArmA": {
					"rotation": [-15, 52, -17.5],
					"position": [-3.5, -1, -16]
				}
			}
		},
		"animation.akm.first_person.reload": {
			"loop": "hold_on_last_frame",
			"animation_length": 34.0,
			"anim_time_update": "query.anim_time + query.delta_time * 15.0",
			"override_previous_animation": true,
			"bones": {
				"leftArm": {
					"rotation": {
						"0.0": [-88, -10, 0],
						"10.0": [-88, 15, 0],
						"12.0": [-88, 15, 0],
						"14.0": [-88, -10, 0],
						"2.0": [-88, 15, 0],
						"4.0": [-35.5, 15, -17.5],
						"6.0": [-35.5, 15, -17.5],
						"8.0": [-35.5, 15, -17.5]
					},
					"position": {
						"0.0": [-3, 0, 0],
						"12.0": [-1, 0, 5],
						"14.0": [-3, 0, 0],
						"2.0": [-1, 0, 5]
					}
				},
				"rightArm": {
					"rotation": {
						"0.0": [-90, 10, 0],
						"10.0": [-105, 10, -25],
						"12.0": [-102.5, 10, -25],
						"14.0": [-90, 10, 0],
						"16.0": [-87.5, 10, 15],
						"2.0": [-102.5, 10, -25],
						"32.0": [-87.5, 10, 15],
						"34.0": [-90, 10, 0],
						"8.0": [-102.5, 10, -25]
					},
					"position": {
						"0.0": [0, 0, 0],
						"12.0": [0, 0, 0],
						"34.0": [0, 0, 0]
					}
				},
				"root": {
					"rotation": ["(math.cos(query.life_time * 100.0) * 0.200) + 0.200", 180, 0],
					"position": [1, -1, -3]
				},
				"rightArmA": {
					"rotation": [0, -10, 0],
					"position": [2, 0, 0]
				},
				"main": {
					"rotation": [90, 0, 10],
					"position": [-5, 14, -2],
					"scale": 0.05
				},
				"leftArmA": {
					"rotation": [-15, 34.5, 0],
					"position": [-5.5, -1, -12]
				},
				"rightArmUp": {
					"rotation": {
						"16.0": [0, 0, 0],
						"18.0": [-10, 0, 5],
						"20.0": [-10, 0, 5],
						"22.0": [-10, 0, 5],
						"24.0": [-10, 0, 2.5],
						"26.0": [-10, 0, 2.5],
						"28.0": [-10, 0, 5],
						"30.0": [-10, 0, 5],
						"32.0": [0, 0, 0]
					},
					"position": {
						"16.0": [0, 0, 0],
						"18.0": [-2, -4, -1],
						"20.0": [-2, -4, -1],
						"22.0": [-2, -1, -1],
						"26.0": [-2, -1, -1],
						"28.0": [-2, -4, -1],
						"30.0": [-2, -4, -1],
						"32.0": [0, 0, 0]
					}
				},
				"magazine": {
					"position": {
						"10.0": [0, 0, 0],
						"2.0": [0, 0, 0],
						"4.0": [0, -145, 0],
						"6.0": [0, -145, 0],
						"8.0": [0, -145, 0]
					}
				},
				"Reload_bar": {
					"position": {
						"20.0": [0, 0, 0],
						"22.0": [0, 0, 60],
						"26.0": [0, 0, 60],
						"28.0": [0, 0, 0]
					}
				},
				"bullet": {
					"scale": {
						"7.64": [0, 0, 0],
						"8.0": [1, 1, 1]
					}
				}
			}
		},
		"animation.akm.first_person.aim": {
			"loop": "hold_on_last_frame",
			"bones": {
				"leftArm": {
					"rotation": [0, 0, -2.5],
					"position": [2, -8, 0]
				},
				"rightArm": {
					"rotation": [-90, 10, 0],
					"position": [0, 0, 0]
				},
				"root": {
					"rotation": ["(math.cos(query.life_time * 100.0) * 0.200) + 0.200", 181.5, 0],
					"position": [0.95, 0.6, -5]
				},
				"rightArmA": {
					"rotation": [0, -10, 0],
					"position": [2, 0, -2]
				},
				"main": {
					"rotation": [91, 0, -1.8],
					"position": [-1.32, 15.6, -2],
					"scale": 0.05
				},
				"leftArmA": {
					"rotation": [-100, 17.5, 0],
					"position": [-2, -2, -2]
				},
				"rightArmUp": {
					"rotation": [-5, 0, -20],
					"position": [2, 0, 1]
				},
				"body": {
					"position": [0.5, -0.5, 0]
				},
				"waist": {
					"rotation": [-1, 0, 0]
				},
				"sight": {
					"position": [0, 0, 170]
				}
			}
		},
		"animation.akm.first_person.aim_fire": {
			"loop": "hold_on_last_frame",
			"animation_length": 6,
			"anim_time_update": "query.anim_time + query.delta_time * 70.0",
			"bones": {
				"leftArm": {
					"rotation": {
						"0.0": [0, 0, -2.5],
						"2.0": [-2, 0, 0],
						"4.0": [0, 0, -2.5]
					},
					"position": {
						"0.0": [2, -8, 0],
						"2.0": [2, -7, 0],
						"4.0": [2, -8, 0]
					}
				},
				"rightArm": {
					"rotation": {
						"0.0": [-90, 10, 0],
						"2.0": [-92.5, 10, 0],
						"4.0": [-90, 10, 0]
					},
					"position": {
						"0.0": [0, 0, 0],
						"2.0": [0, -1, 1],
						"4.0": [0, 0, 0]
					}
				},
				"root": {
					"rotation": ["(math.cos(query.life_time * 100.0) * 0.200) + 0.200", 181.5, 0],
					"position": [0.95, 0.6, -5]
				},
				"rightArmA": {
					"rotation": [0, -10, 0],
					"position": [2, 0, -2]
				},
				"main": {
					"rotation": [91, 0, -1.8],
					"position": [-1.32, 15.6, -2],
					"scale": 0.05
				},
				"leftArmA": {
					"rotation": [-100, 17.5, 0],
					"position": [-2, -2, -2]
				},
				"rightArmUp": {
					"rotation": [-5, 0, -20],
					"position": [2, 0, 1]
				},
				"body": {
					"position": [0.5, -0.5, 0]
				},
				"waist": {
					"rotation": [-1, 0, 0]
				},
				"bullet": {
					"rotation": {
						"2.0": [0, 0, 0],
						"2.04": [-12.5, 0, 0],
						"2.16": [-12.5, 22.5, 32.5],
						"2.24": [12.5, 22.5, 32.5],
						"2.48": [50, 5, 32.5],
						"2.56": [50, -57.5, 32.5]
					},
					"position": {
						"0.0": [-5, 40, 10],
						"1.88": [-5, 40, 10],
						"2.0": [-12, 40, 10],
						"2.04": [-28, 40, 10],
						"2.2": [-46, 29, 10],
						"2.48": [-78, 29, 10],
						"2.56": [-85, 29, 10],
						"2.72": [-105, 29, 10],
						"2.88": [-105, 0, 10],
						"3.04": [-122, -17, 10],
						"3.2": [-122, -29, 10]
					}
				},
				"main2": {
					"scale": 0
				},
				"sight": {
					"position": [0, 0, 170]
				}
			}
		},
		"animation.akm.first_person.fire": {
			"loop": "hold_on_last_frame",
			"animation_length": 6,
			"anim_time_update": "query.anim_time + query.delta_time * 70.0",
			"bones": {
				"leftArm": {
					"rotation": {
						"0.0": [-88, -10, 0],
						"2.0": [-90, -10, 0],
						"4.0": [-88, -10, 0]
					},
					"position": {
						"0.0": [-3, 0, 0],
						"2.0": [-4, 0, 1],
						"4.0": [-3, 0, 0]
					}
				},
				"rightArm": {
					"rotation": {
						"0.0": [-90, 10, 0],
						"2.0": [-92.5, 10, 0],
						"4.0": [-90, 10, 0]
					},
					"position": {
						"0.0": [0, 0, 0],
						"2.0": [0, -1, 1],
						"4.0": [0, 0, 0]
					}
				},
				"root": {
					"rotation": ["(math.cos(query.life_time * 100.0) * 0.200) + 0.200", 180, 0],
					"position": [1, -1, -3]
				},
				"rightArmA": {
					"rotation": [0, -10, 0],
					"position": [2, 0, 0]
				},
				"main": {
					"rotation": [90, 0, 10],
					"position": [-5, 14, -2],
					"scale": 0.05
				},
				"leftArmA": {
					"rotation": [-15, 34.5, 0],
					"position": [-5.5, -1, -12]
				},
				"bullet": {
					"rotation": {
						"2.0": [0, 0, 0],
						"2.04": [-12.5, 0, 0],
						"2.16": [-12.5, 22.5, 32.5],
						"2.24": [12.5, 22.5, 32.5],
						"2.48": [50, 5, 32.5],
						"2.56": [50, -57.5, 32.5]
					},
					"position": {
						"0.0": [-5, 40, 10],
						"1.88": [-5, 40, 10],
						"2.0": [-12, 40, 10],
						"2.04": [-28, 40, 10],
						"2.2": [-46, 29, 10],
						"2.48": [-78, 29, 10],
						"2.56": [-85, 29, 10],
						"2.72": [-105, 29, 10],
						"2.88": [-105, 0, 10],
						"3.04": [-122, -17, 10],
						"3.2": [-122, -29, 10]
					}
				},
				"main2": {
					"scale": 0
				}
			}
		},
		"animation.akm.third_person.draw": {
			"loop": "hold_on_last_frame",
			"anim_time_update": "query.anim_time + query.delta_time * 20.0",
			"bones": {
				"body": {
					"rotation": [0, 20, 0]
				},
				"rightArm": {
					"rotation": {
						"0.0": [0, 7.5, 0],
						"10.0": [-67.5, -35, 0],
						"2.0": [-22.5, -2, 0],
						"4.0": [-42.5, -25, 0],
						"6.0": [-67.5, -35, 0],
						"8.0": [-77.5, -35, 0]
					},
					"position": {
						"10.0": [0, 0, 1],
						"6.0": [0, 0, 1]
					}
				},
				"rightArmDown": {
					"rotation": [-22.5, 0, 0]
				},
				"main": {
					"rotation": [65, 0, 0],
					"position": [-6.5, 17, -3],
					"scale": 0.04
				},
				"leftArm": {
					"rotation": {
						"0.0": [10, 0, 0],
						"10.0": [-82.5, 22.5, -15],
						"2.0": [-35, 2.5, 0],
						"4.0": [-35, 30, 0],
						"6.0": [-82.5, 22.5, -15],
						"8.0": [-95, 22.5, -15]
					},
					"position": {
						"0.0": [-1, 0, -1],
						"10.0": [-1, 0, -1],
						"6.0": [-1, 0, -1]
					}
				},
				"leftArmDown": {
					"rotation": [-15, 0, 0]
				}
			}
		},
		"animation.akm.third_person.holding": {
			"loop": true,
			"bones": {
				"root": {
					"rotation": [0, 0, 0]
				},
				"body": {
					"rotation": [0, 20, 0]
				},
				"rightArm": {
					"rotation": [-67.5, -35, 0],
					"position": [0, 0, 1]
				},
				"rightArmDown": {
					"rotation": [-22.5, 0, 0]
				},
				"leftArm": {
					"rotation": [-82.5, 22.5, -15],
					"position": [-1, 0, -1]
				},
				"leftArmDown": {
					"rotation": [-15, 0, 0]
				},
				"main": {
					"rotation": [65, 0, 0],
					"position": [-6.5, 17, -3],
					"scale": 0.04
				}
			}
		},
		"animation.akm.third_person.reload": {
			"loop": "hold_on_last_frame",
			"anim_time_update": "query.anim_time + query.delta_time * 15.0",
			"override_previous_animation": true,
			"bones": {
				"root": {
					"rotation": [0, 0, 0]
				},
				"body": {
					"rotation": [0, 20, 0]
				},
				"rightArm": {
					"rotation": {
						"0.0": [-67.5, -35, 0],
						"10.0": [-70, -35, -30],
						"12.0": [-67.5, -35, -30],
						"14.0": [-67.5, -35, 0],
						"16.0": [-67.5, -35, 12.5],
						"2.0": [-67.5, -35, -30],
						"32.0": [-67.5, -35, 12.5],
						"34.0": [-67.5, -35, 0],
						"8.0": [-67.5, -35, -30]
					},
					"position": {
						"0.0": [0, 0, 1],
						"14.0": [0, 0, 1],
						"32.0": [0, 0, 1],
						"34.0": [0, 0, 1]
					}
				},
				"rightArmDown": {
					"rotation": [-22.5, 0, 0]
				},
				"leftArm": {
					"rotation": {
						"0.0": [-82.5, 22.5, -15],
						"10.0": [-102.5, 22.5, -32.5],
						"12.0": [-102.5, 22.5, -32.5],
						"14.0": [-82.5, 22.5, -15],
						"2.0": [-102.5, 22.5, -32.5],
						"4.0": [-57.5, 27.5, -32.5],
						"6.0": [-57.5, 27.5, -32.5],
						"8.0": [-57.5, 27.5, -32.5]
					},
					"position": {
						"0.0": [-1, 0, -1],
						"12.0": [-1, 0, -1],
						"14.0": [-1, 0, -1]
					}
				},
				"leftArmDown": {
					"rotation": [-15, 0, 0]
				},
				"main": {
					"rotation": [65, 0, 0],
					"position": [-6.5, 17, -3],
					"scale": 0.04
				},
				"rightArmUp": {
					"rotation": {
						"16.0": [0, 0, 0],
						"18.0": [-25, 0, 32.5],
						"20.0": [-25, 0, 32.5],
						"30.0": [-25, 0, 32.5],
						"32.0": [0, 0, 0]
					},
					"position": {
						"16.0": [0, 0, 0],
						"18.0": [0, -2, 0],
						"20.0": [0, -2, 0],
						"22.0": [0, 0, 0],
						"24.0": [0, 0, 0],
						"26.0": [0, 0, 0],
						"28.0": [0, -2, 0],
						"30.0": [0, -2, 0],
						"32.0": [0, 0, 0]
					}
				},
				"magazine": {
					"position": {
						"10.0": [0, 0, 0],
						"2.0": [0, 0, 0],
						"4.0": [0, -172, 0],
						"6.0": [0, -172, 0],
						"8.0": [0, -172, 0]
					},
					"scale": {
						"5.8": [1, 1, 1],
						"6.0": [0, 0, 0],
						"8.0": [1, 1, 1]
					}
				},
				"Reload_bar": {
					"position": {
						"20.0": [0, 0, 0],
						"22.0": [0, 0, 60],
						"26.0": [0, 0, 60],
						"28.0": [0, 0, 0]
					}
				},
				"bullet": {
					"scale": {
						"7.64": [0, 0, 0],
						"8.0": [1, 1, 1]
					}
				}
			}
		},
		"animation.akm.third_person.aim": {
			"loop": true,
			"bones": {
				"root": {
					"rotation": [0, 0, 0]
				},
				"body": {
					"rotation": [0, 20, 0]
				},
				"rightArm": {
					"rotation": [-67.5, -35, 7.5],
					"position": [0, 0, 1]
				},
				"rightArmDown": {
					"rotation": [-22.5, 0, 0]
				},
				"leftArm": {
					"rotation": [-82.5, 22.5, -15],
					"position": [-1, 0, -1]
				},
				"leftArmDown": {
					"rotation": [-15, 0, 0]
				},
				"main": {
					"rotation": [65, 0, 0],
					"position": [-6.5, 17, -3],
					"scale": 0.04
				},
				"head": {
					"rotation": [15, -12.5, -12.5]
				}
			}
		},
		"animation.akm.third_person.aim_fire": {
			"loop": "hold_on_last_frame",
			"animation_length": 6,
			"anim_time_update": "query.anim_time + query.delta_time * 70.0",
			"bones": {
				"root": {
					"rotation": [0, 0, 0]
				},
				"body": {
					"rotation": [0, 20, 0]
				},
				"rightArm": {
					"rotation": {
						"0.0": [-67.5, -35, 7.5],
						"2.0": [-70, -35, 7.5],
						"4.0": [-67.5, -35, 7.5]
					},
					"position": {
						"0.0": [0, 0, 1],
						"2.0": [-1, 0, 2],
						"4.0": [0, 0, 1]
					}
				},
				"rightArmDown": {
					"rotation": [-22.5, 0, 0]
				},
				"leftArm": {
					"rotation": {
						"0.0": [-82.5, 22.5, -15],
						"2.0": [-85.5, 22.5, -15],
						"4.0": [-82.5, 22.5, -15]
					},
					"position": {
						"0.0": [-1, 0, -1],
						"2.0": [-2, 0, -1],
						"4.0": [-1, 0, -1]
					}
				},
				"leftArmDown": {
					"rotation": [-15, 0, 0]
				},
				"main": {
					"rotation": [65, 0, 0],
					"position": [-6.5, 17, -3],
					"scale": 0.04
				},
				"head": {
					"rotation": [15, -12.5, -12.5]
				},
				"bullet": {
					"rotation": {
						"2.0": [0, 0, 0],
						"2.04": [-12.5, 0, 0],
						"2.16": [-12.5, 22.5, 32.5],
						"2.24": [12.5, 22.5, 32.5],
						"2.48": [50, 5, 32.5],
						"2.56": [50, -57.5, 32.5]
					},
					"position": {
						"0.0": [-5, 40, 10],
						"1.88": [-5, 40, 10],
						"2.0": [-12, 40, 10],
						"2.04": [-28, 40, 10],
						"2.2": [-46, 29, 10],
						"2.48": [-78, 29, 10],
						"2.56": [-85, 29, 10],
						"2.72": [-105, 29, 10],
						"2.88": [-105, 0, 10],
						"3.04": [-122, -17, 10],
						"3.2": [-122, -44439, 10]
					}
				},
				"main2": {
					"scale": 0
				}
			}
		},
		"animation.akm.third_person.sprinting": {
			"loop": true,
			"bones": {
				"root": {
					"rotation": [0, 0, 0]
				},
				"body": {
					"rotation": [0, 20, 0]
				},
				"rightArm": {
					"rotation": [-47.5, -40, 0],
					"position": [0, 0, 1]
				},
				"rightArmDown": {
					"rotation": [-22.5, 0, 0]
				},
				"leftArm": {
					"rotation": [-55, 22.5, -15],
					"position": [-1, 0, -1]
				},
				"leftArmDown": {
					"rotation": [-15, 0, 0]
				},
				"main": {
					"rotation": [65, 0, 0],
					"position": [-6.5, 17, -3],
					"scale": 0.04
				}
			}
		},
		"animation.akm.third_person.fire": {
			"loop": "hold_on_last_frame",
			"animation_length": 6,
			"anim_time_update": "query.anim_time + query.delta_time * 70.0",
			"bones": {
				"root": {
					"rotation": [0, 0, 0]
				},
				"body": {
					"rotation": [0, 20, 0]
				},
				"rightArm": {
					"rotation": {
						"0.0": [-67.5, -35, 0],
						"2.0": [-70, -35, 0],
						"4.0": [-67.5, -35, 0]
					},
					"position": {
						"0.0": [0, 0, 1],
						"2.0": [-1, 0, 2],
						"4.0": [0, 0, 1]
					}
				},
				"rightArmDown": {
					"rotation": [-22.5, 0, 0]
				},
				"leftArm": {
					"rotation": {
						"0.0": [-82.5, 22.5, -15],
						"2.0": [-85.5, 22.5, -15],
						"4.0": [-82.5, 22.5, -15]
					},
					"position": {
						"0.0": [-1, 0, -1],
						"2.0": [-2, 0, -1],
						"4.0": [-1, 0, -1]
					}
				},
				"leftArmDown": {
					"rotation": [-15, 0, 0]
				},
				"main": {
					"rotation": [65, 0, 0],
					"position": [-6.5, 17, -3],
					"scale": 0.04
				},
				"bullet": {
					"rotation": {
						"2.0": [0, 0, 0],
						"2.04": [-12.5, 0, 0],
						"2.16": [-12.5, 22.5, 32.5],
						"2.24": [12.5, 22.5, 32.5],
						"2.48": [50, 5, 32.5],
						"2.56": [50, -57.5, 32.5]
					},
					"position": {
						"0.0": [-5, 40, 10],
						"1.88": [-5, 40, 10],
						"2.0": [-12, 40, 10],
						"2.04": [-28, 40, 10],
						"2.2": [-46, 29, 10],
						"2.48": [-78, 29, 10],
						"2.56": [-85, 29, 10],
						"2.72": [-105, 29, 10],
						"2.88": [-105, 0, 10],
						"3.04": [-122, -17, 10],
						"3.2": [-122, -44439, 10]
					}
				},
				"main2": {
					"scale": 0
				}
			}
		}
	}
}