{
	"format_version": "1.8.0",
	"animations": {
		"animation.m3.first_person.draw": {
			"loop": "hold_on_last_frame",
			"anim_time_update": "query.anim_time + query.delta_time * 20.0",
			"bones": {
				"leftArm": {
					"rotation": {
						"0.0": [-5.5, -10, 0],
						"10.0": [-90.5, -10, 0],
						"2.0": [-23, -10, 0],
						"4.0": [-43, -10, 0],
						"6.0": [-90.5, -10, 0],
						"8.0": [-98, -10, 0]
					},
					"position": {
						"0.0": [-3, 0, 5],
						"4.0": [-3, -2, 2],
						"6.0": [-3, -1, 0]
					}
				},
				"rightArm": {
					"rotation": {
						"0.0": [-7.5, 10, 0],
						"10.0": [-90, 10, 0],
						"2.0": [-30, 10, 0],
						"4.0": [-50, 10, 0],
						"6.0": [-90, 10, 0],
						"8.0": [-97.5, 10, 0]
					},
					"position": {
						"0.0": [0, 0, 0],
						"6.0": [0, 0, -2]
					}
				},
				"root": {
					"rotation": ["(math.cos(query.life_time * 100.0) * 0.200) + 0.200", 180, 0],
					"position": [1, -1, -3]
				},
				"rightArmA": {
					"rotation": [0, -10, 0],
					"position": [2, 0, 0]
				},
				"main": {
					"rotation": [90, 0, 20],
					"position": [-6.5, 17, -2],
					"scale": 0.15
				},
				"leftArmA": {
					"rotation": [-15, 44.5, 0],
					"position": [-6.5, -1, -11]
				},
				"rightArmUp": {
					"rotation": [0, 0, 12.5],
					"position": [0, 2, 0]
				}
			}
		},
		"animation.m3.first_person.holding": {
			"loop": true,
			"bones": {
				"leftArm": {
					"rotation": [-90.5, -10, 0],
					"position": [-3, -1, 0]
				},
				"rightArm": {
					"rotation": [-90, 10, 0],
					"position": [0, 0, -2]
				},
				"root": {
					"rotation": ["(math.cos(query.life_time * 100.0) * 0.200) + 0.200", 180, 0],
					"position": [1, -1, -3]
				},
				"rightArmA": {
					"rotation": [0, -10, 0],
					"position": [2, 0, 0]
				},
				"main": {
					"rotation": [90, 0, 20],
					"position": [-6.5, 17, -2],
					"scale": 0.15
				},
				"leftArmA": {
					"rotation": [-15, 44.5, 0],
					"position": [-6.5, -1, -11]
				},
				"rightArmUp": {
					"rotation": [0, 0, 12.5],
					"position": [0, 2, 0]
				}
			}
		},
		"animation.m3.first_person.sprinting": {
			"loop": true,
			"bones": {
				"leftArm": {
					"rotation": [-90.5, -10, 0],
					"position": [-3, -1, 0]
				},
				"rightArm": {
					"rotation": [-90, 10, 0],
					"position": [0, 0, -2]
				},
				"root": {
					"rotation": ["(math.cos(query.life_time * 100.0) * 0.200) + 0.200", 115, 0],
					"position": [5, -1, 0]
				},
				"rightArmA": {
					"rotation": [12.5, -10, 0],
					"position": [2, 0, 0]
				},
				"main": {
					"rotation": [90, 0, 20],
					"position": [-6.5, 17, -2],
					"scale": 0.15
				},
				"leftArmA": {
					"rotation": [-15, 47, -22.5],
					"position": [-7.5, -3, -17]
				},
				"rightArmUp": {
					"rotation": [0, 0, 12.5],
					"position": [0, 2, 0]
				}
			}
		},
		"animation.m3.first_person.aim": {
			"loop": true,
			"bones": {
				"leftArm": {
					"rotation": [0, 0, 0],
					"position": [2, -5, 0]
				},
				"rightArm": {
					"rotation": [-90, 10, 0],
					"position": [0, 0, 0]
				},
				"root": {
					"rotation": ["(math.cos(query.life_time * 100.0) * 0.200) + 0.200", 180, 0],
					"position": [0.85, 0.8, -3]
				},
				"rightArmA": {
					"rotation": [0, -10, 0],
					"position": [2, 0, -2]
				},
				"main": {
					"rotation": [91, 0, 0],
					"position": [-1, 19, -2],
					"scale": 0.15
				},
				"leftArmA": {
					"rotation": [-100, 17.5, 0],
					"position": [-2, -2, -2]
				},
				"rightArmUp": {
					"rotation": [-5, 0, -20],
					"position": [2, 0, 1]
				},
				"body": {
					"position": [0, -0.5, 0]
				}
			}
		},
		"animation.m3.first_person.aim_fire": {
			"loop": "hold_on_last_frame",
			"animation_length": 18,
			"anim_time_update": "query.anim_time + query.delta_time * 15.0",
			"bones": {
				"leftArm": {
					"rotation": {
						"0.0": [0, 0, 0],
						"16.0": [-17.5, 17.5, -2.5],
						"18.0": [0, 0, 0],
						"2.0": [-10, 0, 0],
						"4.0": [0, 0, 0],
						"6.0": [-17.5, 17.5, -2.5]
					},
					"position": {
						"0.0": [2, -5, 0],
						"10.0": [2, -3, 3],
						"12.0": [2, -3, 3],
						"14.0": [2, -8, 1],
						"16.0": [2, -8, 1],
						"18.0": [2, -5, 0],
						"4.0": [2, -5, 0],
						"6.0": [2, -8, 1],
						"8.0": [2, -3, 3]
					}
				},
				"rightArm": {
					"rotation": {
						"0.0": [-90, 10, 0],
						"14.0": [-112.5, 10, 0],
						"16.0": [-112.5, 10, 0],
						"18.0": [-90, 10, 0],
						"2.0": [-97.5, 10, 0],
						"4.0": [-90, 10, 0],
						"6.0": [-112.5, 10, 0]
					},
					"position": {
						"0.0": [0, 0, 0],
						"14.0": [0, -6, 3],
						"16.0": [0, -6, 3],
						"18.0": [0, 0, 0],
						"2.0": [0, -1, 0],
						"4.0": [0, 0, 0],
						"6.0": [0, -6, 3]
					}
				},
				"root": {
					"rotation": ["(math.cos(query.life_time * 100.0) * 0.200) + 0.200", 180, 0],
					"position": [0.85, 0.8, -3]
				},
				"rightArmA": {
					"rotation": [0, -10, 0],
					"position": [2, 0, -2]
				},
				"main": {
					"rotation": [91, 0, 0],
					"position": [-1, 19, -2],
					"scale": 0.15
				},
				"leftArmA": {
					"rotation": [-100, 17.5, 0],
					"position": [-2, -2, -2]
				},
				"rightArmUp": {
					"rotation": [-5, 0, -20],
					"position": [2, 0, 1]
				},
				"body": {
					"position": [0, -0.5, 0]
				},
				"firing_tube": {
					"position": {
						"10.0": [0, 0, 18],
						"12.0": [0, 0, 18],
						"14.0": [0, 0, 0],
						"6.0": [0, 0, 0],
						"8.0": [0, 0, 18]
					}
				}
			}
		},
		"animation.m3.first_person.reload": {
			"loop": "hold_on_last_frame",
			"animation_length": 46,
			"anim_time_update": "query.anim_time + query.delta_time * 7.0",
			"override_previous_animation": true,
			"bones": {
				"leftArm": {
					"rotation": {
						"0.0": [-90.5, -10, 0],
						"10.0": [-28, 0, 0],
						"12.0": [-93, 0, 0],
						"14.0": [-28, 0, 0],
						"16.0": [-93, 0, 0],
						"18.0": [-28, 0, 0],
						"2.0": [-28, 0, 0],
						"20.0": [-93, 0, 0],
						"22.0": [-28, 0, 0],
						"24.0": [-93, 0, 0],
						"26.0": [-28, 0, 0],
						"28.0": [-93, 0, 0],
						"30.0": [-28, 0, 0],
						"32.0": [-93, 0, 0],
						"34.0": [-90.5, -10, 0],
						"36.0": [-113, 0, -20],
						"4.0": [-93, 0, 0],
						"40.0": [-113, 0, -20],
						"42.0": [-90.5, -10, 0],
						"6.0": [-28, 0, 0],
						"8.0": [-93, 0, 0]
					},
					"position": {
						"0.0": [-3, -1, 0],
						"2.0": [-3, -1, 3],
						"32.0": [-3, -1, 3],
						"34.0": [-3, -1, 0],
						"36.0": [0, -1, -4],
						"38.0": [-1, -2, -1],
						"40.0": [0, -1, -4],
						"42.0": [-3, -1, 0]
					}
				},
				"rightArm": {
					"rotation": {
						"0.0": [-90, 10, 0],
						"10.0": [-92.5, 10, -5],
						"12.0": [-95, 10, -5],
						"14.0": [-92.5, 10, -5],
						"16.0": [-95, 10, -5],
						"18.0": [-92.5, 10, -5],
						"2.0": [-92.5, 10, -5],
						"20.0": [-95, 10, -5],
						"22.0": [-92.5, 10, -5],
						"24.0": [-95, 10, -5],
						"26.0": [-92.5, 10, -5],
						"28.0": [-95, 10, -5],
						"30.0": [-92.5, 10, -5],
						"32.0": [-92.5, 10, -5],
						"34.0": [-90, 10, 0],
						"36.0": [-127.5, 10, 0],
						"4.0": [-95, 10, -5],
						"40.0": [-127.5, 10, 0],
						"42.0": [-90, 10, 0],
						"6.0": [-92.5, 10, -5],
						"8.0": [-95, 10, -5]
					},
					"position": {
						"0.0": [0, 0, -2],
						"34.0": [0, 0, -2],
						"36.0": [0, -9, -2],
						"40.0": [0, -9, -2],
						"42.0": [0, 0, -2]
					}
				},
				"root": {
					"rotation": ["(math.cos(query.life_time * 100.0) * 0.200) + 0.200", 180, 0],
					"position": [1, -1, -3]
				},
				"rightArmA": {
					"rotation": [0, -10, 0],
					"position": [2, 0, 0]
				},
				"main": {
					"rotation": [90, 0, 20],
					"position": [-6.5, 17, -2],
					"scale": 0.15
				},
				"leftArmA": {
					"rotation": [-15, 44.5, 0],
					"position": [-6.5, -1, -11]
				},
				"rightArmUp": {
					"rotation": [0, 0, 12.5],
					"position": [0, 2, 0]
				},
				"shell3": {
					"position": {
						"10.0": [0, -67, 0],
						"12.0": [0, 5, 0],
						"14.0": [0, -67, 0],
						"16.0": [0, 5, 0],
						"18.0": [0, -67, 0],
						"2.0": [0, -67, 0],
						"20.0": [0, 5, 0],
						"22.0": [0, -67, 0],
						"24.0": [0, 5, 0],
						"26.0": [0, -67, 0],
						"28.0": [0, 5, 0],
						"30.0": [0, -67, 0],
						"32.0": [0, 0, 0],
						"4.0": [0, 5, 0],
						"6.0": [0, -67, 0],
						"8.0": [0, 5, 0]
					},
					"scale": {
						"0.0": [1, 1, 1],
						"12.0": [1, 1, 1],
						"12.04": [0, 0, 0],
						"16.0": [1, 1, 1],
						"16.04": [0, 0, 0],
						"20.0": [1, 1, 1],
						"20.04": [0, 0, 0],
						"24.0": [1, 1, 1],
						"24.04": [0, 0, 0],
						"28.0": [1, 1, 1],
						"28.04": [0, 0, 0],
						"32.0": [1, 1, 1],
						"4.0": [1, 1, 1],
						"4.24": [0, 0, 0],
						"8.0": [1, 1, 1],
						"8.04": [0, 0, 0]
					}
				},
				"firing_tube": {
					"position": {
						"36.0": [0, 0, 0],
						"38.0": [0, 0, 18],
						"40.0": [0, 0, 0]
					}
				}
			}
		},
		"animation.m3.first_person.fire": {
			"loop": "hold_on_last_frame",
			"animation_length": 18,
			"anim_time_update": "query.anim_time + query.delta_time * 15.0",
			"bones": {
				"leftArm": {
					"rotation": {
						"0.0": [-90.5, -10, 0],
						"14.0": [-113, 0, -20],
						"16.0": [-113, 0, -20],
						"18.0": [-90.5, -10, 0],
						"2.0": [-100, -10, 0],
						"4.0": [-90.5, -10, 0],
						"6.0": [-113, 0, -20]
					},
					"position": {
						"0.0": [-3, -1, 0],
						"10.0": [-1, -2, -1],
						"12.0": [-1, -2, -1],
						"14.0": [0, -1, -4],
						"16.0": [0, -1, -4],
						"18.0": [-3, -1, 0],
						"4.0": [-3, -1, 0],
						"6.0": [0, -1, -4],
						"8.0": [-1, -2, -1]
					}
				},
				"rightArm": {
					"rotation": {
						"0.0": [-90, 10, 0],
						"14.0": [-127.5, 10, 0],
						"16.0": [-127.5, 10, 0],
						"18.0": [-90, 10, 0],
						"2.0": [-97.5, 10, 0],
						"4.0": [-90, 10, 0],
						"6.0": [-127.5, 10, 0]
					},
					"position": {
						"0.0": [0, 0, -2],
						"14.0": [0, -9, -2],
						"16.0": [0, -9, -2],
						"18.0": [0, 0, -2],
						"2.0": [0, -1, -2],
						"4.0": [0, 0, -2],
						"6.0": [0, -9, -2]
					}
				},
				"root": {
					"rotation": ["(math.cos(query.life_time * 100.0) * 0.200) + 0.200", 180, 0],
					"position": [1, -1, -3]
				},
				"rightArmA": {
					"rotation": [0, -10, 0],
					"position": [2, 0, 0]
				},
				"main": {
					"rotation": [90, 0, 20],
					"position": [-6.5, 17, -2],
					"scale": 0.15
				},
				"leftArmA": {
					"rotation": [-15, 44.5, 0],
					"position": [-6.5, -1, -11]
				},
				"rightArmUp": {
					"rotation": [0, 0, 12.5],
					"position": [0, 2, 0]
				},
				"firing_tube": {
					"position": {
						"10.0": [0, 0, 18],
						"12.0": [0, 0, 18],
						"14.0": [0, 0, 0],
						"6.0": [0, 0, 0],
						"8.0": [0, 0, 18]
					}
				}
			}
		},
		"animation.m3.third_person.draw": {
			"loop": "hold_on_last_frame",
			"animation_length": 10,
			"anim_time_update": "query.anim_time + query.delta_time * 20.0",
			"bones": {
				"root": {
					"rotation": [0, 0, 0]
				},
				"body": {
					"rotation": [0, 20, 0]
				},
				"rightArm": {
					"rotation": {
						"0.0": [0, 7.5, 0],
						"10.0": [-67.5, -35, 0],
						"2.0": [-22.5, -2, 0],
						"4.0": [-42.5, -25, 0],
						"6.0": [-67.5, -35, 0],
						"8.0": [-80, -35, 0]
					}
				},
				"rightArmDown": {
					"rotation": [-22.5, 0, 0]
				},
				"main": {
					"rotation": [62.5, 0, 0],
					"position": [-6.5, 17, -3],
					"scale": 0.1
				},
				"leftArm": {
					"rotation": {
						"0.0": [10, 0, 0],
						"10.0": [-82.5, 25, -10],
						"2.0": [-35, 2.5, 0],
						"4.0": [-35, 30, 0],
						"6.0": [-82.5, 25, -10],
						"8.0": [-97.5, 30, 0]
					},
					"position": {
						"0.0": [-1, 0, -1],
						"10.0": [-1, 0, -3],
						"6.0": [-1, 0, -3]
					}
				},
				"leftArmDown": {
					"rotation": [-15, 0, 0]
				}
			}
		},
		"animation.m3.third_person.holding": {
			"loop": true,
			"bones": {
				"root": {
					"rotation": [0, 0, 0]
				},
				"body": {
					"rotation": [0, 20, 0]
				},
				"rightArm": {
					"rotation": [-67.5, -35, 0]
				},
				"rightArmDown": {
					"rotation": [-27.5, 0, 0]
				},
				"leftArm": {
					"rotation": [-82.5, 25, -10],
					"position": [-1, 0, -3]
				},
				"leftArmDown": {
					"rotation": [-15, 0, 0]
				},
				"main": {
					"rotation": [62.5, 0, 0],
					"position": [-6.5, 17, -3],
					"scale": 0.1
				}
			}
		},
		"animation.m3.third_person.sprinting": {
			"loop": true,
			"bones": {
				"root": {
					"rotation": [0, 0, 0]
				},
				"body": {
					"rotation": [0, 20, 0]
				},
				"rightArm": {
					"rotation": [-67.5, -35, 0]
				},
				"rightArmDown": {
					"rotation": [-27.5, 0, 0]
				},
				"leftArm": {
					"rotation": [-82.5, 25, -10],
					"position": [-1, 0, -3]
				},
				"leftArmDown": {
					"rotation": [-15, 0, 0]
				},
				"main": {
					"rotation": [62.5, 0, 0],
					"position": [-6.5, 17, -3],
					"scale": 0.1
				},
				"rightArmA": {
					"rotation": [2.5, 0, 30]
				},
				"leftArmA": {
					"rotation": [17.5, 0, 0]
				}
			}
		},
		"animation.m3.third_person.reload": {
			"loop": "hold_on_last_frame",
			"animation_length": 46,
			"anim_time_update": "query.anim_time + query.delta_time * 7.0",
			"override_previous_animation": true,
			"bones": {
				"root": {
					"rotation": [0, 0, 0]
				},
				"body": {
					"rotation": [0, 20, 0]
				},
				"rightArm": {
					"rotation": {
						"0.0": [-67.5, -35, 0],
						"10.0": [-62.5, -35, -12.5],
						"12.0": [-65, -35, -12.5],
						"14.0": [-62.5, -35, -12.5],
						"16.0": [-65, -35, -12.5],
						"18.0": [-62.5, -35, -12.5],
						"2.0": [-62.5, -35, -12.5],
						"20.0": [-65, -35, -12.5],
						"22.0": [-62.5, -35, -12.5],
						"24.0": [-65, -35, -12.5],
						"26.0": [-62.5, -35, -12.5],
						"28.0": [-65, -35, -12.5],
						"30.0": [-62.5, -35, -12.5],
						"32.0": [-65, -35, -12.5],
						"34.0": [-65, -35, -12.5],
						"36.0": [-15, -27.5, 27.5],
						"4.0": [-65, -35, -12.5],
						"42.0": [-15, -27.5, 27.5],
						"44.0": [-67.5, -35, 0],
						"6.0": [-62.5, -35, -12.5],
						"8.0": [-65, -35, -12.5]
					}
				},
				"rightArmDown": {
					"rotation": {
						"0.0": [-27.5, 0, 0],
						"34.0": [-27.5, 0, 0],
						"36.0": [-40, 0, 0],
						"42.0": [-40, 0, 0],
						"44.0": [-27.5, 0, 0]
					}
				},
				"leftArm": {
					"rotation": {
						"0.0": [-82.5, 25, -10],
						"10.0": [-37.5, 20, -10],
						"12.0": [-82.5, 25, -10],
						"14.0": [-37.5, 20, -10],
						"16.0": [-82.5, 25, -10],
						"18.0": [-37.5, 20, -10],
						"2.0": [-37.5, 20, -10],
						"20.0": [-82.5, 25, -10],
						"22.0": [-37.5, 20, -10],
						"24.0": [-82.5, 25, -10],
						"26.0": [-37.5, 20, -10],
						"28.0": [-82.5, 25, -10],
						"30.0": [-37.5, 20, -10],
						"32.0": [-82.5, 25, -10],
						"34.0": [-90, 25, -22.5],
						"36.0": [-90, 25, -22.5],
						"38.0": [-90, 42.5, -30],
						"4.0": [-82.5, 25, -10],
						"40.0": [-90, 25, -22.5],
						"42.0": [-82.5, 25, -10],
						"6.0": [-37.5, 20, -10],
						"8.0": [-82.5, 25, -10]
					},
					"position": [-1, 0, -3]
				},
				"leftArmDown": {
					"rotation": [-15, 0, 0]
				},
				"main": {
					"rotation": {
						"0.0": [62.5, 0, 0],
						"34.0": [62.5, 0, 0],
						"36.0": [-32.5, 0, 0],
						"42.0": [-32.5, 0, 0],
						"44.0": [62.5, 0, 0]
					},
					"position": {
						"0.0": [-6.5, 17, -3],
						"2.0": [-6.5, 16, -3.5],
						"34.0": [-6.5, 16, -3.5],
						"36.0": [-6.5, 17, -3],
						"42.0": [-6.5, 17, -3],
						"44.0": [-6.5, 16, -3.5]
					},
					"scale": 0.1
				},
				"rightArmUp": {
					"rotation": {
						"34.0": [0, 0, 0],
						"36.0": [0, -30, 27.5],
						"42.0": [0, -30, 27.5],
						"44.0": [0, 0, 0]
					},
					"position": {
						"34.0": [0, 0, 0],
						"44.0": [0, 0, 0]
					}
				},
				"firing_tube": {
					"position": {
						"36.0": [0, 0, 0],
						"38.0": [0, 0, 18],
						"40.0": [0, 0, 0]
					}
				},
				"shell3": {
					"position": {
						"10.0": [0, -67, 0],
						"12.0": [0, 5, 0],
						"14.0": [0, -67, 0],
						"16.0": [0, 5, 0],
						"18.0": [0, -67, 0],
						"2.0": [0, -67, 0],
						"20.0": [0, 5, 0],
						"22.0": [0, -67, 0],
						"24.0": [0, 5, 0],
						"26.0": [0, -67, 0],
						"28.0": [0, 5, 0],
						"30.0": [0, -67, 0],
						"32.0": [0, 0, 0],
						"4.0": [0, 5, 0],
						"6.0": [0, -67, 0],
						"8.0": [0, 5, 0]
					},
					"scale": {
						"0.0": [0, 0, 0],
						"12.0": [1, 1, 1],
						"12.04": [0, 0, 0],
						"16.0": [1, 1, 1],
						"16.04": [0, 0, 0],
						"2.0": [1, 1, 1],
						"20.0": [1, 1, 1],
						"20.04": [0, 0, 0],
						"24.0": [1, 1, 1],
						"24.04": [0, 0, 0],
						"28.0": [1, 1, 1],
						"28.04": [0, 0, 0],
						"32.0": [1, 1, 1],
						"4.0": [1, 1, 1],
						"4.24": [0, 0, 0],
						"8.0": [1, 1, 1],
						"8.04": [0, 0, 0]
					}
				}
			}
		},
		"animation.m3.third_person.aim": {
			"loop": true,
			"bones": {
				"root": {
					"rotation": [0, 0, 0]
				},
				"body": {
					"rotation": [0, 20, 0]
				},
				"rightArm": {
					"rotation": [-75, -27.5, 27.5]
				},
				"rightArmDown": {
					"rotation": [-27.5, 0, 0]
				},
				"leftArm": {
					"rotation": [-80, 25, -10],
					"position": [-1, 0, -3]
				},
				"leftArmDown": {
					"rotation": [-15, 0, 0]
				},
				"main": {
					"rotation": [62.5, 0, 0],
					"position": [-6.5, 17, -3],
					"scale": 0.1
				},
				"head": {
					"rotation": [15, -12.5, -12.5]
				}
			}
		},
		"animation.m3.third_person.aim_fire": {
			"loop": "hold_on_last_frame",
			"animation_length": 18,
			"anim_time_update": "query.anim_time + query.delta_time * 15.0",
			"bones": {
				"root": {
					"rotation": [0, 0, 0]
				},
				"body": {
					"rotation": [0, 20, 0]
				},
				"rightArm": {
					"rotation": {
						"0.0": [-75, -27.5, 27.5],
						"16.0": [-15, -27.5, 27.5],
						"18.0": [-75, -27.5, 27.5],
						"2.0": [-82.5, -27.5, 27.5],
						"4.0": [-75, -27.5, 27.5],
						"6.0": [-15, -27.5, 27.5]
					}
				},
				"rightArmDown": {
					"rotation": {
						"0.0": [-27.5, 0, 0],
						"16.0": [-40, 0, 0],
						"18.0": [-27.5, 0, 0],
						"4.0": [-27.5, 0, 0],
						"6.0": [-40, 0, 0]
					}
				},
				"leftArm": {
					"rotation": {
						"0.0": [-80, 25, -10],
						"10.0": [-90, 42.5, -30],
						"12.0": [-90, 42.5, -30],
						"14.0": [-90, 25, -22.5],
						"16.0": [-90, 25, -22.5],
						"18.0": [-80, 25, -10],
						"2.0": [-87.5, 25, -10],
						"4.0": [-80, 25, -10],
						"6.0": [-90, 25, -22.5],
						"8.0": [-90, 42.5, -30]
					},
					"position": [-1, 0, -3]
				},
				"leftArmDown": {
					"rotation": [-15, 0, 0]
				},
				"main": {
					"rotation": {
						"0.0": [62.5, 0, 0],
						"16.0": [-32.5, 0, 0],
						"18.0": [62.5, 0, 0],
						"4.0": [62.5, 0, 0],
						"6.0": [-32.5, 0, 0]
					},
					"position": {
						"0.0": [-6.5, 17, -3],
						"16.0": [-6.5, 17, -3],
						"18.0": [-6.5, 17, -3]
					},
					"scale": 0.1
				},
				"head": {
					"rotation": [15, -12.5, -12.5]
				},
				"rightArmUp": {
					"rotation": {
						"16.0": [0, -30, 27.5],
						"18.0": [0, 0, 0],
						"4.0": [0, 0, 0],
						"6.0": [0, -30, 27.5]
					},
					"position": [0, 0, 0]
				},
				"firing_tube": {
					"position": {
						"10.0": [0, 0, 18],
						"12.0": [0, 0, 18],
						"14.0": [0, 0, 0],
						"6.0": [0, 0, 0],
						"8.0": [0, 0, 18]
					}
				}
			}
		},
		"animation.m3.third_person.fire": {
			"loop": "hold_on_last_frame",
			"animation_length": 18,
			"anim_time_update": "query.anim_time + query.delta_time * 15.0",
			"bones": {
				"root": {
					"rotation": [0, 0, 0]
				},
				"body": {
					"rotation": [0, 20, 0]
				},
				"rightArm": {
					"rotation": {
						"0.0": [-67.5, -35, 0],
						"16.0": [-15, -27.5, 27.5],
						"18.0": [-67.5, -35, 0],
						"2.0": [-75, -35, 0],
						"4.0": [-67.5, -35, 0],
						"6.0": [-15, -27.5, 27.5]
					}
				},
				"rightArmDown": {
					"rotation": {
						"0.0": [-27.5, 0, 0],
						"16.0": [-40, 0, 0],
						"18.0": [-27.5, 0, 0],
						"4.0": [-27.5, 0, 0],
						"6.0": [-40, 0, 0]
					}
				},
				"leftArm": {
					"rotation": {
						"0.0": [-82.5, 25, -10],
						"10.0": [-90, 42.5, -30],
						"12.0": [-90, 42.5, -30],
						"14.0": [-90, 25, -22.5],
						"16.0": [-90, 25, -22.5],
						"18.0": [-82.5, 25, -10],
						"2.0": [-95, 25, -10],
						"4.0": [-82.5, 25, -10],
						"6.0": [-90, 25, -22.5],
						"8.0": [-90, 42.5, -30]
					},
					"position": {
						"0.0": [-1, 0, -3],
						"18.0": [-1, 0, -3]
					}
				},
				"leftArmDown": {
					"rotation": [-15, 0, 0]
				},
				"main": {
					"rotation": {
						"0.0": [62.5, 0, 0],
						"16.0": [-32.5, 0, 0],
						"18.0": [62.5, 0, 0],
						"4.0": [62.5, 0, 0],
						"6.0": [-32.5, 0, 0]
					},
					"position": {
						"0.0": [-6.5, 17, -3],
						"16.0": [-6.5, 17, -3],
						"18.0": [-6.5, 17, -3]
					},
					"scale": 0.1
				},
				"rightArmUp": {
					"rotation": {
						"16.0": [0, -30, 27.5],
						"18.0": [0, 0, 0],
						"4.0": [0, 0, 0],
						"6.0": [0, -30, 27.5]
					},
					"position": [0, 0, 0]
				},
				"firing_tube": {
					"position": {
						"10.0": [0, 0, 18],
						"12.0": [0, 0, 18],
						"14.0": [0, 0, 0],
						"6.0": [0, 0, 0],
						"8.0": [0, 0, 18]
					}
				}
			}
		}
	}
}