{
	"format_version": "1.14.0",
	"sound_definitions": {
		// Misc
		"empty_gun": {
			"min_distance": 999999,
			"category": "music",
			"sounds": [
				{
					"name": "sounds/empty_gun",
					"load_on_low_memory": true
				}
			]
		},
		// AWP
		"awp_fire": {
			"min_distance": 9999999,
			"category": "music",
			"sounds": [
				{
					"name": "sounds/awp/awp_fire",
					"load_on_low_memory": true
				}
			]
		},
		"awp_boltback": {
			"min_distance": 10,
			"category": "music",
			"sounds": [
				{
					"name": "sounds/awp/awp_boltback",
					"load_on_low_memory": true
				}
			]
		},
		"awp_boltbackr": {
			"min_distance": 10,
			"category": "music",
			"sounds": [
				{
					"name": "sounds/awp/awp_boltbackr",
					"load_on_low_memory": true
				}
			]
		},
		"awp_magin": {
			"min_distance": 10,
			"category": "music",
			"sounds": [
				{
					"name": "sounds/awp/awp_clipin",
					"load_on_low_memory": true
				}
			]
		},
		"awp_magout": {
			"min_distance": 10,
			"category": "music",
			"sounds": [
				{
					"name": "sounds/awp/awp_clipout",
					"load_on_low_memory": true
				}
			]
		},

		// P90
		"p90_fire": {
			"min_distance": 9999999,
			"category": "music",
			"sounds": [
				{
					"name": "sounds/p90/p90_fire",
					"load_on_low_memory": true
				}
			]
		},
		"p90_boltback": {
			"min_distance": 10,
			"category": "music",
			"sounds": [
				{
					"name": "sounds/p90/p90_boltback",
					"load_on_low_memory": true
				}
			]
		},
		"p90_boltforward": {
			"min_distance": 10,
			"category": "music",
			"sounds": [
				{
					"name": "sounds/p90/p90_boltforward",
					"load_on_low_memory": true
				}
			]
		},
		"p90_magin": {
			"min_distance": 10,
			"category": "music",
			"sounds": [
				{
					"name": "sounds/p90/p90_clipin",
					"load_on_low_memory": true
				}
			]
		},
		"p90_magout": {
			"min_distance": 10,
			"category": "music",
			"sounds": [
				{
					"name": "sounds/p90/p90_clipout",
					"load_on_low_memory": true
				}
			]
		},

		// Barrett
		"barrett_fire": {
			"min_distance": 9999999,
			"category": "music",
			"sounds": [
				{
					"name": "sounds/barrett/barrett_fire",
					"load_on_low_memory": true
				}
			]
		},
		"barrett_magin": {
			"min_distance": 10,
			"category": "music",
			"sounds": [
				{
					"name": "sounds/barrett/barrett_magin",
					"load_on_low_memory": true
				}
			]
		},
		"barrett_magout": {
			"min_distance": 10,
			"category": "music",
			"sounds": [
				{
					"name": "sounds/barrett/barrett_magout",
					"load_on_low_memory": true
				}
			]
		},
		"barrett_pullback": {
			"min_distance": 10,
			"category": "music",
			"sounds": [
				{
					"name": "sounds/barrett/barrett_pullback",
					"load_on_low_memory": true
				}
			]
		},
		"barrett_pullforward": {
			"min_distance": 10,
			"category": "music",
			"sounds": [
				{
					"name": "sounds/barrett/barrett_pullforward",
					"load_on_low_memory": true
				}
			]
		},

		// Taurus
		"taurus_fire": {
			"min_distance": 9999999,
			"category": "music",
			"sounds": [
				{
					"name": "sounds/tauruspt92/taurus_fire",
					"load_on_low_memory": true
				}
			]
		},
		"taurus_slide": {
			"min_distance": 10,
			"category": "music",
			"sounds": [
				{
					"name": "sounds/tauruspt92/taurus_slide",
					"load_on_low_memory": true
				}
			]
		},
		"taurus_magin": {
			"min_distance": 10,
			"category": "music",
			"sounds": [
				{
					"name": "sounds/tauruspt92/taurus_clipin",
					"load_on_low_memory": true
				}
			]
		},
		"taurus_magout": {
			"min_distance": 10,
			"category": "music",
			"sounds": [
				{
					"name": "sounds/tauruspt92/taurus_clipout",
					"load_on_low_memory": true
				}
			]
		},

		// M3
		"m3_fire": {
			"min_distance": 9999999,
			"category": "music",
			"sounds": [
				{
					"name": "sounds/m3/m3_fire",
					"load_on_low_memory": true
				}
			]
		},
		"m3_magout": {
			"min_distance": 10,
			"category": "music",
			"sounds": [
				{
					"name": "sounds/m3/m3_pump",
					"load_on_low_memory": true
				}
			]
		},
		"m3_magin": {
			"min_distance": 10,
			"category": "music",
			"sounds": [
				{
					"name": "sounds/m3/m3_insertshell",
					"load_on_low_memory": true
				}
			]
		},

		// MP5
		"mp5_fire": {
			"min_distance": 9999999,
			"category": "music",
			"sounds": [
				{
					"name": "sounds/mp5/mp5_shoot",
					"load_on_low_memory": true
				}
			]
		},
		"mp5_magin": {
			"min_distance": 10,
			"category": "music",
			"sounds": [
				{
					"name": "sounds/mp5/mp5_magin",
					"load_on_low_memory": true
				}
			]
		},
		"mp5_magout": {
			"min_distance": 10,
			"category": "music",
			"sounds": [
				{
					"name": "sounds/mp5/mp5_magout",
					"load_on_low_memory": true
				}
			]
		},
		"mp5_boltpull": {
			"min_distance": 10,
			"category": "music",
			"sounds": [
				{
					"name": "sounds/mp5/mp5_boltpull",
					"load_on_low_memory": true
				}
			]
		},
		"mp5_boltslap": {
			"min_distance": 10,
			"category": "music",
			"sounds": [
				{
					"name": "sounds/mp5/mp5_boltslap",
					"load_on_low_memory": true
				}
			]
		},

		// AKM
		"akm_fire": {
			"min_distance": 9999999,
			"category": "music",
			"sounds": [
				{
					"name": "sounds/akm/akm_fire",
					"load_on_low_memory": true
				}
			]
		},
		"akm_magin": {
			"min_distance": 10,
			"category": "music",
			"sounds": [
				{
					"name": "sounds/akm/akm_magin",
					"load_on_low_memory": true
				}
			]
		},
		"akm_magout": {
			"min_distance": 10,
			"category": "music",
			"sounds": [
				{
					"name": "sounds/akm/akm_magout",
					"load_on_low_memory": true
				}
			]
		},
		"akm_boltpull": {
			"min_distance": 10,
			"category": "music",
			"sounds": [
				{
					"name": "sounds/akm/akm_boltpull",
					"load_on_low_memory": true
				}
			]
		},

		// M249
		"m249_fire": {
			"min_distance": 9999999,
			"category": "music",
			"sounds": [
				{
					"name": "sounds/m249/m249_fire",
					"load_on_low_memory": true
				}
			]
		},
		"m249_chain": {
			"min_distance": 10,
			"category": "music",
			"sounds": [
				{
					"name": "sounds/m249/m249_chain",
					"load_on_low_memory": true
				}
			]
		},
		"m249_magin": {
			"min_distance": 10,
			"category": "music",
			"sounds": [
				{
					"name": "sounds/m249/m249_boxin",
					"load_on_low_memory": true
				}
			]
		},
		"m249_magout": {
			"min_distance": 10,
			"category": "music",
			"sounds": [
				{
					"name": "sounds/m249/m249_boxout",
					"load_on_low_memory": true
				}
			]
		},
		"m249_coverup": {
			"min_distance": 10,
			"category": "music",
			"sounds": [
				{
					"name": "sounds/m249/m249_coverup",
					"load_on_low_memory": true
				}
			]
		},
		"m249_coverdown": {
			"min_distance": 10,
			"category": "music",
			"sounds": [
				{
					"name": "sounds/m249/m249_coverdown",
					"load_on_low_memory": true
				}
			]
		},
		"m249_pump": {
			"min_distance": 10,
			"category": "music",
			"sounds": [
				{
					"name": "sounds/m249/m249_pump",
					"load_on_low_memory": true
				}
			]
		},

		// mk18
		"mk18_fire": {
			"min_distance": 9999999,
			"category": "music",
			"sounds": [
				{
					"name": "sounds/mk18/mk18_fire",
					"load_on_low_memory": true
				}
			]
		},
		"mk18_boltrelease": {
			"min_distance": 10,
			"category": "music",
			"sounds": [
				{
					"name": "sounds/mk18/mk18_boltrelease",
					"load_on_low_memory": true
				}
			]
		},
		"mk18_magin": {
			"min_distance": 10,
			"category": "music",
			"sounds": [
				{
					"name": "sounds/mk18/mk18_clipin",
					"load_on_low_memory": true
				}
			]
		},
		"mk18_magout": {
			"min_distance": 10,
			"category": "music",
			"sounds": [
				{
					"name": "sounds/mk18/mk18_clipout",
					"load_on_low_memory": true
				}
			]
		}
	}
}